file,creativeId,angle,angleName,desire,layout,palette,typeset,format,width,height,placements,headline,subhead,eyebrow,cta
"LF1_CLEAN_LABEL_badgeGrid_bone_0365_191x1.png","0365","CLEAN_LABEL","Clean label","Support the GLP-1 journey","badgeGrid","bone","humanist","191x1","1200","628","facebook_right_column,audience_network","No mystery blends in the marketing.","Everything on the label, nothing behind it.","Non-GMO · Vegetarian","Get LF-1"
"LF1_CLEAN_LABEL_badgeGrid_clinical_0368_191x1.png","0368","CLEAN_LABEL","Clean label","Support the GLP-1 journey","badgeGrid","clinical","condensed","191x1","1200","628","facebook_right_column,audience_network","Certified eight ways.","Manufactured in the USA. Sold under EU labelling standards.","Read the label","See the formula"
"LF1_CLEAN_LABEL_badgeGrid_clinical_0368_1x1.png","0368","CLEAN_LABEL","Clean label","Support the GLP-1 journey","badgeGrid","clinical","condensed","1x1","1080","1080","facebook_feed,instagram_feed","Certified eight ways.","Manufactured in the USA. Sold under EU labelling standards.","Read the label","See the formula"
"LF1_CLEAN_LABEL_badgeGrid_clinical_0368_4x5.png","0368","CLEAN_LABEL","Clean label","Support the GLP-1 journey","badgeGrid","clinical","condensed","4x5","1080","1350","facebook_feed,instagram_feed","Certified eight ways.","Manufactured in the USA. Sold under EU labelling standards.","Read the label","See the formula"
"LF1_CLEAN_LABEL_badgeGrid_clinical_0368_9x16.png","0368","CLEAN_LABEL","Clean label","Support the GLP-1 journey","badgeGrid","clinical","condensed","9x16","1080","1920","instagram_story,facebook_story,instagram_reels","Certified eight ways.","Manufactured in the USA. Sold under EU labelling standards.","Read the label","See the formula"
"LF1_CLEAN_LABEL_badgeGrid_mint_0370_191x1.png","0370","CLEAN_LABEL","Clean label","Support the GLP-1 journey","badgeGrid","mint","grotesk","191x1","1200","628","facebook_right_column,audience_network","For people who turn the bottle around.","60 vegetarian capsules. Two daily.","Non-GMO · Vegetarian","Start with one month"
"LF1_CLEAN_LABEL_badgeGrid_mint_0370_1x1.png","0370","CLEAN_LABEL","Clean label","Support the GLP-1 journey","badgeGrid","mint","grotesk","1x1","1080","1080","facebook_feed,instagram_feed","For people who turn the bottle around.","60 vegetarian capsules. Two daily.","Non-GMO · Vegetarian","Start with one month"
"LF1_CLEAN_LABEL_badgeGrid_mint_0370_4x5.png","0370","CLEAN_LABEL","Clean label","Support the GLP-1 journey","badgeGrid","mint","grotesk","4x5","1080","1350","facebook_feed,instagram_feed","For people who turn the bottle around.","60 vegetarian capsules. Two daily.","Non-GMO · Vegetarian","Start with one month"
"LF1_CLEAN_LABEL_badgeGrid_mint_0370_9x16.png","0370","CLEAN_LABEL","Clean label","Support the GLP-1 journey","badgeGrid","mint","grotesk","9x16","1080","1920","instagram_story,facebook_story,instagram_reels","For people who turn the bottle around.","60 vegetarian capsules. Two daily.","Non-GMO · Vegetarian","Start with one month"
"LF1_CLEAN_LABEL_badgeGrid_mint_0380_191x1.png","0380","CLEAN_LABEL","Clean label","Support the GLP-1 journey","badgeGrid","mint","grotesk","191x1","1200","628","facebook_right_column,audience_network","Turn the bottle around. We’ll wait.","Manufactured in the USA. Sold under EU labelling standards.","Eight things it isn’t","See what’s in it"
"LF1_CLEAN_LABEL_bigType_clay_0384_191x1.png","0384","CLEAN_LABEL","Clean label","Support the GLP-1 journey","bigType","clay","editorial","191x1","1200","628","facebook_right_column,audience_network","Nothing you have to look up.","Everything on the label, nothing behind it.","Plainly labelled","Get LF-1"
"LF1_CLEAN_LABEL_bigType_clay_0384_1x1.png","0384","CLEAN_LABEL","Clean label","Support the GLP-1 journey","bigType","clay","editorial","1x1","1080","1080","facebook_feed,instagram_feed","Nothing you have to look up.","Everything on the label, nothing behind it.","Plainly labelled","Get LF-1"
"LF1_CLEAN_LABEL_bigType_clay_0384_4x5.png","0384","CLEAN_LABEL","Clean label","Support the GLP-1 journey","bigType","clay","editorial","4x5","1080","1350","facebook_feed,instagram_feed","Nothing you have to look up.","Everything on the label, nothing behind it.","Plainly labelled","Get LF-1"
"LF1_CLEAN_LABEL_bigType_clay_0384_9x16.png","0384","CLEAN_LABEL","Clean label","Support the GLP-1 journey","bigType","clay","editorial","9x16","1080","1920","instagram_story,facebook_story,instagram_reels","Nothing you have to look up.","Everything on the label, nothing behind it.","Plainly labelled","Get LF-1"
"LF1_CLEAN_LABEL_bigType_ink_0358_191x1.png","0358","CLEAN_LABEL","Clean label","Support the GLP-1 journey","bigType","ink","grotesk","191x1","1200","628","facebook_right_column,audience_network","Gluten-free. Lactose-free. Allergen-free.","Non-GMO, gluten-free, lactose-free, allergen-free, antibiotic-free, hormone-free, alcohol-free, vegetarian.","Plainly labelled","See what’s in it"
"LF1_CLEAN_LABEL_boxFrame_clay_0374_191x1.png","0374","CLEAN_LABEL","Clean label","Support the GLP-1 journey","boxFrame","clay","editorial","191x1","1200","628","facebook_right_column,audience_network","Clean enough to explain in a sentence.","60 vegetarian capsules. Two daily.","Read the label","Start with one month"
"LF1_CLEAN_LABEL_boxFrame_clay_0374_1x1.png","0374","CLEAN_LABEL","Clean label","Support the GLP-1 journey","boxFrame","clay","editorial","1x1","1080","1080","facebook_feed,instagram_feed","Clean enough to explain in a sentence.","60 vegetarian capsules. Two daily.","Read the label","Start with one month"
"LF1_CLEAN_LABEL_boxFrame_clay_0374_4x5.png","0374","CLEAN_LABEL","Clean label","Support the GLP-1 journey","boxFrame","clay","editorial","4x5","1080","1350","facebook_feed,instagram_feed","Clean enough to explain in a sentence.","60 vegetarian capsules. Two daily.","Read the label","Start with one month"
"LF1_CLEAN_LABEL_boxFrame_clay_0374_9x16.png","0374","CLEAN_LABEL","Clean label","Support the GLP-1 journey","boxFrame","clay","editorial","9x16","1080","1920","instagram_story,facebook_story,instagram_reels","Clean enough to explain in a sentence.","60 vegetarian capsules. Two daily.","Read the label","Start with one month"
"LF1_CLEAN_LABEL_boxFrame_clinical_0369_191x1.png","0369","CLEAN_LABEL","Clean label","Support the GLP-1 journey","boxFrame","clinical","impact","191x1","1200","628","facebook_right_column,audience_network","Honest labelling, European standards.","Non-GMO, gluten-free, lactose-free, allergen-free, antibiotic-free, hormone-free, alcohol-free, vegetarian.","Plainly labelled","Explore LF-1"
"LF1_CLEAN_LABEL_boxFrame_clinical_0369_1x1.png","0369","CLEAN_LABEL","Clean label","Support the GLP-1 journey","boxFrame","clinical","impact","1x1","1080","1080","facebook_feed,instagram_feed","Honest labelling, European standards.","Non-GMO, gluten-free, lactose-free, allergen-free, antibiotic-free, hormone-free, alcohol-free, vegetarian.","Plainly labelled","Explore LF-1"
"LF1_CLEAN_LABEL_boxFrame_clinical_0369_4x5.png","0369","CLEAN_LABEL","Clean label","Support the GLP-1 journey","boxFrame","clinical","impact","4x5","1080","1350","facebook_feed,instagram_feed","Honest labelling, European standards.","Non-GMO, gluten-free, lactose-free, allergen-free, antibiotic-free, hormone-free, alcohol-free, vegetarian.","Plainly labelled","Explore LF-1"
"LF1_CLEAN_LABEL_boxFrame_clinical_0369_9x16.png","0369","CLEAN_LABEL","Clean label","Support the GLP-1 journey","boxFrame","clinical","impact","9x16","1080","1920","instagram_story,facebook_story,instagram_reels","Honest labelling, European standards.","Non-GMO, gluten-free, lactose-free, allergen-free, antibiotic-free, hormone-free, alcohol-free, vegetarian.","Plainly labelled","Explore LF-1"
"LF1_CLEAN_LABEL_boxFrame_forest_0385_191x1.png","0385","CLEAN_LABEL","Clean label","Support the GLP-1 journey","boxFrame","forest","editorial","191x1","1200","628","facebook_right_column,audience_network","A label you can read in one breath.","Manufactured in the USA. Sold under EU labelling standards.","Eight things it isn’t","Shop now"
"LF1_CLEAN_LABEL_boxFrame_forest_0385_1x1.png","0385","CLEAN_LABEL","Clean label","Support the GLP-1 journey","boxFrame","forest","editorial","1x1","1080","1080","facebook_feed,instagram_feed","A label you can read in one breath.","Manufactured in the USA. Sold under EU labelling standards.","Eight things it isn’t","Shop now"
"LF1_CLEAN_LABEL_boxFrame_forest_0385_4x5.png","0385","CLEAN_LABEL","Clean label","Support the GLP-1 journey","boxFrame","forest","editorial","4x5","1080","1350","facebook_feed,instagram_feed","A label you can read in one breath.","Manufactured in the USA. Sold under EU labelling standards.","Eight things it isn’t","Shop now"
"LF1_CLEAN_LABEL_boxFrame_forest_0385_9x16.png","0385","CLEAN_LABEL","Clean label","Support the GLP-1 journey","boxFrame","forest","editorial","9x16","1080","1920","instagram_story,facebook_story,instagram_reels","A label you can read in one breath.","Manufactured in the USA. Sold under EU labelling standards.","Eight things it isn’t","Shop now"
"LF1_CLEAN_LABEL_boxFrame_mint_0351_191x1.png","0351","CLEAN_LABEL","Clean label","Support the GLP-1 journey","boxFrame","mint","grotesk","191x1","1200","628","facebook_right_column,audience_network","Eight things LF-1 isn’t.","Everything on the label, nothing behind it.","Non-GMO · Vegetarian","View LF-1"
"LF1_CLEAN_LABEL_boxFrame_mint_0351_1x1.png","0351","CLEAN_LABEL","Clean label","Support the GLP-1 journey","boxFrame","mint","grotesk","1x1","1080","1080","facebook_feed,instagram_feed","Eight things LF-1 isn’t.","Everything on the label, nothing behind it.","Non-GMO · Vegetarian","View LF-1"
"LF1_CLEAN_LABEL_boxFrame_mint_0351_4x5.png","0351","CLEAN_LABEL","Clean label","Support the GLP-1 journey","boxFrame","mint","grotesk","4x5","1080","1350","facebook_feed,instagram_feed","Eight things LF-1 isn’t.","Everything on the label, nothing behind it.","Non-GMO · Vegetarian","View LF-1"
"LF1_CLEAN_LABEL_boxFrame_mint_0351_9x16.png","0351","CLEAN_LABEL","Clean label","Support the GLP-1 journey","boxFrame","mint","grotesk","9x16","1080","1920","instagram_story,facebook_story,instagram_reels","Eight things LF-1 isn’t.","Everything on the label, nothing behind it.","Non-GMO · Vegetarian","View LF-1"
"LF1_CLEAN_LABEL_boxFrame_mint_0376_191x1.png","0376","CLEAN_LABEL","Clean label","Support the GLP-1 journey","boxFrame","mint","grotesk","191x1","1200","628","facebook_right_column,audience_network","A supplement that survives a label check.","Non-GMO, gluten-free, lactose-free, allergen-free, antibiotic-free, hormone-free, alcohol-free, vegetarian.","Non-GMO · Vegetarian","Shop LF-1"
"LF1_CLEAN_LABEL_boxFrame_mint_0376_1x1.png","0376","CLEAN_LABEL","Clean label","Support the GLP-1 journey","boxFrame","mint","grotesk","1x1","1080","1080","facebook_feed,instagram_feed","A supplement that survives a label check.","Non-GMO, gluten-free, lactose-free, allergen-free, antibiotic-free, hormone-free, alcohol-free, vegetarian.","Non-GMO · Vegetarian","Shop LF-1"
"LF1_CLEAN_LABEL_boxFrame_mint_0376_4x5.png","0376","CLEAN_LABEL","Clean label","Support the GLP-1 journey","boxFrame","mint","grotesk","4x5","1080","1350","facebook_feed,instagram_feed","A supplement that survives a label check.","Non-GMO, gluten-free, lactose-free, allergen-free, antibiotic-free, hormone-free, alcohol-free, vegetarian.","Non-GMO · Vegetarian","Shop LF-1"
"LF1_CLEAN_LABEL_boxFrame_mint_0376_9x16.png","0376","CLEAN_LABEL","Clean label","Support the GLP-1 journey","boxFrame","mint","grotesk","9x16","1080","1920","instagram_story,facebook_story,instagram_reels","A supplement that survives a label check.","Non-GMO, gluten-free, lactose-free, allergen-free, antibiotic-free, hormone-free, alcohol-free, vegetarian.","Non-GMO · Vegetarian","Shop LF-1"
"LF1_CLEAN_LABEL_boxFrame_mint_0379_191x1.png","0379","CLEAN_LABEL","Clean label","Support the GLP-1 journey","boxFrame","mint","humanist","191x1","1200","628","facebook_right_column,audience_network","Simple label. Specific purpose.","Manufactured in the USA. Sold under EU labelling standards.","Non-GMO · Vegetarian","Read the label"
"LF1_CLEAN_LABEL_boxFrame_mint_0379_1x1.png","0379","CLEAN_LABEL","Clean label","Support the GLP-1 journey","boxFrame","mint","humanist","1x1","1080","1080","facebook_feed,instagram_feed","Simple label. Specific purpose.","Manufactured in the USA. Sold under EU labelling standards.","Non-GMO · Vegetarian","Read the label"
"LF1_CLEAN_LABEL_boxFrame_mint_0379_4x5.png","0379","CLEAN_LABEL","Clean label","Support the GLP-1 journey","boxFrame","mint","humanist","4x5","1080","1350","facebook_feed,instagram_feed","Simple label. Specific purpose.","Manufactured in the USA. Sold under EU labelling standards.","Non-GMO · Vegetarian","Read the label"
"LF1_CLEAN_LABEL_boxFrame_mint_0379_9x16.png","0379","CLEAN_LABEL","Clean label","Support the GLP-1 journey","boxFrame","mint","humanist","9x16","1080","1920","instagram_story,facebook_story,instagram_reels","Simple label. Specific purpose.","Manufactured in the USA. Sold under EU labelling standards.","Non-GMO · Vegetarian","Read the label"
"LF1_CLEAN_LABEL_boxFrame_sage_0361_191x1.png","0361","CLEAN_LABEL","Clean label","Support the GLP-1 journey","boxFrame","sage","humanist","191x1","1200","628","facebook_right_column,audience_network","What’s not in it matters too.","Manufactured in the USA. Sold under EU labelling standards.","Non-GMO · Vegetarian","Get LF-1"
"LF1_CLEAN_LABEL_boxFrame_sage_0361_1x1.png","0361","CLEAN_LABEL","Clean label","Support the GLP-1 journey","boxFrame","sage","humanist","1x1","1080","1080","facebook_feed,instagram_feed","What’s not in it matters too.","Manufactured in the USA. Sold under EU labelling standards.","Non-GMO · Vegetarian","Get LF-1"
"LF1_CLEAN_LABEL_boxFrame_sage_0361_4x5.png","0361","CLEAN_LABEL","Clean label","Support the GLP-1 journey","boxFrame","sage","humanist","4x5","1080","1350","facebook_feed,instagram_feed","What’s not in it matters too.","Manufactured in the USA. Sold under EU labelling standards.","Non-GMO · Vegetarian","Get LF-1"
"LF1_CLEAN_LABEL_boxFrame_sage_0361_9x16.png","0361","CLEAN_LABEL","Clean label","Support the GLP-1 journey","boxFrame","sage","humanist","9x16","1080","1920","instagram_story,facebook_story,instagram_reels","What’s not in it matters too.","Manufactured in the USA. Sold under EU labelling standards.","Non-GMO · Vegetarian","Get LF-1"
"LF1_CLEAN_LABEL_checklist_bone_0365_1x1.png","0365","CLEAN_LABEL","Clean label","Support the GLP-1 journey","checklist","bone","humanist","1x1","1080","1080","facebook_feed,instagram_feed","No mystery blends in the marketing.","Everything on the label, nothing behind it.","Non-GMO · Vegetarian","Get LF-1"
"LF1_CLEAN_LABEL_checklist_bone_0365_4x5.png","0365","CLEAN_LABEL","Clean label","Support the GLP-1 journey","checklist","bone","humanist","4x5","1080","1350","facebook_feed,instagram_feed","No mystery blends in the marketing.","Everything on the label, nothing behind it.","Non-GMO · Vegetarian","Get LF-1"
"LF1_CLEAN_LABEL_checklist_bone_0365_9x16.png","0365","CLEAN_LABEL","Clean label","Support the GLP-1 journey","checklist","bone","humanist","9x16","1080","1920","instagram_story,facebook_story,instagram_reels","No mystery blends in the marketing.","Everything on the label, nothing behind it.","Non-GMO · Vegetarian","Get LF-1"
"LF1_CLEAN_LABEL_checklist_mint_0380_1x1.png","0380","CLEAN_LABEL","Clean label","Support the GLP-1 journey","checklist","mint","grotesk","1x1","1080","1080","facebook_feed,instagram_feed","Turn the bottle around. We’ll wait.","Manufactured in the USA. Sold under EU labelling standards.","Eight things it isn’t","See what’s in it"
"LF1_CLEAN_LABEL_checklist_mint_0380_4x5.png","0380","CLEAN_LABEL","Clean label","Support the GLP-1 journey","checklist","mint","grotesk","4x5","1080","1350","facebook_feed,instagram_feed","Turn the bottle around. We’ll wait.","Manufactured in the USA. Sold under EU labelling standards.","Eight things it isn’t","See what’s in it"
"LF1_CLEAN_LABEL_checklist_mint_0380_9x16.png","0380","CLEAN_LABEL","Clean label","Support the GLP-1 journey","checklist","mint","grotesk","9x16","1080","1920","instagram_story,facebook_story,instagram_reels","Turn the bottle around. We’ll wait.","Manufactured in the USA. Sold under EU labelling standards.","Eight things it isn’t","See what’s in it"
"LF1_CLEAN_LABEL_indexCard_clay_0382_191x1.png","0382","CLEAN_LABEL","Clean label","Support the GLP-1 journey","indexCard","clay","editorial","191x1","1200","628","facebook_right_column,audience_network","Read the label. That’s the pitch.","Manufactured in the USA. Sold under EU labelling standards.","Non-GMO · Vegetarian","Shop now"
"LF1_CLEAN_LABEL_indexCard_sand_0373_191x1.png","0373","CLEAN_LABEL","Clean label","Support the GLP-1 journey","indexCard","sand","editorial","191x1","1200","628","facebook_right_column,audience_network","Nothing to squint at.","Everything on the label, nothing behind it.","Plainly labelled","Learn more"
"LF1_CLEAN_LABEL_labelPanel_bone_0363_1x1.png","0363","CLEAN_LABEL","Clean label","Support the GLP-1 journey","labelPanel","bone","humanist","1x1","1080","1080","facebook_feed,instagram_feed","Transparent by default.","Everything on the label, nothing behind it.","Non-GMO · Vegetarian","Read the label"
"LF1_CLEAN_LABEL_labelPanel_bone_0363_4x5.png","0363","CLEAN_LABEL","Clean label","Support the GLP-1 journey","labelPanel","bone","humanist","4x5","1080","1350","facebook_feed,instagram_feed","Transparent by default.","Everything on the label, nothing behind it.","Non-GMO · Vegetarian","Read the label"
"LF1_CLEAN_LABEL_labelPanel_bone_0363_9x16.png","0363","CLEAN_LABEL","Clean label","Support the GLP-1 journey","labelPanel","bone","humanist","9x16","1080","1920","instagram_story,facebook_story,instagram_reels","Transparent by default.","Everything on the label, nothing behind it.","Non-GMO · Vegetarian","Read the label"
"LF1_CLEAN_LABEL_labelPanel_clay_0354_1x1.png","0354","CLEAN_LABEL","Clean label","Support the GLP-1 journey","labelPanel","clay","editorial","1x1","1080","1080","facebook_feed,instagram_feed","Nothing you have to look up.","Manufactured in the USA. Sold under EU labelling standards.","Eight things it isn’t","Explore LF-1"
"LF1_CLEAN_LABEL_labelPanel_clay_0354_4x5.png","0354","CLEAN_LABEL","Clean label","Support the GLP-1 journey","labelPanel","clay","editorial","4x5","1080","1350","facebook_feed,instagram_feed","Nothing you have to look up.","Manufactured in the USA. Sold under EU labelling standards.","Eight things it isn’t","Explore LF-1"
"LF1_CLEAN_LABEL_labelPanel_clay_0354_9x16.png","0354","CLEAN_LABEL","Clean label","Support the GLP-1 journey","labelPanel","clay","editorial","9x16","1080","1920","instagram_story,facebook_story,instagram_reels","Nothing you have to look up.","Manufactured in the USA. Sold under EU labelling standards.","Eight things it isn’t","Explore LF-1"
"LF1_CLEAN_LABEL_labelPanel_clay_0378_1x1.png","0378","CLEAN_LABEL","Clean label","Support the GLP-1 journey","labelPanel","clay","luxe","1x1","1080","1080","facebook_feed,instagram_feed","No hormones, no antibiotics, no shortcuts.","Non-GMO, gluten-free, lactose-free, allergen-free, antibiotic-free, hormone-free, alcohol-free, vegetarian.","Read the label","Start with one month"
"LF1_CLEAN_LABEL_labelPanel_clay_0378_4x5.png","0378","CLEAN_LABEL","Clean label","Support the GLP-1 journey","labelPanel","clay","luxe","4x5","1080","1350","facebook_feed,instagram_feed","No hormones, no antibiotics, no shortcuts.","Non-GMO, gluten-free, lactose-free, allergen-free, antibiotic-free, hormone-free, alcohol-free, vegetarian.","Read the label","Start with one month"
"LF1_CLEAN_LABEL_labelPanel_clay_0378_9x16.png","0378","CLEAN_LABEL","Clean label","Support the GLP-1 journey","labelPanel","clay","luxe","9x16","1080","1920","instagram_story,facebook_story,instagram_reels","No hormones, no antibiotics, no shortcuts.","Non-GMO, gluten-free, lactose-free, allergen-free, antibiotic-free, hormone-free, alcohol-free, vegetarian.","Read the label","Start with one month"
"LF1_CLEAN_LABEL_labelPanel_sand_0357_1x1.png","0357","CLEAN_LABEL","Clean label","Support the GLP-1 journey","labelPanel","sand","luxe","1x1","1080","1080","facebook_feed,instagram_feed","Vegetarian capsules, plainly labelled.","60 vegetarian capsules. Two daily.","Non-GMO · Vegetarian","Explore LF-1"
"LF1_CLEAN_LABEL_labelPanel_sand_0357_4x5.png","0357","CLEAN_LABEL","Clean label","Support the GLP-1 journey","labelPanel","sand","luxe","4x5","1080","1350","facebook_feed,instagram_feed","Vegetarian capsules, plainly labelled.","60 vegetarian capsules. Two daily.","Non-GMO · Vegetarian","Explore LF-1"
"LF1_CLEAN_LABEL_labelPanel_sand_0357_9x16.png","0357","CLEAN_LABEL","Clean label","Support the GLP-1 journey","labelPanel","sand","luxe","9x16","1080","1920","instagram_story,facebook_story,instagram_reels","Vegetarian capsules, plainly labelled.","60 vegetarian capsules. Two daily.","Non-GMO · Vegetarian","Explore LF-1"
"LF1_CLEAN_LABEL_labelPanel_sand_0383_1x1.png","0383","CLEAN_LABEL","Clean label","Support the GLP-1 journey","labelPanel","sand","editorial","1x1","1080","1080","facebook_feed,instagram_feed","Non-GMO. Vegetarian. Allergen-free.","Manufactured in the USA. Sold under EU labelling standards.","Non-GMO · Vegetarian","Start with one month"
"LF1_CLEAN_LABEL_labelPanel_sand_0383_4x5.png","0383","CLEAN_LABEL","Clean label","Support the GLP-1 journey","labelPanel","sand","editorial","4x5","1080","1350","facebook_feed,instagram_feed","Non-GMO. Vegetarian. Allergen-free.","Manufactured in the USA. Sold under EU labelling standards.","Non-GMO · Vegetarian","Start with one month"
"LF1_CLEAN_LABEL_labelPanel_sand_0383_9x16.png","0383","CLEAN_LABEL","Clean label","Support the GLP-1 journey","labelPanel","sand","editorial","9x16","1080","1920","instagram_story,facebook_story,instagram_reels","Non-GMO. Vegetarian. Allergen-free.","Manufactured in the USA. Sold under EU labelling standards.","Non-GMO · Vegetarian","Start with one month"
"LF1_CLEAN_LABEL_marquee_clay_0356_1x1.png","0356","CLEAN_LABEL","Clean label","Support the GLP-1 journey","marquee","clay","editorial","1x1","1080","1080","facebook_feed,instagram_feed","No hormones. No antibiotics. No alcohol.","Everything on the label, nothing behind it.","Plainly labelled","Shop now"
"LF1_CLEAN_LABEL_marquee_clay_0356_4x5.png","0356","CLEAN_LABEL","Clean label","Support the GLP-1 journey","marquee","clay","editorial","4x5","1080","1350","facebook_feed,instagram_feed","No hormones. No antibiotics. No alcohol.","Everything on the label, nothing behind it.","Plainly labelled","Shop now"
"LF1_CLEAN_LABEL_marquee_clay_0356_9x16.png","0356","CLEAN_LABEL","Clean label","Support the GLP-1 journey","marquee","clay","editorial","9x16","1080","1920","instagram_story,facebook_story,instagram_reels","No hormones. No antibiotics. No alcohol.","Everything on the label, nothing behind it.","Plainly labelled","Shop now"
"LF1_CLEAN_LABEL_marquee_forest_0375_1x1.png","0375","CLEAN_LABEL","Clean label","Support the GLP-1 journey","marquee","forest","impact","1x1","1080","1080","facebook_feed,instagram_feed","Free from eight things you’d rather avoid.","Everything on the label, nothing behind it.","Plainly labelled","Get LF-1"
"LF1_CLEAN_LABEL_marquee_forest_0375_4x5.png","0375","CLEAN_LABEL","Clean label","Support the GLP-1 journey","marquee","forest","impact","4x5","1080","1350","facebook_feed,instagram_feed","Free from eight things you’d rather avoid.","Everything on the label, nothing behind it.","Plainly labelled","Get LF-1"
"LF1_CLEAN_LABEL_marquee_forest_0375_9x16.png","0375","CLEAN_LABEL","Clean label","Support the GLP-1 journey","marquee","forest","impact","9x16","1080","1920","instagram_story,facebook_story,instagram_reels","Free from eight things you’d rather avoid.","Everything on the label, nothing behind it.","Plainly labelled","Get LF-1"
"LF1_CLEAN_LABEL_marquee_sage_0366_1x1.png","0366","CLEAN_LABEL","Clean label","Support the GLP-1 journey","marquee","sage","grotesk","1x1","1080","1080","facebook_feed,instagram_feed","Plain label. Plain language.","60 vegetarian capsules. Two daily.","Non-GMO · Vegetarian","Shop LF-1"
"LF1_CLEAN_LABEL_marquee_sage_0366_4x5.png","0366","CLEAN_LABEL","Clean label","Support the GLP-1 journey","marquee","sage","grotesk","4x5","1080","1350","facebook_feed,instagram_feed","Plain label. Plain language.","60 vegetarian capsules. Two daily.","Non-GMO · Vegetarian","Shop LF-1"
"LF1_CLEAN_LABEL_marquee_sage_0366_9x16.png","0366","CLEAN_LABEL","Clean label","Support the GLP-1 journey","marquee","sage","grotesk","9x16","1080","1920","instagram_story,facebook_story,instagram_reels","Plain label. Plain language.","60 vegetarian capsules. Two daily.","Non-GMO · Vegetarian","Shop LF-1"
"LF1_CLEAN_LABEL_marquee_sand_0355_1x1.png","0355","CLEAN_LABEL","Clean label","Support the GLP-1 journey","marquee","sand","luxe","1x1","1080","1080","facebook_feed,instagram_feed","A label you can read in one breath.","60 vegetarian capsules. Two daily.","Non-GMO · Vegetarian","Read the label"
"LF1_CLEAN_LABEL_marquee_sand_0355_4x5.png","0355","CLEAN_LABEL","Clean label","Support the GLP-1 journey","marquee","sand","luxe","4x5","1080","1350","facebook_feed,instagram_feed","A label you can read in one breath.","60 vegetarian capsules. Two daily.","Non-GMO · Vegetarian","Read the label"
"LF1_CLEAN_LABEL_marquee_sand_0355_9x16.png","0355","CLEAN_LABEL","Clean label","Support the GLP-1 journey","marquee","sand","luxe","9x16","1080","1920","instagram_story,facebook_story,instagram_reels","A label you can read in one breath.","60 vegetarian capsules. Two daily.","Non-GMO · Vegetarian","Read the label"
"LF1_CLEAN_LABEL_marquee_sand_0372_1x1.png","0372","CLEAN_LABEL","Clean label","Support the GLP-1 journey","marquee","sand","editorial","1x1","1080","1080","facebook_feed,instagram_feed","The bottle says what it is.","Everything on the label, nothing behind it.","Plainly labelled","Read the label"
"LF1_CLEAN_LABEL_marquee_sand_0372_4x5.png","0372","CLEAN_LABEL","Clean label","Support the GLP-1 journey","marquee","sand","editorial","4x5","1080","1350","facebook_feed,instagram_feed","The bottle says what it is.","Everything on the label, nothing behind it.","Plainly labelled","Read the label"
"LF1_CLEAN_LABEL_marquee_sand_0372_9x16.png","0372","CLEAN_LABEL","Clean label","Support the GLP-1 journey","marquee","sand","editorial","9x16","1080","1920","instagram_story,facebook_story,instagram_reels","The bottle says what it is.","Everything on the label, nothing behind it.","Plainly labelled","Read the label"
"LF1_CLEAN_LABEL_mythFact_mint_0362_191x1.png","0362","CLEAN_LABEL","Clean label","Support the GLP-1 journey","mythFact","mint","grotesk","191x1","1200","628","facebook_right_column,audience_network","Eight certifications. One capsule.","Everything on the label, nothing behind it.","Plainly labelled","Explore LF-1"
"LF1_CLEAN_LABEL_mythFact_mint_0362_1x1.png","0362","CLEAN_LABEL","Clean label","Support the GLP-1 journey","mythFact","mint","grotesk","1x1","1080","1080","facebook_feed,instagram_feed","Eight certifications. One capsule.","Everything on the label, nothing behind it.","Plainly labelled","Explore LF-1"
"LF1_CLEAN_LABEL_mythFact_mint_0362_4x5.png","0362","CLEAN_LABEL","Clean label","Support the GLP-1 journey","mythFact","mint","grotesk","4x5","1080","1350","facebook_feed,instagram_feed","Eight certifications. One capsule.","Everything on the label, nothing behind it.","Plainly labelled","Explore LF-1"
"LF1_CLEAN_LABEL_mythFact_mint_0362_9x16.png","0362","CLEAN_LABEL","Clean label","Support the GLP-1 journey","mythFact","mint","grotesk","9x16","1080","1920","instagram_story,facebook_story,instagram_reels","Eight certifications. One capsule.","Everything on the label, nothing behind it.","Plainly labelled","Explore LF-1"
"LF1_CLEAN_LABEL_notesApp_clay_0382_1x1.png","0382","CLEAN_LABEL","Clean label","Support the GLP-1 journey","notesApp","clay","editorial","1x1","1080","1080","facebook_feed,instagram_feed","Read the label. That’s the pitch.","Manufactured in the USA. Sold under EU labelling standards.","Non-GMO · Vegetarian","Shop now"
"LF1_CLEAN_LABEL_notesApp_clay_0382_4x5.png","0382","CLEAN_LABEL","Clean label","Support the GLP-1 journey","notesApp","clay","editorial","4x5","1080","1350","facebook_feed,instagram_feed","Read the label. That’s the pitch.","Manufactured in the USA. Sold under EU labelling standards.","Non-GMO · Vegetarian","Shop now"
"LF1_CLEAN_LABEL_notesApp_clay_0382_9x16.png","0382","CLEAN_LABEL","Clean label","Support the GLP-1 journey","notesApp","clay","editorial","9x16","1080","1920","instagram_story,facebook_story,instagram_reels","Read the label. That’s the pitch.","Manufactured in the USA. Sold under EU labelling standards.","Non-GMO · Vegetarian","Shop now"
"LF1_CLEAN_LABEL_notesApp_sand_0373_1x1.png","0373","CLEAN_LABEL","Clean label","Support the GLP-1 journey","notesApp","sand","editorial","1x1","1080","1080","facebook_feed,instagram_feed","Nothing to squint at.","Everything on the label, nothing behind it.","Plainly labelled","Learn more"
"LF1_CLEAN_LABEL_notesApp_sand_0373_4x5.png","0373","CLEAN_LABEL","Clean label","Support the GLP-1 journey","notesApp","sand","editorial","4x5","1080","1350","facebook_feed,instagram_feed","Nothing to squint at.","Everything on the label, nothing behind it.","Plainly labelled","Learn more"
"LF1_CLEAN_LABEL_notesApp_sand_0373_9x16.png","0373","CLEAN_LABEL","Clean label","Support the GLP-1 journey","notesApp","sand","editorial","9x16","1080","1920","instagram_story,facebook_story,instagram_reels","Nothing to squint at.","Everything on the label, nothing behind it.","Plainly labelled","Learn more"
"LF1_CLEAN_LABEL_productSlot_mint_0367_191x1.png","0367","CLEAN_LABEL","Clean label","Support the GLP-1 journey","productSlot","mint","humanist","191x1","1200","628","facebook_right_column,audience_network","Made without the usual suspects.","Non-GMO, gluten-free, lactose-free, allergen-free, antibiotic-free, hormone-free, alcohol-free, vegetarian.","Eight things it isn’t","Shop LF-1"
"LF1_CLEAN_LABEL_productSlot_mint_0367_1x1.png","0367","CLEAN_LABEL","Clean label","Support the GLP-1 journey","productSlot","mint","humanist","1x1","1080","1080","facebook_feed,instagram_feed","Made without the usual suspects.","Non-GMO, gluten-free, lactose-free, allergen-free, antibiotic-free, hormone-free, alcohol-free, vegetarian.","Eight things it isn’t","Shop LF-1"
"LF1_CLEAN_LABEL_productSlot_mint_0367_4x5.png","0367","CLEAN_LABEL","Clean label","Support the GLP-1 journey","productSlot","mint","humanist","4x5","1080","1350","facebook_feed,instagram_feed","Made without the usual suspects.","Non-GMO, gluten-free, lactose-free, allergen-free, antibiotic-free, hormone-free, alcohol-free, vegetarian.","Eight things it isn’t","Shop LF-1"
"LF1_CLEAN_LABEL_productSlot_mint_0367_9x16.png","0367","CLEAN_LABEL","Clean label","Support the GLP-1 journey","productSlot","mint","humanist","9x16","1080","1920","instagram_story,facebook_story,instagram_reels","Made without the usual suspects.","Non-GMO, gluten-free, lactose-free, allergen-free, antibiotic-free, hormone-free, alcohol-free, vegetarian.","Eight things it isn’t","Shop LF-1"
"LF1_CLEAN_LABEL_quoteCard_bone_0352_191x1.png","0352","CLEAN_LABEL","Clean label","Support the GLP-1 journey","quoteCard","bone","editorial","191x1","1200","628","facebook_right_column,audience_network","Read the label. That’s the pitch.","Manufactured in the USA. Sold under EU labelling standards.","Non-GMO · Vegetarian","See what’s in it"
"LF1_CLEAN_LABEL_quoteCard_bone_0352_1x1.png","0352","CLEAN_LABEL","Clean label","Support the GLP-1 journey","quoteCard","bone","editorial","1x1","1080","1080","facebook_feed,instagram_feed","Read the label. That’s the pitch.","Manufactured in the USA. Sold under EU labelling standards.","Non-GMO · Vegetarian","See what’s in it"
"LF1_CLEAN_LABEL_quoteCard_bone_0352_4x5.png","0352","CLEAN_LABEL","Clean label","Support the GLP-1 journey","quoteCard","bone","editorial","4x5","1080","1350","facebook_feed,instagram_feed","Read the label. That’s the pitch.","Manufactured in the USA. Sold under EU labelling standards.","Non-GMO · Vegetarian","See what’s in it"
"LF1_CLEAN_LABEL_quoteCard_bone_0352_9x16.png","0352","CLEAN_LABEL","Clean label","Support the GLP-1 journey","quoteCard","bone","editorial","9x16","1080","1920","instagram_story,facebook_story,instagram_reels","Read the label. That’s the pitch.","Manufactured in the USA. Sold under EU labelling standards.","Non-GMO · Vegetarian","See what’s in it"
"LF1_CLEAN_LABEL_quoteCard_forest_0381_191x1.png","0381","CLEAN_LABEL","Clean label","Support the GLP-1 journey","quoteCard","forest","luxe","191x1","1200","628","facebook_right_column,audience_network","Eight things LF-1 isn’t.","60 vegetarian capsules. Two daily.","Plainly labelled","Start with one month"
"LF1_CLEAN_LABEL_quoteCard_forest_0381_1x1.png","0381","CLEAN_LABEL","Clean label","Support the GLP-1 journey","quoteCard","forest","luxe","1x1","1080","1080","facebook_feed,instagram_feed","Eight things LF-1 isn’t.","60 vegetarian capsules. Two daily.","Plainly labelled","Start with one month"
"LF1_CLEAN_LABEL_quoteCard_forest_0381_4x5.png","0381","CLEAN_LABEL","Clean label","Support the GLP-1 journey","quoteCard","forest","luxe","4x5","1080","1350","facebook_feed,instagram_feed","Eight things LF-1 isn’t.","60 vegetarian capsules. Two daily.","Plainly labelled","Start with one month"
"LF1_CLEAN_LABEL_quoteCard_forest_0381_9x16.png","0381","CLEAN_LABEL","Clean label","Support the GLP-1 journey","quoteCard","forest","luxe","9x16","1080","1920","instagram_story,facebook_story,instagram_reels","Eight things LF-1 isn’t.","60 vegetarian capsules. Two daily.","Plainly labelled","Start with one month"
"LF1_CLEAN_LABEL_quoteCard_mint_0353_191x1.png","0353","CLEAN_LABEL","Clean label","Support the GLP-1 journey","quoteCard","mint","grotesk","191x1","1200","628","facebook_right_column,audience_network","Non-GMO. Vegetarian. Allergen-free.","Non-GMO, gluten-free, lactose-free, allergen-free, antibiotic-free, hormone-free, alcohol-free, vegetarian.","Non-GMO · Vegetarian","See the formula"
"LF1_CLEAN_LABEL_quoteCard_mint_0353_1x1.png","0353","CLEAN_LABEL","Clean label","Support the GLP-1 journey","quoteCard","mint","grotesk","1x1","1080","1080","facebook_feed,instagram_feed","Non-GMO. Vegetarian. Allergen-free.","Non-GMO, gluten-free, lactose-free, allergen-free, antibiotic-free, hormone-free, alcohol-free, vegetarian.","Non-GMO · Vegetarian","See the formula"
"LF1_CLEAN_LABEL_quoteCard_mint_0353_4x5.png","0353","CLEAN_LABEL","Clean label","Support the GLP-1 journey","quoteCard","mint","grotesk","4x5","1080","1350","facebook_feed,instagram_feed","Non-GMO. Vegetarian. Allergen-free.","Non-GMO, gluten-free, lactose-free, allergen-free, antibiotic-free, hormone-free, alcohol-free, vegetarian.","Non-GMO · Vegetarian","See the formula"
"LF1_CLEAN_LABEL_quoteCard_mint_0353_9x16.png","0353","CLEAN_LABEL","Clean label","Support the GLP-1 journey","quoteCard","mint","grotesk","9x16","1080","1920","instagram_story,facebook_story,instagram_reels","Non-GMO. Vegetarian. Allergen-free.","Non-GMO, gluten-free, lactose-free, allergen-free, antibiotic-free, hormone-free, alcohol-free, vegetarian.","Non-GMO · Vegetarian","See the formula"
"LF1_CLEAN_LABEL_ruleStack_bone_0363_191x1.png","0363","CLEAN_LABEL","Clean label","Support the GLP-1 journey","ruleStack","bone","humanist","191x1","1200","628","facebook_right_column,audience_network","Transparent by default.","Everything on the label, nothing behind it.","Non-GMO · Vegetarian","Read the label"
"LF1_CLEAN_LABEL_ruleStack_clay_0354_191x1.png","0354","CLEAN_LABEL","Clean label","Support the GLP-1 journey","ruleStack","clay","editorial","191x1","1200","628","facebook_right_column,audience_network","Nothing you have to look up.","Manufactured in the USA. Sold under EU labelling standards.","Eight things it isn’t","Explore LF-1"
"LF1_CLEAN_LABEL_ruleStack_clay_0378_191x1.png","0378","CLEAN_LABEL","Clean label","Support the GLP-1 journey","ruleStack","clay","luxe","191x1","1200","628","facebook_right_column,audience_network","No hormones, no antibiotics, no shortcuts.","Non-GMO, gluten-free, lactose-free, allergen-free, antibiotic-free, hormone-free, alcohol-free, vegetarian.","Read the label","Start with one month"
"LF1_CLEAN_LABEL_ruleStack_forest_0360_191x1.png","0360","CLEAN_LABEL","Clean label","Support the GLP-1 journey","ruleStack","forest","editorial","191x1","1200","628","facebook_right_column,audience_network","Clean label isn’t a claim. It’s a list.","Non-GMO, gluten-free, lactose-free, allergen-free, antibiotic-free, hormone-free, alcohol-free, vegetarian.","Plainly labelled","Shop now"
"LF1_CLEAN_LABEL_ruleStack_forest_0360_1x1.png","0360","CLEAN_LABEL","Clean label","Support the GLP-1 journey","ruleStack","forest","editorial","1x1","1080","1080","facebook_feed,instagram_feed","Clean label isn’t a claim. It’s a list.","Non-GMO, gluten-free, lactose-free, allergen-free, antibiotic-free, hormone-free, alcohol-free, vegetarian.","Plainly labelled","Shop now"
"LF1_CLEAN_LABEL_ruleStack_forest_0360_4x5.png","0360","CLEAN_LABEL","Clean label","Support the GLP-1 journey","ruleStack","forest","editorial","4x5","1080","1350","facebook_feed,instagram_feed","Clean label isn’t a claim. It’s a list.","Non-GMO, gluten-free, lactose-free, allergen-free, antibiotic-free, hormone-free, alcohol-free, vegetarian.","Plainly labelled","Shop now"
"LF1_CLEAN_LABEL_ruleStack_forest_0360_9x16.png","0360","CLEAN_LABEL","Clean label","Support the GLP-1 journey","ruleStack","forest","editorial","9x16","1080","1920","instagram_story,facebook_story,instagram_reels","Clean label isn’t a claim. It’s a list.","Non-GMO, gluten-free, lactose-free, allergen-free, antibiotic-free, hormone-free, alcohol-free, vegetarian.","Plainly labelled","Shop now"
"LF1_CLEAN_LABEL_ruleStack_ink_0364_191x1.png","0364","CLEAN_LABEL","Clean label","Support the GLP-1 journey","ruleStack","ink","condensed","191x1","1200","628","facebook_right_column,audience_network","If you read labels, read this one.","Everything on the label, nothing behind it.","Read the label","Read the label"
"LF1_CLEAN_LABEL_ruleStack_ink_0364_1x1.png","0364","CLEAN_LABEL","Clean label","Support the GLP-1 journey","ruleStack","ink","condensed","1x1","1080","1080","facebook_feed,instagram_feed","If you read labels, read this one.","Everything on the label, nothing behind it.","Read the label","Read the label"
"LF1_CLEAN_LABEL_ruleStack_ink_0364_4x5.png","0364","CLEAN_LABEL","Clean label","Support the GLP-1 journey","ruleStack","ink","condensed","4x5","1080","1350","facebook_feed,instagram_feed","If you read labels, read this one.","Everything on the label, nothing behind it.","Read the label","Read the label"
"LF1_CLEAN_LABEL_ruleStack_ink_0364_9x16.png","0364","CLEAN_LABEL","Clean label","Support the GLP-1 journey","ruleStack","ink","condensed","9x16","1080","1920","instagram_story,facebook_story,instagram_reels","If you read labels, read this one.","Everything on the label, nothing behind it.","Read the label","Read the label"
"LF1_CLEAN_LABEL_ruleStack_sage_0359_191x1.png","0359","CLEAN_LABEL","Clean label","Support the GLP-1 journey","ruleStack","sage","humanist","191x1","1200","628","facebook_right_column,audience_network","The short ingredient list is the point.","60 vegetarian capsules. Two daily.","Plainly labelled","See the formula"
"LF1_CLEAN_LABEL_ruleStack_sage_0359_1x1.png","0359","CLEAN_LABEL","Clean label","Support the GLP-1 journey","ruleStack","sage","humanist","1x1","1080","1080","facebook_feed,instagram_feed","The short ingredient list is the point.","60 vegetarian capsules. Two daily.","Plainly labelled","See the formula"
"LF1_CLEAN_LABEL_ruleStack_sage_0359_4x5.png","0359","CLEAN_LABEL","Clean label","Support the GLP-1 journey","ruleStack","sage","humanist","4x5","1080","1350","facebook_feed,instagram_feed","The short ingredient list is the point.","60 vegetarian capsules. Two daily.","Plainly labelled","See the formula"
"LF1_CLEAN_LABEL_ruleStack_sage_0359_9x16.png","0359","CLEAN_LABEL","Clean label","Support the GLP-1 journey","ruleStack","sage","humanist","9x16","1080","1920","instagram_story,facebook_story,instagram_reels","The short ingredient list is the point.","60 vegetarian capsules. Two daily.","Plainly labelled","See the formula"
"LF1_CLEAN_LABEL_ruleStack_sand_0357_191x1.png","0357","CLEAN_LABEL","Clean label","Support the GLP-1 journey","ruleStack","sand","luxe","191x1","1200","628","facebook_right_column,audience_network","Vegetarian capsules, plainly labelled.","60 vegetarian capsules. Two daily.","Non-GMO · Vegetarian","Explore LF-1"
"LF1_CLEAN_LABEL_ruleStack_sand_0383_191x1.png","0383","CLEAN_LABEL","Clean label","Support the GLP-1 journey","ruleStack","sand","editorial","191x1","1200","628","facebook_right_column,audience_network","Non-GMO. Vegetarian. Allergen-free.","Manufactured in the USA. Sold under EU labelling standards.","Non-GMO · Vegetarian","Start with one month"
"LF1_CLEAN_LABEL_searchBar_ink_0358_1x1.png","0358","CLEAN_LABEL","Clean label","Support the GLP-1 journey","searchBar","ink","grotesk","1x1","1080","1080","facebook_feed,instagram_feed","Gluten-free. Lactose-free. Allergen-free.","Non-GMO, gluten-free, lactose-free, allergen-free, antibiotic-free, hormone-free, alcohol-free, vegetarian.","Plainly labelled","See what’s in it"
"LF1_CLEAN_LABEL_searchBar_ink_0358_4x5.png","0358","CLEAN_LABEL","Clean label","Support the GLP-1 journey","searchBar","ink","grotesk","4x5","1080","1350","facebook_feed,instagram_feed","Gluten-free. Lactose-free. Allergen-free.","Non-GMO, gluten-free, lactose-free, allergen-free, antibiotic-free, hormone-free, alcohol-free, vegetarian.","Plainly labelled","See what’s in it"
"LF1_CLEAN_LABEL_searchBar_ink_0358_9x16.png","0358","CLEAN_LABEL","Clean label","Support the GLP-1 journey","searchBar","ink","grotesk","9x16","1080","1920","instagram_story,facebook_story,instagram_reels","Gluten-free. Lactose-free. Allergen-free.","Non-GMO, gluten-free, lactose-free, allergen-free, antibiotic-free, hormone-free, alcohol-free, vegetarian.","Plainly labelled","See what’s in it"
"LF1_CLEAN_LABEL_splitPanel_clay_0356_191x1.png","0356","CLEAN_LABEL","Clean label","Support the GLP-1 journey","splitPanel","clay","editorial","191x1","1200","628","facebook_right_column,audience_network","No hormones. No antibiotics. No alcohol.","Everything on the label, nothing behind it.","Plainly labelled","Shop now"
"LF1_CLEAN_LABEL_splitPanel_forest_0375_191x1.png","0375","CLEAN_LABEL","Clean label","Support the GLP-1 journey","splitPanel","forest","impact","191x1","1200","628","facebook_right_column,audience_network","Free from eight things you’d rather avoid.","Everything on the label, nothing behind it.","Plainly labelled","Get LF-1"
"LF1_CLEAN_LABEL_splitPanel_sage_0366_191x1.png","0366","CLEAN_LABEL","Clean label","Support the GLP-1 journey","splitPanel","sage","grotesk","191x1","1200","628","facebook_right_column,audience_network","Plain label. Plain language.","60 vegetarian capsules. Two daily.","Non-GMO · Vegetarian","Shop LF-1"
"LF1_CLEAN_LABEL_splitPanel_sand_0355_191x1.png","0355","CLEAN_LABEL","Clean label","Support the GLP-1 journey","splitPanel","sand","luxe","191x1","1200","628","facebook_right_column,audience_network","A label you can read in one breath.","60 vegetarian capsules. Two daily.","Non-GMO · Vegetarian","Read the label"
"LF1_CLEAN_LABEL_splitPanel_sand_0372_191x1.png","0372","CLEAN_LABEL","Clean label","Support the GLP-1 journey","splitPanel","sand","editorial","191x1","1200","628","facebook_right_column,audience_network","The bottle says what it is.","Everything on the label, nothing behind it.","Plainly labelled","Read the label"
"LF1_CLEAN_LABEL_statBlock_mint_0371_191x1.png","0371","CLEAN_LABEL","Clean label","Support the GLP-1 journey","statBlock","mint","grotesk","191x1","1200","628","facebook_right_column,audience_network","Vegetarian. Non-GMO. Nothing hidden.","Everything on the label, nothing behind it.","Plainly labelled","Learn more"
"LF1_CLEAN_LABEL_statBlock_mint_0371_1x1.png","0371","CLEAN_LABEL","Clean label","Support the GLP-1 journey","statBlock","mint","grotesk","1x1","1080","1080","facebook_feed,instagram_feed","Vegetarian. Non-GMO. Nothing hidden.","Everything on the label, nothing behind it.","Plainly labelled","Learn more"
"LF1_CLEAN_LABEL_statBlock_mint_0371_4x5.png","0371","CLEAN_LABEL","Clean label","Support the GLP-1 journey","statBlock","mint","grotesk","4x5","1080","1350","facebook_feed,instagram_feed","Vegetarian. Non-GMO. Nothing hidden.","Everything on the label, nothing behind it.","Plainly labelled","Learn more"
"LF1_CLEAN_LABEL_statBlock_mint_0371_9x16.png","0371","CLEAN_LABEL","Clean label","Support the GLP-1 journey","statBlock","mint","grotesk","9x16","1080","1920","instagram_story,facebook_story,instagram_reels","Vegetarian. Non-GMO. Nothing hidden.","Everything on the label, nothing behind it.","Plainly labelled","Learn more"
"LF1_CLEAN_LABEL_statBlock_sand_0377_191x1.png","0377","CLEAN_LABEL","Clean label","Support the GLP-1 journey","statBlock","sand","editorial","191x1","1200","628","facebook_right_column,audience_network","Made in the USA. Labelled for the EU.","Manufactured in the USA. Sold under EU labelling standards.","Non-GMO · Vegetarian","See what’s in it"
"LF1_CLEAN_LABEL_statBlock_sand_0377_1x1.png","0377","CLEAN_LABEL","Clean label","Support the GLP-1 journey","statBlock","sand","editorial","1x1","1080","1080","facebook_feed,instagram_feed","Made in the USA. Labelled for the EU.","Manufactured in the USA. Sold under EU labelling standards.","Non-GMO · Vegetarian","See what’s in it"
"LF1_CLEAN_LABEL_statBlock_sand_0377_4x5.png","0377","CLEAN_LABEL","Clean label","Support the GLP-1 journey","statBlock","sand","editorial","4x5","1080","1350","facebook_feed,instagram_feed","Made in the USA. Labelled for the EU.","Manufactured in the USA. Sold under EU labelling standards.","Non-GMO · Vegetarian","See what’s in it"
"LF1_CLEAN_LABEL_statBlock_sand_0377_9x16.png","0377","CLEAN_LABEL","Clean label","Support the GLP-1 journey","statBlock","sand","editorial","9x16","1080","1920","instagram_story,facebook_story,instagram_reels","Made in the USA. Labelled for the EU.","Manufactured in the USA. Sold under EU labelling standards.","Non-GMO · Vegetarian","See what’s in it"
"LF1_COMPANION_bigType_clay_0215_191x1.png","0215","COMPANION","The companion","Support the GLP-1 journey","bigType","clay","luxe","191x1","1200","628","facebook_right_column,audience_network","The daily companion to a weekly routine.","The companion half of a two-part routine.","Companion capsule","Get LF-1"
"LF1_COMPANION_bigType_clay_0215_1x1.png","0215","COMPANION","The companion","Support the GLP-1 journey","bigType","clay","luxe","1x1","1080","1080","facebook_feed,instagram_feed","The daily companion to a weekly routine.","The companion half of a two-part routine.","Companion capsule","Get LF-1"
"LF1_COMPANION_bigType_clay_0215_4x5.png","0215","COMPANION","The companion","Support the GLP-1 journey","bigType","clay","luxe","4x5","1080","1350","facebook_feed,instagram_feed","The daily companion to a weekly routine.","The companion half of a two-part routine.","Companion capsule","Get LF-1"
"LF1_COMPANION_bigType_clay_0215_9x16.png","0215","COMPANION","The companion","Support the GLP-1 journey","bigType","clay","luxe","9x16","1080","1920","instagram_story,facebook_story,instagram_reels","The daily companion to a weekly routine.","The companion half of a two-part routine.","Companion capsule","Get LF-1"
"LF1_COMPANION_bigType_clay_0219_191x1.png","0219","COMPANION","The companion","Support the GLP-1 journey","bigType","clay","luxe","191x1","1200","628","facebook_right_column,audience_network","Alongside your GLP-1, every morning.","Designed to complement a prescribed GLP-1, never to substitute for one.","The other half","Explore LF-1"
"LF1_COMPANION_bigType_clay_0219_1x1.png","0219","COMPANION","The companion","Support the GLP-1 journey","bigType","clay","luxe","1x1","1080","1080","facebook_feed,instagram_feed","Alongside your GLP-1, every morning.","Designed to complement a prescribed GLP-1, never to substitute for one.","The other half","Explore LF-1"
"LF1_COMPANION_bigType_clay_0219_4x5.png","0219","COMPANION","The companion","Support the GLP-1 journey","bigType","clay","luxe","4x5","1080","1350","facebook_feed,instagram_feed","Alongside your GLP-1, every morning.","Designed to complement a prescribed GLP-1, never to substitute for one.","The other half","Explore LF-1"
"LF1_COMPANION_bigType_clay_0219_9x16.png","0219","COMPANION","The companion","Support the GLP-1 journey","bigType","clay","luxe","9x16","1080","1920","instagram_story,facebook_story,instagram_reels","Alongside your GLP-1, every morning.","Designed to complement a prescribed GLP-1, never to substitute for one.","The other half","Explore LF-1"
"LF1_COMPANION_bigType_clay_0248_191x1.png","0248","COMPANION","The companion","Support the GLP-1 journey","bigType","clay","luxe","191x1","1200","628","facebook_right_column,audience_network","Support that knows its role.","60 capsules. One month. One simple job.","The other half","Explore LF-1"
"LF1_COMPANION_bigType_clay_0248_1x1.png","0248","COMPANION","The companion","Support the GLP-1 journey","bigType","clay","luxe","1x1","1080","1080","facebook_feed,instagram_feed","Support that knows its role.","60 capsules. One month. One simple job.","The other half","Explore LF-1"
"LF1_COMPANION_bigType_clay_0248_4x5.png","0248","COMPANION","The companion","Support the GLP-1 journey","bigType","clay","luxe","4x5","1080","1350","facebook_feed,instagram_feed","Support that knows its role.","60 capsules. One month. One simple job.","The other half","Explore LF-1"
"LF1_COMPANION_bigType_clay_0248_9x16.png","0248","COMPANION","The companion","Support the GLP-1 journey","bigType","clay","luxe","9x16","1080","1920","instagram_story,facebook_story,instagram_reels","Support that knows its role.","60 capsules. One month. One simple job.","The other half","Explore LF-1"
"LF1_COMPANION_bigType_forest_0213_191x1.png","0213","COMPANION","The companion","Support the GLP-1 journey","bigType","forest","luxe","191x1","1200","628","facebook_right_column,audience_network","Two things in your routine. One works on the gut.","60 capsules. One month. One simple job.","Built to sit alongside","Shop LF-1"
"LF1_COMPANION_bigType_forest_0213_1x1.png","0213","COMPANION","The companion","Support the GLP-1 journey","bigType","forest","luxe","1x1","1080","1080","facebook_feed,instagram_feed","Two things in your routine. One works on the gut.","60 capsules. One month. One simple job.","Built to sit alongside","Shop LF-1"
"LF1_COMPANION_bigType_forest_0213_4x5.png","0213","COMPANION","The companion","Support the GLP-1 journey","bigType","forest","luxe","4x5","1080","1350","facebook_feed,instagram_feed","Two things in your routine. One works on the gut.","60 capsules. One month. One simple job.","Built to sit alongside","Shop LF-1"
"LF1_COMPANION_bigType_forest_0213_9x16.png","0213","COMPANION","The companion","Support the GLP-1 journey","bigType","forest","luxe","9x16","1080","1920","instagram_story,facebook_story,instagram_reels","Two things in your routine. One works on the gut.","60 capsules. One month. One simple job.","Built to sit alongside","Shop LF-1"
"LF1_COMPANION_bigType_ink_0225_191x1.png","0225","COMPANION","The companion","Support the GLP-1 journey","bigType","ink","condensed","191x1","1200","628","facebook_right_column,audience_network","It doesn’t replace anything. It supports everything.","The companion half of a two-part routine.","Your GLP-1 companion","See what’s in it"
"LF1_COMPANION_bigType_ink_0225_1x1.png","0225","COMPANION","The companion","Support the GLP-1 journey","bigType","ink","condensed","1x1","1080","1080","facebook_feed,instagram_feed","It doesn’t replace anything. It supports everything.","The companion half of a two-part routine.","Your GLP-1 companion","See what’s in it"
"LF1_COMPANION_bigType_ink_0225_4x5.png","0225","COMPANION","The companion","Support the GLP-1 journey","bigType","ink","condensed","4x5","1080","1350","facebook_feed,instagram_feed","It doesn’t replace anything. It supports everything.","The companion half of a two-part routine.","Your GLP-1 companion","See what’s in it"
"LF1_COMPANION_bigType_ink_0225_9x16.png","0225","COMPANION","The companion","Support the GLP-1 journey","bigType","ink","condensed","9x16","1080","1920","instagram_story,facebook_story,instagram_reels","It doesn’t replace anything. It supports everything.","The companion half of a two-part routine.","Your GLP-1 companion","See what’s in it"
"LF1_COMPANION_bigType_sage_0214_191x1.png","0214","COMPANION","The companion","Support the GLP-1 journey","bigType","sage","grotesk","191x1","1200","628","facebook_right_column,audience_network","Built to work alongside, not instead.","LF-1 is a daily digestive companion — it does not replace your GLP-1.","Companion capsule","Start with one month"
"LF1_COMPANION_bigType_sage_0214_1x1.png","0214","COMPANION","The companion","Support the GLP-1 journey","bigType","sage","grotesk","1x1","1080","1080","facebook_feed,instagram_feed","Built to work alongside, not instead.","LF-1 is a daily digestive companion — it does not replace your GLP-1.","Companion capsule","Start with one month"
"LF1_COMPANION_bigType_sage_0214_4x5.png","0214","COMPANION","The companion","Support the GLP-1 journey","bigType","sage","grotesk","4x5","1080","1350","facebook_feed,instagram_feed","Built to work alongside, not instead.","LF-1 is a daily digestive companion — it does not replace your GLP-1.","Companion capsule","Start with one month"
"LF1_COMPANION_bigType_sage_0214_9x16.png","0214","COMPANION","The companion","Support the GLP-1 journey","bigType","sage","grotesk","9x16","1080","1920","instagram_story,facebook_story,instagram_reels","Built to work alongside, not instead.","LF-1 is a daily digestive companion — it does not replace your GLP-1.","Companion capsule","Start with one month"
"LF1_COMPANION_bigType_sage_0221_191x1.png","0221","COMPANION","The companion","Support the GLP-1 journey","bigType","sage","grotesk","191x1","1200","628","facebook_right_column,audience_network","Your routine has a gap. This fills it.","Take two capsules daily alongside your existing routine.","Your GLP-1 companion","See what’s in it"
"LF1_COMPANION_bigType_sage_0221_1x1.png","0221","COMPANION","The companion","Support the GLP-1 journey","bigType","sage","grotesk","1x1","1080","1080","facebook_feed,instagram_feed","Your routine has a gap. This fills it.","Take two capsules daily alongside your existing routine.","Your GLP-1 companion","See what’s in it"
"LF1_COMPANION_bigType_sage_0221_4x5.png","0221","COMPANION","The companion","Support the GLP-1 journey","bigType","sage","grotesk","4x5","1080","1350","facebook_feed,instagram_feed","Your routine has a gap. This fills it.","Take two capsules daily alongside your existing routine.","Your GLP-1 companion","See what’s in it"
"LF1_COMPANION_bigType_sage_0221_9x16.png","0221","COMPANION","The companion","Support the GLP-1 journey","bigType","sage","grotesk","9x16","1080","1920","instagram_story,facebook_story,instagram_reels","Your routine has a gap. This fills it.","Take two capsules daily alongside your existing routine.","Your GLP-1 companion","See what’s in it"
"LF1_COMPANION_boxFrame_sage_0250_191x1.png","0250","COMPANION","The companion","Support the GLP-1 journey","boxFrame","sage","humanist","191x1","1200","628","facebook_right_column,audience_network","The companion piece.","Take two capsules daily alongside your existing routine.","The other half","Shop now"
"LF1_COMPANION_boxFrame_sage_0250_1x1.png","0250","COMPANION","The companion","Support the GLP-1 journey","boxFrame","sage","humanist","1x1","1080","1080","facebook_feed,instagram_feed","The companion piece.","Take two capsules daily alongside your existing routine.","The other half","Shop now"
"LF1_COMPANION_boxFrame_sage_0250_4x5.png","0250","COMPANION","The companion","Support the GLP-1 journey","boxFrame","sage","humanist","4x5","1080","1350","facebook_feed,instagram_feed","The companion piece.","Take two capsules daily alongside your existing routine.","The other half","Shop now"
"LF1_COMPANION_boxFrame_sage_0250_9x16.png","0250","COMPANION","The companion","Support the GLP-1 journey","boxFrame","sage","humanist","9x16","1080","1920","instagram_story,facebook_story,instagram_reels","The companion piece.","Take two capsules daily alongside your existing routine.","The other half","Shop now"
"LF1_COMPANION_circleSeal_bone_0210_191x1.png","0210","COMPANION","The companion","Support the GLP-1 journey","circleSeal","bone","editorial","191x1","1200","628","facebook_right_column,audience_network","A companion, never a replacement.","Take two capsules daily alongside your existing routine.","Your GLP-1 companion","See what’s in it"
"LF1_COMPANION_circleSeal_bone_0210_1x1.png","0210","COMPANION","The companion","Support the GLP-1 journey","circleSeal","bone","editorial","1x1","1080","1080","facebook_feed,instagram_feed","A companion, never a replacement.","Take two capsules daily alongside your existing routine.","Your GLP-1 companion","See what’s in it"
"LF1_COMPANION_circleSeal_bone_0210_4x5.png","0210","COMPANION","The companion","Support the GLP-1 journey","circleSeal","bone","editorial","4x5","1080","1350","facebook_feed,instagram_feed","A companion, never a replacement.","Take two capsules daily alongside your existing routine.","Your GLP-1 companion","See what’s in it"
"LF1_COMPANION_circleSeal_bone_0210_9x16.png","0210","COMPANION","The companion","Support the GLP-1 journey","circleSeal","bone","editorial","9x16","1080","1920","instagram_story,facebook_story,instagram_reels","A companion, never a replacement.","Take two capsules daily alongside your existing routine.","Your GLP-1 companion","See what’s in it"
"LF1_COMPANION_compare_clay_0239_191x1.png","0239","COMPANION","The companion","Support the GLP-1 journey","compare","clay","luxe","191x1","1200","628","facebook_right_column,audience_network","Made to sit beside your GLP-1.","LF-1 is a daily digestive companion — it does not replace your GLP-1.","The other half","See what’s in it"
"LF1_COMPANION_compare_clay_0239_1x1.png","0239","COMPANION","The companion","Support the GLP-1 journey","compare","clay","luxe","1x1","1080","1080","facebook_feed,instagram_feed","Made to sit beside your GLP-1.","LF-1 is a daily digestive companion — it does not replace your GLP-1.","The other half","See what’s in it"
"LF1_COMPANION_compare_clay_0239_4x5.png","0239","COMPANION","The companion","Support the GLP-1 journey","compare","clay","luxe","4x5","1080","1350","facebook_feed,instagram_feed","Made to sit beside your GLP-1.","LF-1 is a daily digestive companion — it does not replace your GLP-1.","The other half","See what’s in it"
"LF1_COMPANION_compare_clay_0239_9x16.png","0239","COMPANION","The companion","Support the GLP-1 journey","compare","clay","luxe","9x16","1080","1920","instagram_story,facebook_story,instagram_reels","Made to sit beside your GLP-1.","LF-1 is a daily digestive companion — it does not replace your GLP-1.","The other half","See what’s in it"
"LF1_COMPANION_compare_clay_0240_191x1.png","0240","COMPANION","The companion","Support the GLP-1 journey","compare","clay","editorial","191x1","1200","628","facebook_right_column,audience_network","A companion, never a replacement.","60 capsules. One month. One simple job.","Your GLP-1 companion","Start with one month"
"LF1_COMPANION_compare_clay_0240_1x1.png","0240","COMPANION","The companion","Support the GLP-1 journey","compare","clay","editorial","1x1","1080","1080","facebook_feed,instagram_feed","A companion, never a replacement.","60 capsules. One month. One simple job.","Your GLP-1 companion","Start with one month"
"LF1_COMPANION_compare_clay_0240_4x5.png","0240","COMPANION","The companion","Support the GLP-1 journey","compare","clay","editorial","4x5","1080","1350","facebook_feed,instagram_feed","A companion, never a replacement.","60 capsules. One month. One simple job.","Your GLP-1 companion","Start with one month"
"LF1_COMPANION_compare_clay_0240_9x16.png","0240","COMPANION","The companion","Support the GLP-1 journey","compare","clay","editorial","9x16","1080","1920","instagram_story,facebook_story,instagram_reels","A companion, never a replacement.","60 capsules. One month. One simple job.","Your GLP-1 companion","Start with one month"
"LF1_COMPANION_compare_forest_0220_191x1.png","0220","COMPANION","The companion","Support the GLP-1 journey","compare","forest","impact","191x1","1200","628","facebook_right_column,audience_network","The companion piece.","Designed to complement a prescribed GLP-1, never to substitute for one.","Companion capsule","Shop now"
"LF1_COMPANION_compare_forest_0220_1x1.png","0220","COMPANION","The companion","Support the GLP-1 journey","compare","forest","impact","1x1","1080","1080","facebook_feed,instagram_feed","The companion piece.","Designed to complement a prescribed GLP-1, never to substitute for one.","Companion capsule","Shop now"
"LF1_COMPANION_compare_forest_0220_4x5.png","0220","COMPANION","The companion","Support the GLP-1 journey","compare","forest","impact","4x5","1080","1350","facebook_feed,instagram_feed","The companion piece.","Designed to complement a prescribed GLP-1, never to substitute for one.","Companion capsule","Shop now"
"LF1_COMPANION_compare_forest_0220_9x16.png","0220","COMPANION","The companion","Support the GLP-1 journey","compare","forest","impact","9x16","1080","1920","instagram_story,facebook_story,instagram_reels","The companion piece.","Designed to complement a prescribed GLP-1, never to substitute for one.","Companion capsule","Shop now"
"LF1_COMPANION_compare_sage_0216_191x1.png","0216","COMPANION","The companion","Support the GLP-1 journey","compare","sage","humanist","191x1","1200","628","facebook_right_column,audience_network","Everything the prescription didn’t include.","LF-1 is a daily digestive companion — it does not replace your GLP-1.","Companion capsule","See what’s in it"
"LF1_COMPANION_compare_sage_0216_1x1.png","0216","COMPANION","The companion","Support the GLP-1 journey","compare","sage","humanist","1x1","1080","1080","facebook_feed,instagram_feed","Everything the prescription didn’t include.","LF-1 is a daily digestive companion — it does not replace your GLP-1.","Companion capsule","See what’s in it"
"LF1_COMPANION_compare_sage_0216_4x5.png","0216","COMPANION","The companion","Support the GLP-1 journey","compare","sage","humanist","4x5","1080","1350","facebook_feed,instagram_feed","Everything the prescription didn’t include.","LF-1 is a daily digestive companion — it does not replace your GLP-1.","Companion capsule","See what’s in it"
"LF1_COMPANION_compare_sage_0216_9x16.png","0216","COMPANION","The companion","Support the GLP-1 journey","compare","sage","humanist","9x16","1080","1920","instagram_story,facebook_story,instagram_reels","Everything the prescription didn’t include.","LF-1 is a daily digestive companion — it does not replace your GLP-1.","Companion capsule","See what’s in it"
"LF1_COMPANION_faqCard_forest_0244_191x1.png","0244","COMPANION","The companion","Support the GLP-1 journey","faqCard","forest","impact","191x1","1200","628","facebook_right_column,audience_network","Built to work alongside, not instead.","Take two capsules daily alongside your existing routine.","Companion capsule","Learn more"
"LF1_COMPANION_faqCard_forest_0244_1x1.png","0244","COMPANION","The companion","Support the GLP-1 journey","faqCard","forest","impact","1x1","1080","1080","facebook_feed,instagram_feed","Built to work alongside, not instead.","Take two capsules daily alongside your existing routine.","Companion capsule","Learn more"
"LF1_COMPANION_faqCard_forest_0244_4x5.png","0244","COMPANION","The companion","Support the GLP-1 journey","faqCard","forest","impact","4x5","1080","1350","facebook_feed,instagram_feed","Built to work alongside, not instead.","Take two capsules daily alongside your existing routine.","Companion capsule","Learn more"
"LF1_COMPANION_faqCard_forest_0244_9x16.png","0244","COMPANION","The companion","Support the GLP-1 journey","faqCard","forest","impact","9x16","1080","1920","instagram_story,facebook_story,instagram_reels","Built to work alongside, not instead.","Take two capsules daily alongside your existing routine.","Companion capsule","Learn more"
"LF1_COMPANION_gradientHero_clinical_0208_191x1.png","0208","COMPANION","The companion","Support the GLP-1 journey","gradientHero","clinical","grotesk","191x1","1200","628","facebook_right_column,audience_network","One prescription. One companion.","60 capsules. One month. One simple job.","Companion capsule","Explore LF-1"
"LF1_COMPANION_gradientHero_clinical_0208_1x1.png","0208","COMPANION","The companion","Support the GLP-1 journey","gradientHero","clinical","grotesk","1x1","1080","1080","facebook_feed,instagram_feed","One prescription. One companion.","60 capsules. One month. One simple job.","Companion capsule","Explore LF-1"
"LF1_COMPANION_gradientHero_clinical_0208_4x5.png","0208","COMPANION","The companion","Support the GLP-1 journey","gradientHero","clinical","grotesk","4x5","1080","1350","facebook_feed,instagram_feed","One prescription. One companion.","60 capsules. One month. One simple job.","Companion capsule","Explore LF-1"
"LF1_COMPANION_gradientHero_clinical_0208_9x16.png","0208","COMPANION","The companion","Support the GLP-1 journey","gradientHero","clinical","grotesk","9x16","1080","1920","instagram_story,facebook_story,instagram_reels","One prescription. One companion.","60 capsules. One month. One simple job.","Companion capsule","Explore LF-1"
"LF1_COMPANION_indexCard_bone_0228_191x1.png","0228","COMPANION","The companion","Support the GLP-1 journey","indexCard","bone","luxe","191x1","1200","628","facebook_right_column,audience_network","Complete the protocol.","Take two capsules daily alongside your existing routine.","Companion capsule","See what’s in it"
"LF1_COMPANION_indexCard_clinical_0206_191x1.png","0206","COMPANION","The companion","Support the GLP-1 journey","indexCard","clinical","grotesk","191x1","1200","628","facebook_right_column,audience_network","Your GLP-1 companion.","LF-1 is a daily digestive companion — it does not replace your GLP-1.","Companion capsule","Shop now"
"LF1_COMPANION_indexCard_forest_0236_191x1.png","0236","COMPANION","The companion","Support the GLP-1 journey","indexCard","forest","editorial","191x1","1200","628","facebook_right_column,audience_network","Your GLP-1 companion.","Designed to complement a prescribed GLP-1, never to substitute for one.","The other half","Start with one month"
"LF1_COMPANION_indexCard_forest_0236_1x1.png","0236","COMPANION","The companion","Support the GLP-1 journey","indexCard","forest","editorial","1x1","1080","1080","facebook_feed,instagram_feed","Your GLP-1 companion.","Designed to complement a prescribed GLP-1, never to substitute for one.","The other half","Start with one month"
"LF1_COMPANION_indexCard_forest_0236_4x5.png","0236","COMPANION","The companion","Support the GLP-1 journey","indexCard","forest","editorial","4x5","1080","1350","facebook_feed,instagram_feed","Your GLP-1 companion.","Designed to complement a prescribed GLP-1, never to substitute for one.","The other half","Start with one month"
"LF1_COMPANION_indexCard_forest_0236_9x16.png","0236","COMPANION","The companion","Support the GLP-1 journey","indexCard","forest","editorial","9x16","1080","1920","instagram_story,facebook_story,instagram_reels","Your GLP-1 companion.","Designed to complement a prescribed GLP-1, never to substitute for one.","The other half","Start with one month"
"LF1_COMPANION_notesApp_bone_0228_1x1.png","0228","COMPANION","The companion","Support the GLP-1 journey","notesApp","bone","luxe","1x1","1080","1080","facebook_feed,instagram_feed","Complete the protocol.","Take two capsules daily alongside your existing routine.","Companion capsule","See what’s in it"
"LF1_COMPANION_notesApp_bone_0228_4x5.png","0228","COMPANION","The companion","Support the GLP-1 journey","notesApp","bone","luxe","4x5","1080","1350","facebook_feed,instagram_feed","Complete the protocol.","Take two capsules daily alongside your existing routine.","Companion capsule","See what’s in it"
"LF1_COMPANION_notesApp_bone_0228_9x16.png","0228","COMPANION","The companion","Support the GLP-1 journey","notesApp","bone","luxe","9x16","1080","1920","instagram_story,facebook_story,instagram_reels","Complete the protocol.","Take two capsules daily alongside your existing routine.","Companion capsule","See what’s in it"
"LF1_COMPANION_notesApp_clinical_0206_1x1.png","0206","COMPANION","The companion","Support the GLP-1 journey","notesApp","clinical","grotesk","1x1","1080","1080","facebook_feed,instagram_feed","Your GLP-1 companion.","LF-1 is a daily digestive companion — it does not replace your GLP-1.","Companion capsule","Shop now"
"LF1_COMPANION_notesApp_clinical_0206_4x5.png","0206","COMPANION","The companion","Support the GLP-1 journey","notesApp","clinical","grotesk","4x5","1080","1350","facebook_feed,instagram_feed","Your GLP-1 companion.","LF-1 is a daily digestive companion — it does not replace your GLP-1.","Companion capsule","Shop now"
"LF1_COMPANION_notesApp_clinical_0206_9x16.png","0206","COMPANION","The companion","Support the GLP-1 journey","notesApp","clinical","grotesk","9x16","1080","1920","instagram_story,facebook_story,instagram_reels","Your GLP-1 companion.","LF-1 is a daily digestive companion — it does not replace your GLP-1.","Companion capsule","Shop now"
"LF1_COMPANION_numberedSteps_bone_0217_191x1.png","0217","COMPANION","The companion","Support the GLP-1 journey","numberedSteps","bone","editorial","191x1","1200","628","facebook_right_column,audience_network","One capsule format. One clear job.","Designed to complement a prescribed GLP-1, never to substitute for one.","Your GLP-1 companion","Read the label"
"LF1_COMPANION_numberedSteps_bone_0217_1x1.png","0217","COMPANION","The companion","Support the GLP-1 journey","numberedSteps","bone","editorial","1x1","1080","1080","facebook_feed,instagram_feed","One capsule format. One clear job.","Designed to complement a prescribed GLP-1, never to substitute for one.","Your GLP-1 companion","Read the label"
"LF1_COMPANION_numberedSteps_bone_0217_4x5.png","0217","COMPANION","The companion","Support the GLP-1 journey","numberedSteps","bone","editorial","4x5","1080","1350","facebook_feed,instagram_feed","One capsule format. One clear job.","Designed to complement a prescribed GLP-1, never to substitute for one.","Your GLP-1 companion","Read the label"
"LF1_COMPANION_numberedSteps_bone_0217_9x16.png","0217","COMPANION","The companion","Support the GLP-1 journey","numberedSteps","bone","editorial","9x16","1080","1920","instagram_story,facebook_story,instagram_reels","One capsule format. One clear job.","Designed to complement a prescribed GLP-1, never to substitute for one.","Your GLP-1 companion","Read the label"
"LF1_COMPANION_numberedSteps_clay_0226_191x1.png","0226","COMPANION","The companion","Support the GLP-1 journey","numberedSteps","clay","editorial","191x1","1200","628","facebook_right_column,audience_network","The part of the routine you choose.","60 capsules. One month. One simple job.","Companion capsule","Get LF-1"
"LF1_COMPANION_numberedSteps_clay_0226_1x1.png","0226","COMPANION","The companion","Support the GLP-1 journey","numberedSteps","clay","editorial","1x1","1080","1080","facebook_feed,instagram_feed","The part of the routine you choose.","60 capsules. One month. One simple job.","Companion capsule","Get LF-1"
"LF1_COMPANION_numberedSteps_clay_0226_4x5.png","0226","COMPANION","The companion","Support the GLP-1 journey","numberedSteps","clay","editorial","4x5","1080","1350","facebook_feed,instagram_feed","The part of the routine you choose.","60 capsules. One month. One simple job.","Companion capsule","Get LF-1"
"LF1_COMPANION_numberedSteps_clay_0226_9x16.png","0226","COMPANION","The companion","Support the GLP-1 journey","numberedSteps","clay","editorial","9x16","1080","1920","instagram_story,facebook_story,instagram_reels","The part of the routine you choose.","60 capsules. One month. One simple job.","Companion capsule","Get LF-1"
"LF1_COMPANION_numberedSteps_sage_0212_191x1.png","0212","COMPANION","The companion","Support the GLP-1 journey","numberedSteps","sage","humanist","191x1","1200","628","facebook_right_column,audience_network","Your GLP-1 handles appetite. LF-1 handles the rest.","Designed to complement a prescribed GLP-1, never to substitute for one.","Companion capsule","Shop LF-1"
"LF1_COMPANION_numberedSteps_sage_0212_1x1.png","0212","COMPANION","The companion","Support the GLP-1 journey","numberedSteps","sage","humanist","1x1","1080","1080","facebook_feed,instagram_feed","Your GLP-1 handles appetite. LF-1 handles the rest.","Designed to complement a prescribed GLP-1, never to substitute for one.","Companion capsule","Shop LF-1"
"LF1_COMPANION_numberedSteps_sage_0212_4x5.png","0212","COMPANION","The companion","Support the GLP-1 journey","numberedSteps","sage","humanist","4x5","1080","1350","facebook_feed,instagram_feed","Your GLP-1 handles appetite. LF-1 handles the rest.","Designed to complement a prescribed GLP-1, never to substitute for one.","Companion capsule","Shop LF-1"
"LF1_COMPANION_numberedSteps_sage_0212_9x16.png","0212","COMPANION","The companion","Support the GLP-1 journey","numberedSteps","sage","humanist","9x16","1080","1920","instagram_story,facebook_story,instagram_reels","Your GLP-1 handles appetite. LF-1 handles the rest.","Designed to complement a prescribed GLP-1, never to substitute for one.","Companion capsule","Shop LF-1"
"LF1_COMPANION_numberedSteps_sand_0237_191x1.png","0237","COMPANION","The companion","Support the GLP-1 journey","numberedSteps","sand","luxe","191x1","1200","628","facebook_right_column,audience_network","The all-in-one built for your GLP-1 journey.","The companion half of a two-part routine.","The other half","Learn more"
"LF1_COMPANION_numberedSteps_sand_0237_1x1.png","0237","COMPANION","The companion","Support the GLP-1 journey","numberedSteps","sand","luxe","1x1","1080","1080","facebook_feed,instagram_feed","The all-in-one built for your GLP-1 journey.","The companion half of a two-part routine.","The other half","Learn more"
"LF1_COMPANION_numberedSteps_sand_0237_4x5.png","0237","COMPANION","The companion","Support the GLP-1 journey","numberedSteps","sand","luxe","4x5","1080","1350","facebook_feed,instagram_feed","The all-in-one built for your GLP-1 journey.","The companion half of a two-part routine.","The other half","Learn more"
"LF1_COMPANION_numberedSteps_sand_0237_9x16.png","0237","COMPANION","The companion","Support the GLP-1 journey","numberedSteps","sand","luxe","9x16","1080","1920","instagram_story,facebook_story,instagram_reels","The all-in-one built for your GLP-1 journey.","The companion half of a two-part routine.","The other half","Learn more"
"LF1_COMPANION_numberedSteps_sand_0249_191x1.png","0249","COMPANION","The companion","Support the GLP-1 journey","numberedSteps","sand","luxe","191x1","1200","628","facebook_right_column,audience_network","Alongside your GLP-1, every morning.","LF-1 is a daily digestive companion — it does not replace your GLP-1.","Companion capsule","See the formula"
"LF1_COMPANION_numberedSteps_sand_0249_1x1.png","0249","COMPANION","The companion","Support the GLP-1 journey","numberedSteps","sand","luxe","1x1","1080","1080","facebook_feed,instagram_feed","Alongside your GLP-1, every morning.","LF-1 is a daily digestive companion — it does not replace your GLP-1.","Companion capsule","See the formula"
"LF1_COMPANION_numberedSteps_sand_0249_4x5.png","0249","COMPANION","The companion","Support the GLP-1 journey","numberedSteps","sand","luxe","4x5","1080","1350","facebook_feed,instagram_feed","Alongside your GLP-1, every morning.","LF-1 is a daily digestive companion — it does not replace your GLP-1.","Companion capsule","See the formula"
"LF1_COMPANION_numberedSteps_sand_0249_9x16.png","0249","COMPANION","The companion","Support the GLP-1 journey","numberedSteps","sand","luxe","9x16","1080","1920","instagram_story,facebook_story,instagram_reels","Alongside your GLP-1, every morning.","LF-1 is a daily digestive companion — it does not replace your GLP-1.","Companion capsule","See the formula"
"LF1_COMPANION_prescriptionPair_bone_0207_191x1.png","0207","COMPANION","The companion","Support the GLP-1 journey","prescriptionPair","bone","editorial","191x1","1200","628","facebook_right_column,audience_network","The all-in-one built for your GLP-1 journey.","Designed to complement a prescribed GLP-1, never to substitute for one.","Built to sit alongside","See what’s in it"
"LF1_COMPANION_prescriptionPair_bone_0207_1x1.png","0207","COMPANION","The companion","Support the GLP-1 journey","prescriptionPair","bone","editorial","1x1","1080","1080","facebook_feed,instagram_feed","The all-in-one built for your GLP-1 journey.","Designed to complement a prescribed GLP-1, never to substitute for one.","Built to sit alongside","See what’s in it"
"LF1_COMPANION_prescriptionPair_bone_0207_4x5.png","0207","COMPANION","The companion","Support the GLP-1 journey","prescriptionPair","bone","editorial","4x5","1080","1350","facebook_feed,instagram_feed","The all-in-one built for your GLP-1 journey.","Designed to complement a prescribed GLP-1, never to substitute for one.","Built to sit alongside","See what’s in it"
"LF1_COMPANION_prescriptionPair_bone_0207_9x16.png","0207","COMPANION","The companion","Support the GLP-1 journey","prescriptionPair","bone","editorial","9x16","1080","1920","instagram_story,facebook_story,instagram_reels","The all-in-one built for your GLP-1 journey.","Designed to complement a prescribed GLP-1, never to substitute for one.","Built to sit alongside","See what’s in it"
"LF1_COMPANION_prescriptionPair_bone_0231_191x1.png","0231","COMPANION","The companion","Support the GLP-1 journey","prescriptionPair","bone","editorial","191x1","1200","628","facebook_right_column,audience_network","One job, done daily.","60 capsules. One month. One simple job.","The other half","View LF-1"
"LF1_COMPANION_prescriptionPair_bone_0231_1x1.png","0231","COMPANION","The companion","Support the GLP-1 journey","prescriptionPair","bone","editorial","1x1","1080","1080","facebook_feed,instagram_feed","One job, done daily.","60 capsules. One month. One simple job.","The other half","View LF-1"
"LF1_COMPANION_prescriptionPair_bone_0231_4x5.png","0231","COMPANION","The companion","Support the GLP-1 journey","prescriptionPair","bone","editorial","4x5","1080","1350","facebook_feed,instagram_feed","One job, done daily.","60 capsules. One month. One simple job.","The other half","View LF-1"
"LF1_COMPANION_prescriptionPair_bone_0231_9x16.png","0231","COMPANION","The companion","Support the GLP-1 journey","prescriptionPair","bone","editorial","9x16","1080","1920","instagram_story,facebook_story,instagram_reels","One job, done daily.","60 capsules. One month. One simple job.","The other half","View LF-1"
"LF1_COMPANION_prescriptionPair_clinical_0218_191x1.png","0218","COMPANION","The companion","Support the GLP-1 journey","prescriptionPair","clinical","grotesk","191x1","1200","628","facebook_right_column,audience_network","Support that knows its role.","The companion half of a two-part routine.","Your GLP-1 companion","Start with one month"
"LF1_COMPANION_prescriptionPair_clinical_0218_1x1.png","0218","COMPANION","The companion","Support the GLP-1 journey","prescriptionPair","clinical","grotesk","1x1","1080","1080","facebook_feed,instagram_feed","Support that knows its role.","The companion half of a two-part routine.","Your GLP-1 companion","Start with one month"
"LF1_COMPANION_prescriptionPair_clinical_0218_4x5.png","0218","COMPANION","The companion","Support the GLP-1 journey","prescriptionPair","clinical","grotesk","4x5","1080","1350","facebook_feed,instagram_feed","Support that knows its role.","The companion half of a two-part routine.","Your GLP-1 companion","Start with one month"
"LF1_COMPANION_prescriptionPair_clinical_0218_9x16.png","0218","COMPANION","The companion","Support the GLP-1 journey","prescriptionPair","clinical","grotesk","9x16","1080","1920","instagram_story,facebook_story,instagram_reels","Support that knows its role.","The companion half of a two-part routine.","Your GLP-1 companion","Start with one month"
"LF1_COMPANION_prescriptionPair_clinical_0223_191x1.png","0223","COMPANION","The companion","Support the GLP-1 journey","prescriptionPair","clinical","impact","191x1","1200","628","facebook_right_column,audience_network","Pair it with the plan you’re already on.","Designed to complement a prescribed GLP-1, never to substitute for one.","Companion capsule","See what’s in it"
"LF1_COMPANION_prescriptionPair_clinical_0223_1x1.png","0223","COMPANION","The companion","Support the GLP-1 journey","prescriptionPair","clinical","impact","1x1","1080","1080","facebook_feed,instagram_feed","Pair it with the plan you’re already on.","Designed to complement a prescribed GLP-1, never to substitute for one.","Companion capsule","See what’s in it"
"LF1_COMPANION_prescriptionPair_clinical_0223_4x5.png","0223","COMPANION","The companion","Support the GLP-1 journey","prescriptionPair","clinical","impact","4x5","1080","1350","facebook_feed,instagram_feed","Pair it with the plan you’re already on.","Designed to complement a prescribed GLP-1, never to substitute for one.","Companion capsule","See what’s in it"
"LF1_COMPANION_prescriptionPair_clinical_0223_9x16.png","0223","COMPANION","The companion","Support the GLP-1 journey","prescriptionPair","clinical","impact","9x16","1080","1920","instagram_story,facebook_story,instagram_reels","Pair it with the plan you’re already on.","Designed to complement a prescribed GLP-1, never to substitute for one.","Companion capsule","See what’s in it"
"LF1_COMPANION_prescriptionPair_forest_0235_191x1.png","0235","COMPANION","The companion","Support the GLP-1 journey","prescriptionPair","forest","editorial","191x1","1200","628","facebook_right_column,audience_network","Beside your GLP-1, not instead of it.","Designed to complement a prescribed GLP-1, never to substitute for one.","Companion capsule","Shop LF-1"
"LF1_COMPANION_prescriptionPair_forest_0235_1x1.png","0235","COMPANION","The companion","Support the GLP-1 journey","prescriptionPair","forest","editorial","1x1","1080","1080","facebook_feed,instagram_feed","Beside your GLP-1, not instead of it.","Designed to complement a prescribed GLP-1, never to substitute for one.","Companion capsule","Shop LF-1"
"LF1_COMPANION_prescriptionPair_forest_0235_4x5.png","0235","COMPANION","The companion","Support the GLP-1 journey","prescriptionPair","forest","editorial","4x5","1080","1350","facebook_feed,instagram_feed","Beside your GLP-1, not instead of it.","Designed to complement a prescribed GLP-1, never to substitute for one.","Companion capsule","Shop LF-1"
"LF1_COMPANION_prescriptionPair_forest_0235_9x16.png","0235","COMPANION","The companion","Support the GLP-1 journey","prescriptionPair","forest","editorial","9x16","1080","1920","instagram_story,facebook_story,instagram_reels","Beside your GLP-1, not instead of it.","Designed to complement a prescribed GLP-1, never to substitute for one.","Companion capsule","Shop LF-1"
"LF1_COMPANION_prescriptionPair_sage_0222_191x1.png","0222","COMPANION","The companion","Support the GLP-1 journey","prescriptionPair","sage","humanist","191x1","1200","628","facebook_right_column,audience_network","Purpose-built to complement, not compete.","60 capsules. One month. One simple job.","The other half","Shop LF-1"
"LF1_COMPANION_prescriptionPair_sage_0222_1x1.png","0222","COMPANION","The companion","Support the GLP-1 journey","prescriptionPair","sage","humanist","1x1","1080","1080","facebook_feed,instagram_feed","Purpose-built to complement, not compete.","60 capsules. One month. One simple job.","The other half","Shop LF-1"
"LF1_COMPANION_prescriptionPair_sage_0222_4x5.png","0222","COMPANION","The companion","Support the GLP-1 journey","prescriptionPair","sage","humanist","4x5","1080","1350","facebook_feed,instagram_feed","Purpose-built to complement, not compete.","60 capsules. One month. One simple job.","The other half","Shop LF-1"
"LF1_COMPANION_prescriptionPair_sage_0222_9x16.png","0222","COMPANION","The companion","Support the GLP-1 journey","prescriptionPair","sage","humanist","9x16","1080","1920","instagram_story,facebook_story,instagram_reels","Purpose-built to complement, not compete.","60 capsules. One month. One simple job.","The other half","Shop LF-1"
"LF1_COMPANION_prescriptionPair_sand_0224_191x1.png","0224","COMPANION","The companion","Support the GLP-1 journey","prescriptionPair","sand","luxe","191x1","1200","628","facebook_right_column,audience_network","A daily companion for a long journey.","The companion half of a two-part routine.","Companion capsule","Start with one month"
"LF1_COMPANION_prescriptionPair_sand_0224_1x1.png","0224","COMPANION","The companion","Support the GLP-1 journey","prescriptionPair","sand","luxe","1x1","1080","1080","facebook_feed,instagram_feed","A daily companion for a long journey.","The companion half of a two-part routine.","Companion capsule","Start with one month"
"LF1_COMPANION_prescriptionPair_sand_0224_4x5.png","0224","COMPANION","The companion","Support the GLP-1 journey","prescriptionPair","sand","luxe","4x5","1080","1350","facebook_feed,instagram_feed","A daily companion for a long journey.","The companion half of a two-part routine.","Companion capsule","Start with one month"
"LF1_COMPANION_prescriptionPair_sand_0224_9x16.png","0224","COMPANION","The companion","Support the GLP-1 journey","prescriptionPair","sand","luxe","9x16","1080","1920","instagram_story,facebook_story,instagram_reels","A daily companion for a long journey.","The companion half of a two-part routine.","Companion capsule","Start with one month"
"LF1_COMPANION_productSlot_bone_0227_191x1.png","0227","COMPANION","The companion","Support the GLP-1 journey","productSlot","bone","luxe","191x1","1200","628","facebook_right_column,audience_network","Designed to be the other half.","Designed to complement a prescribed GLP-1, never to substitute for one.","Built to sit alongside","Learn more"
"LF1_COMPANION_productSlot_bone_0227_1x1.png","0227","COMPANION","The companion","Support the GLP-1 journey","productSlot","bone","luxe","1x1","1080","1080","facebook_feed,instagram_feed","Designed to be the other half.","Designed to complement a prescribed GLP-1, never to substitute for one.","Built to sit alongside","Learn more"
"LF1_COMPANION_productSlot_bone_0227_4x5.png","0227","COMPANION","The companion","Support the GLP-1 journey","productSlot","bone","luxe","4x5","1080","1350","facebook_feed,instagram_feed","Designed to be the other half.","Designed to complement a prescribed GLP-1, never to substitute for one.","Built to sit alongside","Learn more"
"LF1_COMPANION_productSlot_bone_0227_9x16.png","0227","COMPANION","The companion","Support the GLP-1 journey","productSlot","bone","luxe","9x16","1080","1920","instagram_story,facebook_story,instagram_reels","Designed to be the other half.","Designed to complement a prescribed GLP-1, never to substitute for one.","Built to sit alongside","Learn more"
"LF1_COMPANION_productSlot_bone_0247_191x1.png","0247","COMPANION","The companion","Support the GLP-1 journey","productSlot","bone","editorial","191x1","1200","628","facebook_right_column,audience_network","One capsule format. One clear job.","Designed to complement a prescribed GLP-1, never to substitute for one.","The other half","Get LF-1"
"LF1_COMPANION_productSlot_bone_0247_1x1.png","0247","COMPANION","The companion","Support the GLP-1 journey","productSlot","bone","editorial","1x1","1080","1080","facebook_feed,instagram_feed","One capsule format. One clear job.","Designed to complement a prescribed GLP-1, never to substitute for one.","The other half","Get LF-1"
"LF1_COMPANION_productSlot_bone_0247_4x5.png","0247","COMPANION","The companion","Support the GLP-1 journey","productSlot","bone","editorial","4x5","1080","1350","facebook_feed,instagram_feed","One capsule format. One clear job.","Designed to complement a prescribed GLP-1, never to substitute for one.","The other half","Get LF-1"
"LF1_COMPANION_productSlot_bone_0247_9x16.png","0247","COMPANION","The companion","Support the GLP-1 journey","productSlot","bone","editorial","9x16","1080","1920","instagram_story,facebook_story,instagram_reels","One capsule format. One clear job.","Designed to complement a prescribed GLP-1, never to substitute for one.","The other half","Get LF-1"
"LF1_COMPANION_productSlot_clay_0211_191x1.png","0211","COMPANION","The companion","Support the GLP-1 journey","productSlot","clay","luxe","191x1","1200","628","facebook_right_column,audience_network","The second half of the protocol.","Designed to complement a prescribed GLP-1, never to substitute for one.","The other half","Read the label"
"LF1_COMPANION_productSlot_clay_0211_1x1.png","0211","COMPANION","The companion","Support the GLP-1 journey","productSlot","clay","luxe","1x1","1080","1080","facebook_feed,instagram_feed","The second half of the protocol.","Designed to complement a prescribed GLP-1, never to substitute for one.","The other half","Read the label"
"LF1_COMPANION_productSlot_clay_0211_4x5.png","0211","COMPANION","The companion","Support the GLP-1 journey","productSlot","clay","luxe","4x5","1080","1350","facebook_feed,instagram_feed","The second half of the protocol.","Designed to complement a prescribed GLP-1, never to substitute for one.","The other half","Read the label"
"LF1_COMPANION_productSlot_clay_0211_9x16.png","0211","COMPANION","The companion","Support the GLP-1 journey","productSlot","clay","luxe","9x16","1080","1920","instagram_story,facebook_story,instagram_reels","The second half of the protocol.","Designed to complement a prescribed GLP-1, never to substitute for one.","The other half","Read the label"
"LF1_COMPANION_productSlot_ink_0232_191x1.png","0232","COMPANION","The companion","Support the GLP-1 journey","productSlot","ink","grotesk","191x1","1200","628","facebook_right_column,audience_network","The companion capsule for GLP-1 routines.","Take two capsules daily alongside your existing routine.","Built to sit alongside","View LF-1"
"LF1_COMPANION_productSlot_ink_0232_1x1.png","0232","COMPANION","The companion","Support the GLP-1 journey","productSlot","ink","grotesk","1x1","1080","1080","facebook_feed,instagram_feed","The companion capsule for GLP-1 routines.","Take two capsules daily alongside your existing routine.","Built to sit alongside","View LF-1"
"LF1_COMPANION_productSlot_ink_0232_4x5.png","0232","COMPANION","The companion","Support the GLP-1 journey","productSlot","ink","grotesk","4x5","1080","1350","facebook_feed,instagram_feed","The companion capsule for GLP-1 routines.","Take two capsules daily alongside your existing routine.","Built to sit alongside","View LF-1"
"LF1_COMPANION_productSlot_ink_0232_9x16.png","0232","COMPANION","The companion","Support the GLP-1 journey","productSlot","ink","grotesk","9x16","1080","1920","instagram_story,facebook_story,instagram_reels","The companion capsule for GLP-1 routines.","Take two capsules daily alongside your existing routine.","Built to sit alongside","View LF-1"
"LF1_COMPANION_productSlot_mint_0230_191x1.png","0230","COMPANION","The companion","Support the GLP-1 journey","productSlot","mint","grotesk","191x1","1200","628","facebook_right_column,audience_network","Built for what comes with it.","Designed to complement a prescribed GLP-1, never to substitute for one.","Built to sit alongside","Start with one month"
"LF1_COMPANION_productSlot_mint_0230_1x1.png","0230","COMPANION","The companion","Support the GLP-1 journey","productSlot","mint","grotesk","1x1","1080","1080","facebook_feed,instagram_feed","Built for what comes with it.","Designed to complement a prescribed GLP-1, never to substitute for one.","Built to sit alongside","Start with one month"
"LF1_COMPANION_productSlot_mint_0230_4x5.png","0230","COMPANION","The companion","Support the GLP-1 journey","productSlot","mint","grotesk","4x5","1080","1350","facebook_feed,instagram_feed","Built for what comes with it.","Designed to complement a prescribed GLP-1, never to substitute for one.","Built to sit alongside","Start with one month"
"LF1_COMPANION_productSlot_mint_0230_9x16.png","0230","COMPANION","The companion","Support the GLP-1 journey","productSlot","mint","grotesk","9x16","1080","1920","instagram_story,facebook_story,instagram_reels","Built for what comes with it.","Designed to complement a prescribed GLP-1, never to substitute for one.","Built to sit alongside","Start with one month"
"LF1_COMPANION_productSlot_mint_0238_191x1.png","0238","COMPANION","The companion","Support the GLP-1 journey","productSlot","mint","humanist","191x1","1200","628","facebook_right_column,audience_network","One prescription. One companion.","The companion half of a two-part routine.","Built to sit alongside","Explore LF-1"
"LF1_COMPANION_productSlot_mint_0238_1x1.png","0238","COMPANION","The companion","Support the GLP-1 journey","productSlot","mint","humanist","1x1","1080","1080","facebook_feed,instagram_feed","One prescription. One companion.","The companion half of a two-part routine.","Built to sit alongside","Explore LF-1"
"LF1_COMPANION_productSlot_mint_0238_4x5.png","0238","COMPANION","The companion","Support the GLP-1 journey","productSlot","mint","humanist","4x5","1080","1350","facebook_feed,instagram_feed","One prescription. One companion.","The companion half of a two-part routine.","Built to sit alongside","Explore LF-1"
"LF1_COMPANION_productSlot_mint_0238_9x16.png","0238","COMPANION","The companion","Support the GLP-1 journey","productSlot","mint","humanist","9x16","1080","1920","instagram_story,facebook_story,instagram_reels","One prescription. One companion.","The companion half of a two-part routine.","Built to sit alongside","Explore LF-1"
"LF1_COMPANION_productSlot_mint_0245_191x1.png","0245","COMPANION","The companion","Support the GLP-1 journey","productSlot","mint","humanist","191x1","1200","628","facebook_right_column,audience_network","The daily companion to a weekly routine.","LF-1 is a daily digestive companion — it does not replace your GLP-1.","The other half","See the formula"
"LF1_COMPANION_productSlot_mint_0245_1x1.png","0245","COMPANION","The companion","Support the GLP-1 journey","productSlot","mint","humanist","1x1","1080","1080","facebook_feed,instagram_feed","The daily companion to a weekly routine.","LF-1 is a daily digestive companion — it does not replace your GLP-1.","The other half","See the formula"
"LF1_COMPANION_productSlot_mint_0245_4x5.png","0245","COMPANION","The companion","Support the GLP-1 journey","productSlot","mint","humanist","4x5","1080","1350","facebook_feed,instagram_feed","The daily companion to a weekly routine.","LF-1 is a daily digestive companion — it does not replace your GLP-1.","The other half","See the formula"
"LF1_COMPANION_productSlot_mint_0245_9x16.png","0245","COMPANION","The companion","Support the GLP-1 journey","productSlot","mint","humanist","9x16","1080","1920","instagram_story,facebook_story,instagram_reels","The daily companion to a weekly routine.","LF-1 is a daily digestive companion — it does not replace your GLP-1.","The other half","See the formula"
"LF1_COMPANION_quoteCard_clinical_0241_191x1.png","0241","COMPANION","The companion","Support the GLP-1 journey","quoteCard","clinical","condensed","191x1","1200","628","facebook_right_column,audience_network","The second half of the protocol.","The companion half of a two-part routine.","The other half","Explore LF-1"
"LF1_COMPANION_quoteCard_clinical_0241_1x1.png","0241","COMPANION","The companion","Support the GLP-1 journey","quoteCard","clinical","condensed","1x1","1080","1080","facebook_feed,instagram_feed","The second half of the protocol.","The companion half of a two-part routine.","The other half","Explore LF-1"
"LF1_COMPANION_quoteCard_clinical_0241_4x5.png","0241","COMPANION","The companion","Support the GLP-1 journey","quoteCard","clinical","condensed","4x5","1080","1350","facebook_feed,instagram_feed","The second half of the protocol.","The companion half of a two-part routine.","The other half","Explore LF-1"
"LF1_COMPANION_quoteCard_clinical_0241_9x16.png","0241","COMPANION","The companion","Support the GLP-1 journey","quoteCard","clinical","condensed","9x16","1080","1920","instagram_story,facebook_story,instagram_reels","The second half of the protocol.","The companion half of a two-part routine.","The other half","Explore LF-1"
"LF1_COMPANION_ruleStack_bone_0233_191x1.png","0233","COMPANION","The companion","Support the GLP-1 journey","ruleStack","bone","luxe","191x1","1200","628","facebook_right_column,audience_network","Your plan, properly paired.","60 capsules. One month. One simple job.","Your GLP-1 companion","Explore LF-1"
"LF1_COMPANION_ruleStack_bone_0233_1x1.png","0233","COMPANION","The companion","Support the GLP-1 journey","ruleStack","bone","luxe","1x1","1080","1080","facebook_feed,instagram_feed","Your plan, properly paired.","60 capsules. One month. One simple job.","Your GLP-1 companion","Explore LF-1"
"LF1_COMPANION_ruleStack_bone_0233_4x5.png","0233","COMPANION","The companion","Support the GLP-1 journey","ruleStack","bone","luxe","4x5","1080","1350","facebook_feed,instagram_feed","Your plan, properly paired.","60 capsules. One month. One simple job.","Your GLP-1 companion","Explore LF-1"
"LF1_COMPANION_ruleStack_bone_0233_9x16.png","0233","COMPANION","The companion","Support the GLP-1 journey","ruleStack","bone","luxe","9x16","1080","1920","instagram_story,facebook_story,instagram_reels","Your plan, properly paired.","60 capsules. One month. One simple job.","Your GLP-1 companion","Explore LF-1"
"LF1_COMPANION_splitPanel_bone_0242_191x1.png","0242","COMPANION","The companion","Support the GLP-1 journey","splitPanel","bone","luxe","191x1","1200","628","facebook_right_column,audience_network","Your GLP-1 handles appetite. LF-1 handles the rest.","60 capsules. One month. One simple job.","Built to sit alongside","Shop LF-1"
"LF1_COMPANION_splitPanel_bone_0242_1x1.png","0242","COMPANION","The companion","Support the GLP-1 journey","splitPanel","bone","luxe","1x1","1080","1080","facebook_feed,instagram_feed","Your GLP-1 handles appetite. LF-1 handles the rest.","60 capsules. One month. One simple job.","Built to sit alongside","Shop LF-1"
"LF1_COMPANION_splitPanel_bone_0242_4x5.png","0242","COMPANION","The companion","Support the GLP-1 journey","splitPanel","bone","luxe","4x5","1080","1350","facebook_feed,instagram_feed","Your GLP-1 handles appetite. LF-1 handles the rest.","60 capsules. One month. One simple job.","Built to sit alongside","Shop LF-1"
"LF1_COMPANION_splitPanel_bone_0242_9x16.png","0242","COMPANION","The companion","Support the GLP-1 journey","splitPanel","bone","luxe","9x16","1080","1920","instagram_story,facebook_story,instagram_reels","Your GLP-1 handles appetite. LF-1 handles the rest.","60 capsules. One month. One simple job.","Built to sit alongside","Shop LF-1"
"LF1_COMPANION_splitPanel_clinical_0229_191x1.png","0229","COMPANION","The companion","Support the GLP-1 journey","splitPanel","clinical","humanist","191x1","1200","628","facebook_right_column,audience_network","Prescription plus companion.","60 capsules. One month. One simple job.","Your GLP-1 companion","Shop LF-1"
"LF1_COMPANION_splitPanel_clinical_0229_1x1.png","0229","COMPANION","The companion","Support the GLP-1 journey","splitPanel","clinical","humanist","1x1","1080","1080","facebook_feed,instagram_feed","Prescription plus companion.","60 capsules. One month. One simple job.","Your GLP-1 companion","Shop LF-1"
"LF1_COMPANION_splitPanel_clinical_0229_4x5.png","0229","COMPANION","The companion","Support the GLP-1 journey","splitPanel","clinical","humanist","4x5","1080","1350","facebook_feed,instagram_feed","Prescription plus companion.","60 capsules. One month. One simple job.","Your GLP-1 companion","Shop LF-1"
"LF1_COMPANION_splitPanel_clinical_0229_9x16.png","0229","COMPANION","The companion","Support the GLP-1 journey","splitPanel","clinical","humanist","9x16","1080","1920","instagram_story,facebook_story,instagram_reels","Prescription plus companion.","60 capsules. One month. One simple job.","Your GLP-1 companion","Shop LF-1"
"LF1_COMPANION_splitPanel_mint_0243_191x1.png","0243","COMPANION","The companion","Support the GLP-1 journey","splitPanel","mint","grotesk","191x1","1200","628","facebook_right_column,audience_network","Two things in your routine. One works on the gut.","Take two capsules daily alongside your existing routine.","Built to sit alongside","Start with one month"
"LF1_COMPANION_splitPanel_mint_0243_1x1.png","0243","COMPANION","The companion","Support the GLP-1 journey","splitPanel","mint","grotesk","1x1","1080","1080","facebook_feed,instagram_feed","Two things in your routine. One works on the gut.","Take two capsules daily alongside your existing routine.","Built to sit alongside","Start with one month"
"LF1_COMPANION_splitPanel_mint_0243_4x5.png","0243","COMPANION","The companion","Support the GLP-1 journey","splitPanel","mint","grotesk","4x5","1080","1350","facebook_feed,instagram_feed","Two things in your routine. One works on the gut.","Take two capsules daily alongside your existing routine.","Built to sit alongside","Start with one month"
"LF1_COMPANION_splitPanel_mint_0243_9x16.png","0243","COMPANION","The companion","Support the GLP-1 journey","splitPanel","mint","grotesk","9x16","1080","1920","instagram_story,facebook_story,instagram_reels","Two things in your routine. One works on the gut.","Take two capsules daily alongside your existing routine.","Built to sit alongside","Start with one month"
"LF1_COMPANION_splitPanel_sand_0234_191x1.png","0234","COMPANION","The companion","Support the GLP-1 journey","splitPanel","sand","luxe","191x1","1200","628","facebook_right_column,audience_network","Made to be the second thing you take.","Designed to complement a prescribed GLP-1, never to substitute for one.","Companion capsule","Start with one month"
"LF1_COMPANION_splitPanel_sand_0234_1x1.png","0234","COMPANION","The companion","Support the GLP-1 journey","splitPanel","sand","luxe","1x1","1080","1080","facebook_feed,instagram_feed","Made to be the second thing you take.","Designed to complement a prescribed GLP-1, never to substitute for one.","Companion capsule","Start with one month"
"LF1_COMPANION_splitPanel_sand_0234_4x5.png","0234","COMPANION","The companion","Support the GLP-1 journey","splitPanel","sand","luxe","4x5","1080","1350","facebook_feed,instagram_feed","Made to be the second thing you take.","Designed to complement a prescribed GLP-1, never to substitute for one.","Companion capsule","Start with one month"
"LF1_COMPANION_splitPanel_sand_0234_9x16.png","0234","COMPANION","The companion","Support the GLP-1 journey","splitPanel","sand","luxe","9x16","1080","1920","instagram_story,facebook_story,instagram_reels","Made to be the second thing you take.","Designed to complement a prescribed GLP-1, never to substitute for one.","Companion capsule","Start with one month"
"LF1_COMPANION_stickyNote_sage_0209_191x1.png","0209","COMPANION","The companion","Support the GLP-1 journey","stickyNote","sage","humanist","191x1","1200","628","facebook_right_column,audience_network","Made to sit beside your GLP-1.","60 capsules. One month. One simple job.","Companion capsule","Get LF-1"
"LF1_COMPANION_stickyNote_sage_0209_1x1.png","0209","COMPANION","The companion","Support the GLP-1 journey","stickyNote","sage","humanist","1x1","1080","1080","facebook_feed,instagram_feed","Made to sit beside your GLP-1.","60 capsules. One month. One simple job.","Companion capsule","Get LF-1"
"LF1_COMPANION_stickyNote_sage_0209_4x5.png","0209","COMPANION","The companion","Support the GLP-1 journey","stickyNote","sage","humanist","4x5","1080","1350","facebook_feed,instagram_feed","Made to sit beside your GLP-1.","60 capsules. One month. One simple job.","Companion capsule","Get LF-1"
"LF1_COMPANION_stickyNote_sage_0209_9x16.png","0209","COMPANION","The companion","Support the GLP-1 journey","stickyNote","sage","humanist","9x16","1080","1920","instagram_story,facebook_story,instagram_reels","Made to sit beside your GLP-1.","60 capsules. One month. One simple job.","Companion capsule","Get LF-1"
"LF1_COMPANION_timeline_sage_0246_191x1.png","0246","COMPANION","The companion","Support the GLP-1 journey","timeline","sage","grotesk","191x1","1200","628","facebook_right_column,audience_network","Everything the prescription didn’t include.","The companion half of a two-part routine.","Your GLP-1 companion","Start with one month"
"LF1_COMPANION_timeline_sage_0246_1x1.png","0246","COMPANION","The companion","Support the GLP-1 journey","timeline","sage","grotesk","1x1","1080","1080","facebook_feed,instagram_feed","Everything the prescription didn’t include.","The companion half of a two-part routine.","Your GLP-1 companion","Start with one month"
"LF1_COMPANION_timeline_sage_0246_4x5.png","0246","COMPANION","The companion","Support the GLP-1 journey","timeline","sage","grotesk","4x5","1080","1350","facebook_feed,instagram_feed","Everything the prescription didn’t include.","The companion half of a two-part routine.","Your GLP-1 companion","Start with one month"
"LF1_COMPANION_timeline_sage_0246_9x16.png","0246","COMPANION","The companion","Support the GLP-1 journey","timeline","sage","grotesk","9x16","1080","1920","instagram_story,facebook_story,instagram_reels","Everything the prescription didn’t include.","The companion half of a two-part routine.","Your GLP-1 companion","Start with one month"
"LF1_CONFIDENCE_bigType_forest_0479_191x1.png","0479","CONFIDENCE","Back to life","Support the GLP-1 journey","bigType","forest","editorial","191x1","1200","628","facebook_right_column,audience_network","Say yes without doing the maths first.","The daily step that makes the other steps easier.","Say yes again","Shop now"
"LF1_CONFIDENCE_bigType_forest_0479_1x1.png","0479","CONFIDENCE","Back to life","Support the GLP-1 journey","bigType","forest","editorial","1x1","1080","1080","facebook_feed,instagram_feed","Say yes without doing the maths first.","The daily step that makes the other steps easier.","Say yes again","Shop now"
"LF1_CONFIDENCE_bigType_forest_0479_4x5.png","0479","CONFIDENCE","Back to life","Support the GLP-1 journey","bigType","forest","editorial","4x5","1080","1350","facebook_feed,instagram_feed","Say yes without doing the maths first.","The daily step that makes the other steps easier.","Say yes again","Shop now"
"LF1_CONFIDENCE_bigType_forest_0479_9x16.png","0479","CONFIDENCE","Back to life","Support the GLP-1 journey","bigType","forest","editorial","9x16","1080","1920","instagram_story,facebook_story,instagram_reels","Say yes without doing the maths first.","The daily step that makes the other steps easier.","Say yes again","Shop now"
"LF1_CONFIDENCE_bigType_sage_0473_191x1.png","0473","CONFIDENCE","Back to life","Support the GLP-1 journey","bigType","sage","humanist","191x1","1200","628","facebook_right_column,audience_network","For people with somewhere to be.","The daily step that makes the other steps easier.","For the calendar, not the scale","Explore LF-1"
"LF1_CONFIDENCE_bigType_sage_0473_1x1.png","0473","CONFIDENCE","Back to life","Support the GLP-1 journey","bigType","sage","humanist","1x1","1080","1080","facebook_feed,instagram_feed","For people with somewhere to be.","The daily step that makes the other steps easier.","For the calendar, not the scale","Explore LF-1"
"LF1_CONFIDENCE_bigType_sage_0473_4x5.png","0473","CONFIDENCE","Back to life","Support the GLP-1 journey","bigType","sage","humanist","4x5","1080","1350","facebook_feed,instagram_feed","For people with somewhere to be.","The daily step that makes the other steps easier.","For the calendar, not the scale","Explore LF-1"
"LF1_CONFIDENCE_bigType_sage_0473_9x16.png","0473","CONFIDENCE","Back to life","Support the GLP-1 journey","bigType","sage","humanist","9x16","1080","1920","instagram_story,facebook_story,instagram_reels","For people with somewhere to be.","The daily step that makes the other steps easier.","For the calendar, not the scale","Explore LF-1"
"LF1_CONFIDENCE_boxFrame_clay_0464_191x1.png","0464","CONFIDENCE","Back to life","Support the GLP-1 journey","boxFrame","clay","luxe","191x1","1200","628","facebook_right_column,audience_network","For the mornings you have somewhere to be.","Two capsules each morning, so the rest of the day is yours.","Say yes again","See the formula"
"LF1_CONFIDENCE_boxFrame_clay_0464_1x1.png","0464","CONFIDENCE","Back to life","Support the GLP-1 journey","boxFrame","clay","luxe","1x1","1080","1080","facebook_feed,instagram_feed","For the mornings you have somewhere to be.","Two capsules each morning, so the rest of the day is yours.","Say yes again","See the formula"
"LF1_CONFIDENCE_boxFrame_clay_0464_4x5.png","0464","CONFIDENCE","Back to life","Support the GLP-1 journey","boxFrame","clay","luxe","4x5","1080","1350","facebook_feed,instagram_feed","For the mornings you have somewhere to be.","Two capsules each morning, so the rest of the day is yours.","Say yes again","See the formula"
"LF1_CONFIDENCE_boxFrame_clay_0464_9x16.png","0464","CONFIDENCE","Back to life","Support the GLP-1 journey","boxFrame","clay","luxe","9x16","1080","1920","instagram_story,facebook_story,instagram_reels","For the mornings you have somewhere to be.","Two capsules each morning, so the rest of the day is yours.","Say yes again","See the formula"
"LF1_CONFIDENCE_boxFrame_forest_0462_191x1.png","0462","CONFIDENCE","Back to life","Support the GLP-1 journey","boxFrame","forest","impact","191x1","1200","628","facebook_right_column,audience_network","Back to making plans.","The daily step that makes the other steps easier.","For the calendar, not the scale","Shop now"
"LF1_CONFIDENCE_boxFrame_forest_0462_1x1.png","0462","CONFIDENCE","Back to life","Support the GLP-1 journey","boxFrame","forest","impact","1x1","1080","1080","facebook_feed,instagram_feed","Back to making plans.","The daily step that makes the other steps easier.","For the calendar, not the scale","Shop now"
"LF1_CONFIDENCE_boxFrame_forest_0462_4x5.png","0462","CONFIDENCE","Back to life","Support the GLP-1 journey","boxFrame","forest","impact","4x5","1080","1350","facebook_feed,instagram_feed","Back to making plans.","The daily step that makes the other steps easier.","For the calendar, not the scale","Shop now"
"LF1_CONFIDENCE_boxFrame_forest_0462_9x16.png","0462","CONFIDENCE","Back to life","Support the GLP-1 journey","boxFrame","forest","impact","9x16","1080","1920","instagram_story,facebook_story,instagram_reels","Back to making plans.","The daily step that makes the other steps easier.","For the calendar, not the scale","Shop now"
"LF1_CONFIDENCE_boxFrame_mint_0475_191x1.png","0475","CONFIDENCE","Back to life","Support the GLP-1 journey","boxFrame","mint","grotesk","191x1","1200","628","facebook_right_column,audience_network","Leave the house without a strategy.","The daily step that makes the other steps easier.","Back to plans","See the formula"
"LF1_CONFIDENCE_boxFrame_mint_0475_1x1.png","0475","CONFIDENCE","Back to life","Support the GLP-1 journey","boxFrame","mint","grotesk","1x1","1080","1080","facebook_feed,instagram_feed","Leave the house without a strategy.","The daily step that makes the other steps easier.","Back to plans","See the formula"
"LF1_CONFIDENCE_boxFrame_mint_0475_4x5.png","0475","CONFIDENCE","Back to life","Support the GLP-1 journey","boxFrame","mint","grotesk","4x5","1080","1350","facebook_feed,instagram_feed","Leave the house without a strategy.","The daily step that makes the other steps easier.","Back to plans","See the formula"
"LF1_CONFIDENCE_boxFrame_mint_0475_9x16.png","0475","CONFIDENCE","Back to life","Support the GLP-1 journey","boxFrame","mint","grotesk","9x16","1080","1920","instagram_story,facebook_story,instagram_reels","Leave the house without a strategy.","The daily step that makes the other steps easier.","Back to plans","See the formula"
"LF1_CONFIDENCE_boxFrame_sand_0468_191x1.png","0468","CONFIDENCE","Back to life","Support the GLP-1 journey","boxFrame","sand","editorial","191x1","1200","628","facebook_right_column,audience_network","Be somewhere without a contingency plan.","LF-1 is daily digestive support for people on a GLP-1.","For the calendar, not the scale","See the formula"
"LF1_CONFIDENCE_boxFrame_sand_0468_1x1.png","0468","CONFIDENCE","Back to life","Support the GLP-1 journey","boxFrame","sand","editorial","1x1","1080","1080","facebook_feed,instagram_feed","Be somewhere without a contingency plan.","LF-1 is daily digestive support for people on a GLP-1.","For the calendar, not the scale","See the formula"
"LF1_CONFIDENCE_boxFrame_sand_0468_4x5.png","0468","CONFIDENCE","Back to life","Support the GLP-1 journey","boxFrame","sand","editorial","4x5","1080","1350","facebook_feed,instagram_feed","Be somewhere without a contingency plan.","LF-1 is daily digestive support for people on a GLP-1.","For the calendar, not the scale","See the formula"
"LF1_CONFIDENCE_boxFrame_sand_0468_9x16.png","0468","CONFIDENCE","Back to life","Support the GLP-1 journey","boxFrame","sand","editorial","9x16","1080","1920","instagram_story,facebook_story,instagram_reels","Be somewhere without a contingency plan.","LF-1 is daily digestive support for people on a GLP-1.","For the calendar, not the scale","See the formula"
"LF1_CONFIDENCE_boxFrame_sand_0477_191x1.png","0477","CONFIDENCE","Back to life","Support the GLP-1 journey","boxFrame","sand","editorial","191x1","1200","628","facebook_right_column,audience_network","Back to normal-sized worries.","LF-1 is daily digestive support for people on a GLP-1.","Back to plans","Shop LF-1"
"LF1_CONFIDENCE_boxFrame_sand_0477_1x1.png","0477","CONFIDENCE","Back to life","Support the GLP-1 journey","boxFrame","sand","editorial","1x1","1080","1080","facebook_feed,instagram_feed","Back to normal-sized worries.","LF-1 is daily digestive support for people on a GLP-1.","Back to plans","Shop LF-1"
"LF1_CONFIDENCE_boxFrame_sand_0477_4x5.png","0477","CONFIDENCE","Back to life","Support the GLP-1 journey","boxFrame","sand","editorial","4x5","1080","1350","facebook_feed,instagram_feed","Back to normal-sized worries.","LF-1 is daily digestive support for people on a GLP-1.","Back to plans","Shop LF-1"
"LF1_CONFIDENCE_boxFrame_sand_0477_9x16.png","0477","CONFIDENCE","Back to life","Support the GLP-1 journey","boxFrame","sand","editorial","9x16","1080","1920","instagram_story,facebook_story,instagram_reels","Back to normal-sized worries.","LF-1 is daily digestive support for people on a GLP-1.","Back to plans","Shop LF-1"
"LF1_CONFIDENCE_circleSeal_bone_0483_191x1.png","0483","CONFIDENCE","Back to life","Support the GLP-1 journey","circleSeal","bone","editorial","191x1","1200","628","facebook_right_column,audience_network","Get on with your day.","Made for the routine, so you can get on with everything else.","Say yes again","Explore LF-1"
"LF1_CONFIDENCE_circleSeal_bone_0483_1x1.png","0483","CONFIDENCE","Back to life","Support the GLP-1 journey","circleSeal","bone","editorial","1x1","1080","1080","facebook_feed,instagram_feed","Get on with your day.","Made for the routine, so you can get on with everything else.","Say yes again","Explore LF-1"
"LF1_CONFIDENCE_circleSeal_bone_0483_4x5.png","0483","CONFIDENCE","Back to life","Support the GLP-1 journey","circleSeal","bone","editorial","4x5","1080","1350","facebook_feed,instagram_feed","Get on with your day.","Made for the routine, so you can get on with everything else.","Say yes again","Explore LF-1"
"LF1_CONFIDENCE_circleSeal_bone_0483_9x16.png","0483","CONFIDENCE","Back to life","Support the GLP-1 journey","circleSeal","bone","editorial","9x16","1080","1920","instagram_story,facebook_story,instagram_reels","Get on with your day.","Made for the routine, so you can get on with everything else.","Say yes again","Explore LF-1"
"LF1_CONFIDENCE_faqCard_forest_0482_191x1.png","0482","CONFIDENCE","Back to life","Support the GLP-1 journey","faqCard","forest","impact","191x1","1200","628","facebook_right_column,audience_network","Show up. Stay comfortable.","Two capsules each morning, so the rest of the day is yours.","Back to plans","Read the label"
"LF1_CONFIDENCE_faqCard_forest_0482_1x1.png","0482","CONFIDENCE","Back to life","Support the GLP-1 journey","faqCard","forest","impact","1x1","1080","1080","facebook_feed,instagram_feed","Show up. Stay comfortable.","Two capsules each morning, so the rest of the day is yours.","Back to plans","Read the label"
"LF1_CONFIDENCE_faqCard_forest_0482_4x5.png","0482","CONFIDENCE","Back to life","Support the GLP-1 journey","faqCard","forest","impact","4x5","1080","1350","facebook_feed,instagram_feed","Show up. Stay comfortable.","Two capsules each morning, so the rest of the day is yours.","Back to plans","Read the label"
"LF1_CONFIDENCE_faqCard_forest_0482_9x16.png","0482","CONFIDENCE","Back to life","Support the GLP-1 journey","faqCard","forest","impact","9x16","1080","1920","instagram_story,facebook_story,instagram_reels","Show up. Stay comfortable.","Two capsules each morning, so the rest of the day is yours.","Back to plans","Read the label"
"LF1_CONFIDENCE_gradientHero_bone_0461_191x1.png","0461","CONFIDENCE","Back to life","Support the GLP-1 journey","gradientHero","bone","editorial","191x1","1200","628","facebook_right_column,audience_network","Say yes to the dinner again.","LF-1 is daily digestive support for people on a GLP-1.","Say yes again","Read the label"
"LF1_CONFIDENCE_gradientHero_bone_0461_1x1.png","0461","CONFIDENCE","Back to life","Support the GLP-1 journey","gradientHero","bone","editorial","1x1","1080","1080","facebook_feed,instagram_feed","Say yes to the dinner again.","LF-1 is daily digestive support for people on a GLP-1.","Say yes again","Read the label"
"LF1_CONFIDENCE_gradientHero_bone_0461_4x5.png","0461","CONFIDENCE","Back to life","Support the GLP-1 journey","gradientHero","bone","editorial","4x5","1080","1350","facebook_feed,instagram_feed","Say yes to the dinner again.","LF-1 is daily digestive support for people on a GLP-1.","Say yes again","Read the label"
"LF1_CONFIDENCE_gradientHero_bone_0461_9x16.png","0461","CONFIDENCE","Back to life","Support the GLP-1 journey","gradientHero","bone","editorial","9x16","1080","1920","instagram_story,facebook_story,instagram_reels","Say yes to the dinner again.","LF-1 is daily digestive support for people on a GLP-1.","Say yes again","Read the label"
"LF1_CONFIDENCE_gradientHero_clinical_0471_191x1.png","0471","CONFIDENCE","Back to life","Support the GLP-1 journey","gradientHero","clinical","grotesk","191x1","1200","628","facebook_right_column,audience_network","Your day, uninterrupted.","The daily step that makes the other steps easier.","For the calendar, not the scale","View LF-1"
"LF1_CONFIDENCE_gradientHero_clinical_0471_1x1.png","0471","CONFIDENCE","Back to life","Support the GLP-1 journey","gradientHero","clinical","grotesk","1x1","1080","1080","facebook_feed,instagram_feed","Your day, uninterrupted.","The daily step that makes the other steps easier.","For the calendar, not the scale","View LF-1"
"LF1_CONFIDENCE_gradientHero_clinical_0471_4x5.png","0471","CONFIDENCE","Back to life","Support the GLP-1 journey","gradientHero","clinical","grotesk","4x5","1080","1350","facebook_feed,instagram_feed","Your day, uninterrupted.","The daily step that makes the other steps easier.","For the calendar, not the scale","View LF-1"
"LF1_CONFIDENCE_gradientHero_clinical_0471_9x16.png","0471","CONFIDENCE","Back to life","Support the GLP-1 journey","gradientHero","clinical","grotesk","9x16","1080","1920","instagram_story,facebook_story,instagram_reels","Your day, uninterrupted.","The daily step that makes the other steps easier.","For the calendar, not the scale","View LF-1"
"LF1_CONFIDENCE_gradientHero_forest_0478_191x1.png","0478","CONFIDENCE","Back to life","Support the GLP-1 journey","gradientHero","forest","luxe","191x1","1200","628","facebook_right_column,audience_network","A day that doesn’t revolve around timing.","Two capsules each morning, so the rest of the day is yours.","For the calendar, not the scale","Explore LF-1"
"LF1_CONFIDENCE_gradientHero_forest_0478_1x1.png","0478","CONFIDENCE","Back to life","Support the GLP-1 journey","gradientHero","forest","luxe","1x1","1080","1080","facebook_feed,instagram_feed","A day that doesn’t revolve around timing.","Two capsules each morning, so the rest of the day is yours.","For the calendar, not the scale","Explore LF-1"
"LF1_CONFIDENCE_gradientHero_forest_0478_4x5.png","0478","CONFIDENCE","Back to life","Support the GLP-1 journey","gradientHero","forest","luxe","4x5","1080","1350","facebook_feed,instagram_feed","A day that doesn’t revolve around timing.","Two capsules each morning, so the rest of the day is yours.","For the calendar, not the scale","Explore LF-1"
"LF1_CONFIDENCE_gradientHero_forest_0478_9x16.png","0478","CONFIDENCE","Back to life","Support the GLP-1 journey","gradientHero","forest","luxe","9x16","1080","1920","instagram_story,facebook_story,instagram_reels","A day that doesn’t revolve around timing.","Two capsules each morning, so the rest of the day is yours.","For the calendar, not the scale","Explore LF-1"
"LF1_CONFIDENCE_gradientHero_ink_0480_191x1.png","0480","CONFIDENCE","Back to life","Support the GLP-1 journey","gradientHero","ink","grotesk","191x1","1200","628","facebook_right_column,audience_network","Plans, not contingencies.","LF-1 is daily digestive support for people on a GLP-1.","For the calendar, not the scale","Learn more"
"LF1_CONFIDENCE_gradientHero_ink_0480_1x1.png","0480","CONFIDENCE","Back to life","Support the GLP-1 journey","gradientHero","ink","grotesk","1x1","1080","1080","facebook_feed,instagram_feed","Plans, not contingencies.","LF-1 is daily digestive support for people on a GLP-1.","For the calendar, not the scale","Learn more"
"LF1_CONFIDENCE_gradientHero_ink_0480_4x5.png","0480","CONFIDENCE","Back to life","Support the GLP-1 journey","gradientHero","ink","grotesk","4x5","1080","1350","facebook_feed,instagram_feed","Plans, not contingencies.","LF-1 is daily digestive support for people on a GLP-1.","For the calendar, not the scale","Learn more"
"LF1_CONFIDENCE_gradientHero_ink_0480_9x16.png","0480","CONFIDENCE","Back to life","Support the GLP-1 journey","gradientHero","ink","grotesk","9x16","1080","1920","instagram_story,facebook_story,instagram_reels","Plans, not contingencies.","LF-1 is daily digestive support for people on a GLP-1.","For the calendar, not the scale","Learn more"
"LF1_CONFIDENCE_gradientHero_sage_0463_191x1.png","0463","CONFIDENCE","Back to life","Support the GLP-1 journey","gradientHero","sage","humanist","191x1","1200","628","facebook_right_column,audience_network","Let your calendar catch up.","The daily step that makes the other steps easier.","For the calendar, not the scale","Learn more"
"LF1_CONFIDENCE_gradientHero_sage_0463_1x1.png","0463","CONFIDENCE","Back to life","Support the GLP-1 journey","gradientHero","sage","humanist","1x1","1080","1080","facebook_feed,instagram_feed","Let your calendar catch up.","The daily step that makes the other steps easier.","For the calendar, not the scale","Learn more"
"LF1_CONFIDENCE_gradientHero_sage_0463_4x5.png","0463","CONFIDENCE","Back to life","Support the GLP-1 journey","gradientHero","sage","humanist","4x5","1080","1350","facebook_feed,instagram_feed","Let your calendar catch up.","The daily step that makes the other steps easier.","For the calendar, not the scale","Learn more"
"LF1_CONFIDENCE_gradientHero_sage_0463_9x16.png","0463","CONFIDENCE","Back to life","Support the GLP-1 journey","gradientHero","sage","humanist","9x16","1080","1920","instagram_story,facebook_story,instagram_reels","Let your calendar catch up.","The daily step that makes the other steps easier.","For the calendar, not the scale","Learn more"
"LF1_CONFIDENCE_indexCard_clay_0472_191x1.png","0472","CONFIDENCE","Back to life","Support the GLP-1 journey","indexCard","clay","luxe","191x1","1200","628","facebook_right_column,audience_network","Make the plans. Keep the plans.","LF-1 is daily digestive support for people on a GLP-1.","Say yes again","View LF-1"
"LF1_CONFIDENCE_indexCard_clay_0472_1x1.png","0472","CONFIDENCE","Back to life","Support the GLP-1 journey","indexCard","clay","luxe","1x1","1080","1080","facebook_feed,instagram_feed","Make the plans. Keep the plans.","LF-1 is daily digestive support for people on a GLP-1.","Say yes again","View LF-1"
"LF1_CONFIDENCE_indexCard_clay_0472_4x5.png","0472","CONFIDENCE","Back to life","Support the GLP-1 journey","indexCard","clay","luxe","4x5","1080","1350","facebook_feed,instagram_feed","Make the plans. Keep the plans.","LF-1 is daily digestive support for people on a GLP-1.","Say yes again","View LF-1"
"LF1_CONFIDENCE_indexCard_clay_0472_9x16.png","0472","CONFIDENCE","Back to life","Support the GLP-1 journey","indexCard","clay","luxe","9x16","1080","1920","instagram_story,facebook_story,instagram_reels","Make the plans. Keep the plans.","LF-1 is daily digestive support for people on a GLP-1.","Say yes again","View LF-1"
"LF1_CONFIDENCE_marquee_clinical_0465_1x1.png","0465","CONFIDENCE","Back to life","Support the GLP-1 journey","marquee","clinical","condensed","1x1","1080","1080","facebook_feed,instagram_feed","Plans you don’t have to think twice about.","Two capsules each morning, so the rest of the day is yours.","Back to plans","Shop now"
"LF1_CONFIDENCE_marquee_clinical_0465_4x5.png","0465","CONFIDENCE","Back to life","Support the GLP-1 journey","marquee","clinical","condensed","4x5","1080","1350","facebook_feed,instagram_feed","Plans you don’t have to think twice about.","Two capsules each morning, so the rest of the day is yours.","Back to plans","Shop now"
"LF1_CONFIDENCE_marquee_clinical_0465_9x16.png","0465","CONFIDENCE","Back to life","Support the GLP-1 journey","marquee","clinical","condensed","9x16","1080","1920","instagram_story,facebook_story,instagram_reels","Plans you don’t have to think twice about.","Two capsules each morning, so the rest of the day is yours.","Back to plans","Shop now"
"LF1_CONFIDENCE_marquee_sage_0469_1x1.png","0469","CONFIDENCE","Back to life","Support the GLP-1 journey","marquee","sage","grotesk","1x1","1080","1080","facebook_feed,instagram_feed","Comfortable enough to forget about it.","Two capsules each morning, so the rest of the day is yours.","Say yes again","Start with one month"
"LF1_CONFIDENCE_marquee_sage_0469_4x5.png","0469","CONFIDENCE","Back to life","Support the GLP-1 journey","marquee","sage","grotesk","4x5","1080","1350","facebook_feed,instagram_feed","Comfortable enough to forget about it.","Two capsules each morning, so the rest of the day is yours.","Say yes again","Start with one month"
"LF1_CONFIDENCE_marquee_sage_0469_9x16.png","0469","CONFIDENCE","Back to life","Support the GLP-1 journey","marquee","sage","grotesk","9x16","1080","1920","instagram_story,facebook_story,instagram_reels","Comfortable enough to forget about it.","Two capsules each morning, so the rest of the day is yours.","Say yes again","Start with one month"
"LF1_CONFIDENCE_quoteCard_clay_0481_191x1.png","0481","CONFIDENCE","Back to life","Support the GLP-1 journey","quoteCard","clay","editorial","191x1","1200","628","facebook_right_column,audience_network","For the parts of life that don’t wait.","Two capsules each morning, so the rest of the day is yours.","Back to plans","Explore LF-1"
"LF1_CONFIDENCE_quoteCard_clay_0481_1x1.png","0481","CONFIDENCE","Back to life","Support the GLP-1 journey","quoteCard","clay","editorial","1x1","1080","1080","facebook_feed,instagram_feed","For the parts of life that don’t wait.","Two capsules each morning, so the rest of the day is yours.","Back to plans","Explore LF-1"
"LF1_CONFIDENCE_quoteCard_clay_0481_4x5.png","0481","CONFIDENCE","Back to life","Support the GLP-1 journey","quoteCard","clay","editorial","4x5","1080","1350","facebook_feed,instagram_feed","For the parts of life that don’t wait.","Two capsules each morning, so the rest of the day is yours.","Back to plans","Explore LF-1"
"LF1_CONFIDENCE_quoteCard_clay_0481_9x16.png","0481","CONFIDENCE","Back to life","Support the GLP-1 journey","quoteCard","clay","editorial","9x16","1080","1920","instagram_story,facebook_story,instagram_reels","For the parts of life that don’t wait.","Two capsules each morning, so the rest of the day is yours.","Back to plans","Explore LF-1"
"LF1_CONFIDENCE_quoteCard_forest_0484_191x1.png","0484","CONFIDENCE","Back to life","Support the GLP-1 journey","quoteCard","forest","luxe","191x1","1200","628","facebook_right_column,audience_network","The point was always to live more.","Made for the routine, so you can get on with everything else.","Back to plans","Shop LF-1"
"LF1_CONFIDENCE_quoteCard_forest_0484_1x1.png","0484","CONFIDENCE","Back to life","Support the GLP-1 journey","quoteCard","forest","luxe","1x1","1080","1080","facebook_feed,instagram_feed","The point was always to live more.","Made for the routine, so you can get on with everything else.","Back to plans","Shop LF-1"
"LF1_CONFIDENCE_quoteCard_forest_0484_4x5.png","0484","CONFIDENCE","Back to life","Support the GLP-1 journey","quoteCard","forest","luxe","4x5","1080","1350","facebook_feed,instagram_feed","The point was always to live more.","Made for the routine, so you can get on with everything else.","Back to plans","Shop LF-1"
"LF1_CONFIDENCE_quoteCard_forest_0484_9x16.png","0484","CONFIDENCE","Back to life","Support the GLP-1 journey","quoteCard","forest","luxe","9x16","1080","1920","instagram_story,facebook_story,instagram_reels","The point was always to live more.","Made for the routine, so you can get on with everything else.","Back to plans","Shop LF-1"
"LF1_CONFIDENCE_ruleStack_clay_0474_191x1.png","0474","CONFIDENCE","Back to life","Support the GLP-1 journey","ruleStack","clay","editorial","191x1","1200","628","facebook_right_column,audience_network","Get your mornings back on the calendar.","Two capsules each morning, so the rest of the day is yours.","For the calendar, not the scale","Shop LF-1"
"LF1_CONFIDENCE_ruleStack_clay_0474_1x1.png","0474","CONFIDENCE","Back to life","Support the GLP-1 journey","ruleStack","clay","editorial","1x1","1080","1080","facebook_feed,instagram_feed","Get your mornings back on the calendar.","Two capsules each morning, so the rest of the day is yours.","For the calendar, not the scale","Shop LF-1"
"LF1_CONFIDENCE_ruleStack_clay_0474_4x5.png","0474","CONFIDENCE","Back to life","Support the GLP-1 journey","ruleStack","clay","editorial","4x5","1080","1350","facebook_feed,instagram_feed","Get your mornings back on the calendar.","Two capsules each morning, so the rest of the day is yours.","For the calendar, not the scale","Shop LF-1"
"LF1_CONFIDENCE_ruleStack_clay_0474_9x16.png","0474","CONFIDENCE","Back to life","Support the GLP-1 journey","ruleStack","clay","editorial","9x16","1080","1920","instagram_story,facebook_story,instagram_reels","Get your mornings back on the calendar.","Two capsules each morning, so the rest of the day is yours.","For the calendar, not the scale","Shop LF-1"
"LF1_CONFIDENCE_splitPanel_bone_0476_191x1.png","0476","CONFIDENCE","Back to life","Support the GLP-1 journey","splitPanel","bone","luxe","191x1","1200","628","facebook_right_column,audience_network","The goal isn’t just progress. It’s living.","The daily step that makes the other steps easier.","Say yes again","Start with one month"
"LF1_CONFIDENCE_splitPanel_bone_0476_1x1.png","0476","CONFIDENCE","Back to life","Support the GLP-1 journey","splitPanel","bone","luxe","1x1","1080","1080","facebook_feed,instagram_feed","The goal isn’t just progress. It’s living.","The daily step that makes the other steps easier.","Say yes again","Start with one month"
"LF1_CONFIDENCE_splitPanel_bone_0476_4x5.png","0476","CONFIDENCE","Back to life","Support the GLP-1 journey","splitPanel","bone","luxe","4x5","1080","1350","facebook_feed,instagram_feed","The goal isn’t just progress. It’s living.","The daily step that makes the other steps easier.","Say yes again","Start with one month"
"LF1_CONFIDENCE_splitPanel_bone_0476_9x16.png","0476","CONFIDENCE","Back to life","Support the GLP-1 journey","splitPanel","bone","luxe","9x16","1080","1920","instagram_story,facebook_story,instagram_reels","The goal isn’t just progress. It’s living.","The daily step that makes the other steps easier.","Say yes again","Start with one month"
"LF1_CONFIDENCE_splitPanel_clinical_0465_191x1.png","0465","CONFIDENCE","Back to life","Support the GLP-1 journey","splitPanel","clinical","condensed","191x1","1200","628","facebook_right_column,audience_network","Plans you don’t have to think twice about.","Two capsules each morning, so the rest of the day is yours.","Back to plans","Shop now"
"LF1_CONFIDENCE_splitPanel_sage_0469_191x1.png","0469","CONFIDENCE","Back to life","Support the GLP-1 journey","splitPanel","sage","grotesk","191x1","1200","628","facebook_right_column,audience_network","Comfortable enough to forget about it.","Two capsules each morning, so the rest of the day is yours.","Say yes again","Start with one month"
"LF1_CONFIDENCE_stickyNote_clinical_0466_191x1.png","0466","CONFIDENCE","Back to life","Support the GLP-1 journey","stickyNote","clinical","grotesk","191x1","1200","628","facebook_right_column,audience_network","Stop planning your day around your gut.","Two capsules each morning, so the rest of the day is yours.","Back to plans","Get LF-1"
"LF1_CONFIDENCE_stickyNote_clinical_0466_1x1.png","0466","CONFIDENCE","Back to life","Support the GLP-1 journey","stickyNote","clinical","grotesk","1x1","1080","1080","facebook_feed,instagram_feed","Stop planning your day around your gut.","Two capsules each morning, so the rest of the day is yours.","Back to plans","Get LF-1"
"LF1_CONFIDENCE_stickyNote_clinical_0466_4x5.png","0466","CONFIDENCE","Back to life","Support the GLP-1 journey","stickyNote","clinical","grotesk","4x5","1080","1350","facebook_feed,instagram_feed","Stop planning your day around your gut.","Two capsules each morning, so the rest of the day is yours.","Back to plans","Get LF-1"
"LF1_CONFIDENCE_stickyNote_clinical_0466_9x16.png","0466","CONFIDENCE","Back to life","Support the GLP-1 journey","stickyNote","clinical","grotesk","9x16","1080","1920","instagram_story,facebook_story,instagram_reels","Stop planning your day around your gut.","Two capsules each morning, so the rest of the day is yours.","Back to plans","Get LF-1"
"LF1_CONFIDENCE_stickyNote_clinical_0467_191x1.png","0467","CONFIDENCE","Back to life","Support the GLP-1 journey","stickyNote","clinical","impact","191x1","1200","628","facebook_right_column,audience_network","The restaurant. The flight. The long meeting.","The daily step that makes the other steps easier.","For the calendar, not the scale","Shop now"
"LF1_CONFIDENCE_stickyNote_clinical_0467_1x1.png","0467","CONFIDENCE","Back to life","Support the GLP-1 journey","stickyNote","clinical","impact","1x1","1080","1080","facebook_feed,instagram_feed","The restaurant. The flight. The long meeting.","The daily step that makes the other steps easier.","For the calendar, not the scale","Shop now"
"LF1_CONFIDENCE_stickyNote_clinical_0467_4x5.png","0467","CONFIDENCE","Back to life","Support the GLP-1 journey","stickyNote","clinical","impact","4x5","1080","1350","facebook_feed,instagram_feed","The restaurant. The flight. The long meeting.","The daily step that makes the other steps easier.","For the calendar, not the scale","Shop now"
"LF1_CONFIDENCE_stickyNote_clinical_0467_9x16.png","0467","CONFIDENCE","Back to life","Support the GLP-1 journey","stickyNote","clinical","impact","9x16","1080","1920","instagram_story,facebook_story,instagram_reels","The restaurant. The flight. The long meeting.","The daily step that makes the other steps easier.","For the calendar, not the scale","Shop now"
"LF1_CONFIDENCE_stickyNote_sand_0470_191x1.png","0470","CONFIDENCE","Back to life","Support the GLP-1 journey","stickyNote","sand","luxe","191x1","1200","628","facebook_right_column,audience_network","Freedom is not thinking about it.","Made for the routine, so you can get on with everything else.","Back to plans","Shop LF-1"
"LF1_CONFIDENCE_stickyNote_sand_0470_1x1.png","0470","CONFIDENCE","Back to life","Support the GLP-1 journey","stickyNote","sand","luxe","1x1","1080","1080","facebook_feed,instagram_feed","Freedom is not thinking about it.","Made for the routine, so you can get on with everything else.","Back to plans","Shop LF-1"
"LF1_CONFIDENCE_stickyNote_sand_0470_4x5.png","0470","CONFIDENCE","Back to life","Support the GLP-1 journey","stickyNote","sand","luxe","4x5","1080","1350","facebook_feed,instagram_feed","Freedom is not thinking about it.","Made for the routine, so you can get on with everything else.","Back to plans","Shop LF-1"
"LF1_CONFIDENCE_stickyNote_sand_0470_9x16.png","0470","CONFIDENCE","Back to life","Support the GLP-1 journey","stickyNote","sand","luxe","9x16","1080","1920","instagram_story,facebook_story,instagram_reels","Freedom is not thinking about it.","Made for the routine, so you can get on with everything else.","Back to plans","Shop LF-1"
"LF1_CONFIDENCE_timeline_clinical_0485_191x1.png","0485","CONFIDENCE","Back to life","Support the GLP-1 journey","timeline","clinical","grotesk","191x1","1200","628","facebook_right_column,audience_network","Book the table.","Made for the routine, so you can get on with everything else.","Back to plans","Start with one month"
"LF1_CONFIDENCE_timeline_clinical_0485_1x1.png","0485","CONFIDENCE","Back to life","Support the GLP-1 journey","timeline","clinical","grotesk","1x1","1080","1080","facebook_feed,instagram_feed","Book the table.","Made for the routine, so you can get on with everything else.","Back to plans","Start with one month"
"LF1_CONFIDENCE_timeline_clinical_0485_4x5.png","0485","CONFIDENCE","Back to life","Support the GLP-1 journey","timeline","clinical","grotesk","4x5","1080","1350","facebook_feed,instagram_feed","Book the table.","Made for the routine, so you can get on with everything else.","Back to plans","Start with one month"
"LF1_CONFIDENCE_timeline_clinical_0485_9x16.png","0485","CONFIDENCE","Back to life","Support the GLP-1 journey","timeline","clinical","grotesk","9x16","1080","1920","instagram_story,facebook_story,instagram_reels","Book the table.","Made for the routine, so you can get on with everything else.","Back to plans","Start with one month"
"LF1_EURO_STANDARD_badgeGrid_clay_0300_191x1.png","0300","EURO_STANDARD","European standard","Support the GLP-1 journey","badgeGrid","clay","luxe","191x1","1200","628","facebook_right_column,audience_network","European brand. Transparent formulation.","Sold across the EU under European food-supplement labelling rules.","European labelling standards","Explore LF-1"
"LF1_EURO_STANDARD_badgeGrid_clay_0300_1x1.png","0300","EURO_STANDARD","European standard","Support the GLP-1 journey","badgeGrid","clay","luxe","1x1","1080","1080","facebook_feed,instagram_feed","European brand. Transparent formulation.","Sold across the EU under European food-supplement labelling rules.","European labelling standards","Explore LF-1"
"LF1_EURO_STANDARD_badgeGrid_clay_0300_4x5.png","0300","EURO_STANDARD","European standard","Support the GLP-1 journey","badgeGrid","clay","luxe","4x5","1080","1350","facebook_feed,instagram_feed","European brand. Transparent formulation.","Sold across the EU under European food-supplement labelling rules.","European labelling standards","Explore LF-1"
"LF1_EURO_STANDARD_badgeGrid_clay_0300_9x16.png","0300","EURO_STANDARD","European standard","Support the GLP-1 journey","badgeGrid","clay","luxe","9x16","1080","1920","instagram_story,facebook_story,instagram_reels","European brand. Transparent formulation.","Sold across the EU under European food-supplement labelling rules.","European labelling standards","Explore LF-1"
"LF1_EURO_STANDARD_badgeGrid_sage_0301_191x1.png","0301","EURO_STANDARD","European standard","Support the GLP-1 journey","badgeGrid","sage","grotesk","191x1","1200","628","facebook_right_column,audience_network","Where claims have to be proven.","Sold across the EU under European food-supplement labelling rules.","Made to EU standards","Read the label"
"LF1_EURO_STANDARD_badgeGrid_sage_0301_1x1.png","0301","EURO_STANDARD","European standard","Support the GLP-1 journey","badgeGrid","sage","grotesk","1x1","1080","1080","facebook_feed,instagram_feed","Where claims have to be proven.","Sold across the EU under European food-supplement labelling rules.","Made to EU standards","Read the label"
"LF1_EURO_STANDARD_badgeGrid_sage_0301_4x5.png","0301","EURO_STANDARD","European standard","Support the GLP-1 journey","badgeGrid","sage","grotesk","4x5","1080","1350","facebook_feed,instagram_feed","Where claims have to be proven.","Sold across the EU under European food-supplement labelling rules.","Made to EU standards","Read the label"
"LF1_EURO_STANDARD_badgeGrid_sage_0301_9x16.png","0301","EURO_STANDARD","European standard","Support the GLP-1 journey","badgeGrid","sage","grotesk","9x16","1080","1920","instagram_story,facebook_story,instagram_reels","Where claims have to be proven.","Sold across the EU under European food-supplement labelling rules.","Made to EU standards","Read the label"
"LF1_EURO_STANDARD_badgeGrid_sand_0297_191x1.png","0297","EURO_STANDARD","European standard","Support the GLP-1 journey","badgeGrid","sand","editorial","191x1","1200","628","facebook_right_column,audience_network","The Dutch don’t do exaggerated claims.","A European company, a plainly described product.","Made to EU standards","Shop now"
"LF1_EURO_STANDARD_bigType_bone_0298_191x1.png","0298","EURO_STANDARD","European standard","Support the GLP-1 journey","bigType","bone","luxe","191x1","1200","628","facebook_right_column,audience_network","Made to the standards we’re held to.","Sold across the EU under European food-supplement labelling rules.","European labelling standards","Learn more"
"LF1_EURO_STANDARD_bigType_bone_0298_1x1.png","0298","EURO_STANDARD","European standard","Support the GLP-1 journey","bigType","bone","luxe","1x1","1080","1080","facebook_feed,instagram_feed","Made to the standards we’re held to.","Sold across the EU under European food-supplement labelling rules.","European labelling standards","Learn more"
"LF1_EURO_STANDARD_bigType_bone_0298_4x5.png","0298","EURO_STANDARD","European standard","Support the GLP-1 journey","bigType","bone","luxe","4x5","1080","1350","facebook_feed,instagram_feed","Made to the standards we’re held to.","Sold across the EU under European food-supplement labelling rules.","European labelling standards","Learn more"
"LF1_EURO_STANDARD_bigType_bone_0298_9x16.png","0298","EURO_STANDARD","European standard","Support the GLP-1 journey","bigType","bone","luxe","9x16","1080","1920","instagram_story,facebook_story,instagram_reels","Made to the standards we’re held to.","Sold across the EU under European food-supplement labelling rules.","European labelling standards","Learn more"
"LF1_EURO_STANDARD_bigType_clinical_0299_191x1.png","0299","EURO_STANDARD","European standard","Support the GLP-1 journey","bigType","clinical","humanist","191x1","1200","628","facebook_right_column,audience_network","Regulated market. Honest label.","Sold across the EU under European food-supplement labelling rules.","Amsterdam · LEAF","Explore LF-1"
"LF1_EURO_STANDARD_bigType_clinical_0299_1x1.png","0299","EURO_STANDARD","European standard","Support the GLP-1 journey","bigType","clinical","humanist","1x1","1080","1080","facebook_feed,instagram_feed","Regulated market. Honest label.","Sold across the EU under European food-supplement labelling rules.","Amsterdam · LEAF","Explore LF-1"
"LF1_EURO_STANDARD_bigType_clinical_0299_4x5.png","0299","EURO_STANDARD","European standard","Support the GLP-1 journey","bigType","clinical","humanist","4x5","1080","1350","facebook_feed,instagram_feed","Regulated market. Honest label.","Sold across the EU under European food-supplement labelling rules.","Amsterdam · LEAF","Explore LF-1"
"LF1_EURO_STANDARD_bigType_clinical_0299_9x16.png","0299","EURO_STANDARD","European standard","Support the GLP-1 journey","bigType","clinical","humanist","9x16","1080","1920","instagram_story,facebook_story,instagram_reels","Regulated market. Honest label.","Sold across the EU under European food-supplement labelling rules.","Amsterdam · LEAF","Explore LF-1"
"LF1_EURO_STANDARD_bigType_mint_0288_191x1.png","0288","EURO_STANDARD","European standard","Support the GLP-1 journey","bigType","mint","humanist","191x1","1200","628","facebook_right_column,audience_network","European standards. Daily routine.","LEAF is a Netherlands-based brand. LF-1 is manufactured in the USA.","European labelling standards","Shop now"
"LF1_EURO_STANDARD_bigType_mint_0288_1x1.png","0288","EURO_STANDARD","European standard","Support the GLP-1 journey","bigType","mint","humanist","1x1","1080","1080","facebook_feed,instagram_feed","European standards. Daily routine.","LEAF is a Netherlands-based brand. LF-1 is manufactured in the USA.","European labelling standards","Shop now"
"LF1_EURO_STANDARD_bigType_mint_0288_4x5.png","0288","EURO_STANDARD","European standard","Support the GLP-1 journey","bigType","mint","humanist","4x5","1080","1350","facebook_feed,instagram_feed","European standards. Daily routine.","LEAF is a Netherlands-based brand. LF-1 is manufactured in the USA.","European labelling standards","Shop now"
"LF1_EURO_STANDARD_bigType_mint_0288_9x16.png","0288","EURO_STANDARD","European standard","Support the GLP-1 journey","bigType","mint","humanist","9x16","1080","1920","instagram_story,facebook_story,instagram_reels","European standards. Daily routine.","LEAF is a Netherlands-based brand. LF-1 is manufactured in the USA.","European labelling standards","Shop now"
"LF1_EURO_STANDARD_boxFrame_bone_0305_191x1.png","0305","EURO_STANDARD","European standard","Support the GLP-1 journey","boxFrame","bone","humanist","191x1","1200","628","facebook_right_column,audience_network","Strict standards, simple capsule.","Sold across the EU under European food-supplement labelling rules.","Made to EU standards","Get LF-1"
"LF1_EURO_STANDARD_boxFrame_bone_0305_1x1.png","0305","EURO_STANDARD","European standard","Support the GLP-1 journey","boxFrame","bone","humanist","1x1","1080","1080","facebook_feed,instagram_feed","Strict standards, simple capsule.","Sold across the EU under European food-supplement labelling rules.","Made to EU standards","Get LF-1"
"LF1_EURO_STANDARD_boxFrame_bone_0305_4x5.png","0305","EURO_STANDARD","European standard","Support the GLP-1 journey","boxFrame","bone","humanist","4x5","1080","1350","facebook_feed,instagram_feed","Strict standards, simple capsule.","Sold across the EU under European food-supplement labelling rules.","Made to EU standards","Get LF-1"
"LF1_EURO_STANDARD_boxFrame_bone_0305_9x16.png","0305","EURO_STANDARD","European standard","Support the GLP-1 journey","boxFrame","bone","humanist","9x16","1080","1920","instagram_story,facebook_story,instagram_reels","Strict standards, simple capsule.","Sold across the EU under European food-supplement labelling rules.","Made to EU standards","Get LF-1"
"LF1_EURO_STANDARD_boxFrame_ink_0286_191x1.png","0286","EURO_STANDARD","European standard","Support the GLP-1 journey","boxFrame","ink","impact","191x1","1200","628","facebook_right_column,audience_network","Sold under European labelling standards.","Sold across the EU under European food-supplement labelling rules.","From the Netherlands","View LF-1"
"LF1_EURO_STANDARD_boxFrame_ink_0286_1x1.png","0286","EURO_STANDARD","European standard","Support the GLP-1 journey","boxFrame","ink","impact","1x1","1080","1080","facebook_feed,instagram_feed","Sold under European labelling standards.","Sold across the EU under European food-supplement labelling rules.","From the Netherlands","View LF-1"
"LF1_EURO_STANDARD_boxFrame_ink_0286_4x5.png","0286","EURO_STANDARD","European standard","Support the GLP-1 journey","boxFrame","ink","impact","4x5","1080","1350","facebook_feed,instagram_feed","Sold under European labelling standards.","Sold across the EU under European food-supplement labelling rules.","From the Netherlands","View LF-1"
"LF1_EURO_STANDARD_boxFrame_ink_0286_9x16.png","0286","EURO_STANDARD","European standard","Support the GLP-1 journey","boxFrame","ink","impact","9x16","1080","1920","instagram_story,facebook_story,instagram_reels","Sold under European labelling standards.","Sold across the EU under European food-supplement labelling rules.","From the Netherlands","View LF-1"
"LF1_EURO_STANDARD_boxFrame_mint_0304_191x1.png","0304","EURO_STANDARD","European standard","Support the GLP-1 journey","boxFrame","mint","grotesk","191x1","1200","628","facebook_right_column,audience_network","Built for a market that checks.","European standards mean claims have to be substantiated.","Made to EU standards","View LF-1"
"LF1_EURO_STANDARD_boxFrame_mint_0304_1x1.png","0304","EURO_STANDARD","European standard","Support the GLP-1 journey","boxFrame","mint","grotesk","1x1","1080","1080","facebook_feed,instagram_feed","Built for a market that checks.","European standards mean claims have to be substantiated.","Made to EU standards","View LF-1"
"LF1_EURO_STANDARD_boxFrame_mint_0304_4x5.png","0304","EURO_STANDARD","European standard","Support the GLP-1 journey","boxFrame","mint","grotesk","4x5","1080","1350","facebook_feed,instagram_feed","Built for a market that checks.","European standards mean claims have to be substantiated.","Made to EU standards","View LF-1"
"LF1_EURO_STANDARD_boxFrame_mint_0304_9x16.png","0304","EURO_STANDARD","European standard","Support the GLP-1 journey","boxFrame","mint","grotesk","9x16","1080","1920","instagram_story,facebook_story,instagram_reels","Built for a market that checks.","European standards mean claims have to be substantiated.","Made to EU standards","View LF-1"
"LF1_EURO_STANDARD_boxFrame_sage_0311_191x1.png","0311","EURO_STANDARD","European standard","Support the GLP-1 journey","boxFrame","sage","humanist","191x1","1200","628","facebook_right_column,audience_network","Honest by regulation.","LEAF is a Netherlands-based brand. LF-1 is manufactured in the USA.","From the Netherlands","Shop LF-1"
"LF1_EURO_STANDARD_boxFrame_sage_0311_1x1.png","0311","EURO_STANDARD","European standard","Support the GLP-1 journey","boxFrame","sage","humanist","1x1","1080","1080","facebook_feed,instagram_feed","Honest by regulation.","LEAF is a Netherlands-based brand. LF-1 is manufactured in the USA.","From the Netherlands","Shop LF-1"
"LF1_EURO_STANDARD_boxFrame_sage_0311_4x5.png","0311","EURO_STANDARD","European standard","Support the GLP-1 journey","boxFrame","sage","humanist","4x5","1080","1350","facebook_feed,instagram_feed","Honest by regulation.","LEAF is a Netherlands-based brand. LF-1 is manufactured in the USA.","From the Netherlands","Shop LF-1"
"LF1_EURO_STANDARD_boxFrame_sage_0311_9x16.png","0311","EURO_STANDARD","European standard","Support the GLP-1 journey","boxFrame","sage","humanist","9x16","1080","1920","instagram_story,facebook_story,instagram_reels","Honest by regulation.","LEAF is a Netherlands-based brand. LF-1 is manufactured in the USA.","From the Netherlands","Shop LF-1"
"LF1_EURO_STANDARD_checklist_sand_0297_1x1.png","0297","EURO_STANDARD","European standard","Support the GLP-1 journey","checklist","sand","editorial","1x1","1080","1080","facebook_feed,instagram_feed","The Dutch don’t do exaggerated claims.","A European company, a plainly described product.","Made to EU standards","Shop now"
"LF1_EURO_STANDARD_checklist_sand_0297_4x5.png","0297","EURO_STANDARD","European standard","Support the GLP-1 journey","checklist","sand","editorial","4x5","1080","1350","facebook_feed,instagram_feed","The Dutch don’t do exaggerated claims.","A European company, a plainly described product.","Made to EU standards","Shop now"
"LF1_EURO_STANDARD_checklist_sand_0297_9x16.png","0297","EURO_STANDARD","European standard","Support the GLP-1 journey","checklist","sand","editorial","9x16","1080","1920","instagram_story,facebook_story,instagram_reels","The Dutch don’t do exaggerated claims.","A European company, a plainly described product.","Made to EU standards","Shop now"
"LF1_EURO_STANDARD_circleSeal_bone_0315_191x1.png","0315","EURO_STANDARD","European standard","Support the GLP-1 journey","circleSeal","bone","humanist","191x1","1200","628","facebook_right_column,audience_network","Dutch brand. Direct language.","Non-GMO, vegetarian, allergen-free. Plainly labelled.","Amsterdam · LEAF","Shop now"
"LF1_EURO_STANDARD_circleSeal_bone_0315_1x1.png","0315","EURO_STANDARD","European standard","Support the GLP-1 journey","circleSeal","bone","humanist","1x1","1080","1080","facebook_feed,instagram_feed","Dutch brand. Direct language.","Non-GMO, vegetarian, allergen-free. Plainly labelled.","Amsterdam · LEAF","Shop now"
"LF1_EURO_STANDARD_circleSeal_bone_0315_4x5.png","0315","EURO_STANDARD","European standard","Support the GLP-1 journey","circleSeal","bone","humanist","4x5","1080","1350","facebook_feed,instagram_feed","Dutch brand. Direct language.","Non-GMO, vegetarian, allergen-free. Plainly labelled.","Amsterdam · LEAF","Shop now"
"LF1_EURO_STANDARD_circleSeal_bone_0315_9x16.png","0315","EURO_STANDARD","European standard","Support the GLP-1 journey","circleSeal","bone","humanist","9x16","1080","1920","instagram_story,facebook_story,instagram_reels","Dutch brand. Direct language.","Non-GMO, vegetarian, allergen-free. Plainly labelled.","Amsterdam · LEAF","Shop now"
"LF1_EURO_STANDARD_circleSeal_forest_0306_191x1.png","0306","EURO_STANDARD","European standard","Support the GLP-1 journey","circleSeal","forest","impact","191x1","1200","628","facebook_right_column,audience_network","The EU version of GLP-1 support.","LEAF is a Netherlands-based brand. LF-1 is manufactured in the USA.","Made to EU standards","Get LF-1"
"LF1_EURO_STANDARD_circleSeal_forest_0306_1x1.png","0306","EURO_STANDARD","European standard","Support the GLP-1 journey","circleSeal","forest","impact","1x1","1080","1080","facebook_feed,instagram_feed","The EU version of GLP-1 support.","LEAF is a Netherlands-based brand. LF-1 is manufactured in the USA.","Made to EU standards","Get LF-1"
"LF1_EURO_STANDARD_circleSeal_forest_0306_4x5.png","0306","EURO_STANDARD","European standard","Support the GLP-1 journey","circleSeal","forest","impact","4x5","1080","1350","facebook_feed,instagram_feed","The EU version of GLP-1 support.","LEAF is a Netherlands-based brand. LF-1 is manufactured in the USA.","Made to EU standards","Get LF-1"
"LF1_EURO_STANDARD_circleSeal_forest_0306_9x16.png","0306","EURO_STANDARD","European standard","Support the GLP-1 journey","circleSeal","forest","impact","9x16","1080","1920","instagram_story,facebook_story,instagram_reels","The EU version of GLP-1 support.","LEAF is a Netherlands-based brand. LF-1 is manufactured in the USA.","Made to EU standards","Get LF-1"
"LF1_EURO_STANDARD_circleSeal_ink_0313_191x1.png","0313","EURO_STANDARD","European standard","Support the GLP-1 journey","circleSeal","ink","impact","191x1","1200","628","facebook_right_column,audience_network","Standards first. Claims second.","LEAF is a Netherlands-based brand. LF-1 is manufactured in the USA.","European labelling standards","See what’s in it"
"LF1_EURO_STANDARD_circleSeal_ink_0313_1x1.png","0313","EURO_STANDARD","European standard","Support the GLP-1 journey","circleSeal","ink","impact","1x1","1080","1080","facebook_feed,instagram_feed","Standards first. Claims second.","LEAF is a Netherlands-based brand. LF-1 is manufactured in the USA.","European labelling standards","See what’s in it"
"LF1_EURO_STANDARD_circleSeal_ink_0313_4x5.png","0313","EURO_STANDARD","European standard","Support the GLP-1 journey","circleSeal","ink","impact","4x5","1080","1350","facebook_feed,instagram_feed","Standards first. Claims second.","LEAF is a Netherlands-based brand. LF-1 is manufactured in the USA.","European labelling standards","See what’s in it"
"LF1_EURO_STANDARD_circleSeal_ink_0313_9x16.png","0313","EURO_STANDARD","European standard","Support the GLP-1 journey","circleSeal","ink","impact","9x16","1080","1920","instagram_story,facebook_story,instagram_reels","Standards first. Claims second.","LEAF is a Netherlands-based brand. LF-1 is manufactured in the USA.","European labelling standards","See what’s in it"
"LF1_EURO_STANDARD_circleSeal_mint_0296_191x1.png","0296","EURO_STANDARD","European standard","Support the GLP-1 journey","circleSeal","mint","humanist","191x1","1200","628","facebook_right_column,audience_network","Claims held to European regulation.","A European company, a plainly described product.","Made to EU standards","Start with one month"
"LF1_EURO_STANDARD_circleSeal_mint_0296_1x1.png","0296","EURO_STANDARD","European standard","Support the GLP-1 journey","circleSeal","mint","humanist","1x1","1080","1080","facebook_feed,instagram_feed","Claims held to European regulation.","A European company, a plainly described product.","Made to EU standards","Start with one month"
"LF1_EURO_STANDARD_circleSeal_mint_0296_4x5.png","0296","EURO_STANDARD","European standard","Support the GLP-1 journey","circleSeal","mint","humanist","4x5","1080","1350","facebook_feed,instagram_feed","Claims held to European regulation.","A European company, a plainly described product.","Made to EU standards","Start with one month"
"LF1_EURO_STANDARD_circleSeal_mint_0296_9x16.png","0296","EURO_STANDARD","European standard","Support the GLP-1 journey","circleSeal","mint","humanist","9x16","1080","1920","instagram_story,facebook_story,instagram_reels","Claims held to European regulation.","A European company, a plainly described product.","Made to EU standards","Start with one month"
"LF1_EURO_STANDARD_circleSeal_mint_0302_191x1.png","0302","EURO_STANDARD","European standard","Support the GLP-1 journey","circleSeal","mint","grotesk","191x1","1200","628","facebook_right_column,audience_network","LEAF is a Netherlands company.","Sold across the EU under European food-supplement labelling rules.","Made to EU standards","Shop now"
"LF1_EURO_STANDARD_circleSeal_mint_0302_1x1.png","0302","EURO_STANDARD","European standard","Support the GLP-1 journey","circleSeal","mint","grotesk","1x1","1080","1080","facebook_feed,instagram_feed","LEAF is a Netherlands company.","Sold across the EU under European food-supplement labelling rules.","Made to EU standards","Shop now"
"LF1_EURO_STANDARD_circleSeal_mint_0302_4x5.png","0302","EURO_STANDARD","European standard","Support the GLP-1 journey","circleSeal","mint","grotesk","4x5","1080","1350","facebook_feed,instagram_feed","LEAF is a Netherlands company.","Sold across the EU under European food-supplement labelling rules.","Made to EU standards","Shop now"
"LF1_EURO_STANDARD_circleSeal_mint_0302_9x16.png","0302","EURO_STANDARD","European standard","Support the GLP-1 journey","circleSeal","mint","grotesk","9x16","1080","1920","instagram_story,facebook_story,instagram_reels","LEAF is a Netherlands company.","Sold across the EU under European food-supplement labelling rules.","Made to EU standards","Shop now"
"LF1_EURO_STANDARD_faqCard_sage_0295_191x1.png","0295","EURO_STANDARD","European standard","Support the GLP-1 journey","faqCard","sage","humanist","191x1","1200","628","facebook_right_column,audience_network","A European take on daily GLP-1 support.","LEAF is a Netherlands-based brand. LF-1 is manufactured in the USA.","European labelling standards","Shop now"
"LF1_EURO_STANDARD_faqCard_sage_0295_1x1.png","0295","EURO_STANDARD","European standard","Support the GLP-1 journey","faqCard","sage","humanist","1x1","1080","1080","facebook_feed,instagram_feed","A European take on daily GLP-1 support.","LEAF is a Netherlands-based brand. LF-1 is manufactured in the USA.","European labelling standards","Shop now"
"LF1_EURO_STANDARD_faqCard_sage_0295_4x5.png","0295","EURO_STANDARD","European standard","Support the GLP-1 journey","faqCard","sage","humanist","4x5","1080","1350","facebook_feed,instagram_feed","A European take on daily GLP-1 support.","LEAF is a Netherlands-based brand. LF-1 is manufactured in the USA.","European labelling standards","Shop now"
"LF1_EURO_STANDARD_faqCard_sage_0295_9x16.png","0295","EURO_STANDARD","European standard","Support the GLP-1 journey","faqCard","sage","humanist","9x16","1080","1920","instagram_story,facebook_story,instagram_reels","A European take on daily GLP-1 support.","LEAF is a Netherlands-based brand. LF-1 is manufactured in the USA.","European labelling standards","Shop now"
"LF1_EURO_STANDARD_gradientHero_sage_0294_191x1.png","0294","EURO_STANDARD","European standard","Support the GLP-1 journey","gradientHero","sage","humanist","191x1","1200","628","facebook_right_column,audience_network","EU standards aren’t a marketing line. They’re the law.","European standards mean claims have to be substantiated.","From the Netherlands","Get LF-1"
"LF1_EURO_STANDARD_gradientHero_sage_0294_1x1.png","0294","EURO_STANDARD","European standard","Support the GLP-1 journey","gradientHero","sage","humanist","1x1","1080","1080","facebook_feed,instagram_feed","EU standards aren’t a marketing line. They’re the law.","European standards mean claims have to be substantiated.","From the Netherlands","Get LF-1"
"LF1_EURO_STANDARD_gradientHero_sage_0294_4x5.png","0294","EURO_STANDARD","European standard","Support the GLP-1 journey","gradientHero","sage","humanist","4x5","1080","1350","facebook_feed,instagram_feed","EU standards aren’t a marketing line. They’re the law.","European standards mean claims have to be substantiated.","From the Netherlands","Get LF-1"
"LF1_EURO_STANDARD_gradientHero_sage_0294_9x16.png","0294","EURO_STANDARD","European standard","Support the GLP-1 journey","gradientHero","sage","humanist","9x16","1080","1920","instagram_story,facebook_story,instagram_reels","EU standards aren’t a marketing line. They’re the law.","European standards mean claims have to be substantiated.","From the Netherlands","Get LF-1"
"LF1_EURO_STANDARD_indexCard_clinical_0312_191x1.png","0312","EURO_STANDARD","European standard","Support the GLP-1 journey","indexCard","clinical","grotesk","191x1","1200","628","facebook_right_column,audience_network","European brand, global routine.","A European company, a plainly described product.","From the Netherlands","Get LF-1"
"LF1_EURO_STANDARD_indexCard_clinical_0314_191x1.png","0314","EURO_STANDARD","European standard","Support the GLP-1 journey","indexCard","clinical","impact","191x1","1200","628","facebook_right_column,audience_network","From a market that audits its labels.","Sold across the EU under European food-supplement labelling rules.","From the Netherlands","Start with one month"
"LF1_EURO_STANDARD_labelPanel_bone_0290_1x1.png","0290","EURO_STANDARD","European standard","Support the GLP-1 journey","labelPanel","bone","humanist","1x1","1080","1080","facebook_feed,instagram_feed","From Amsterdam, for your GLP-1 journey.","LEAF is a Netherlands-based brand. LF-1 is manufactured in the USA.","Amsterdam · LEAF","Learn more"
"LF1_EURO_STANDARD_labelPanel_bone_0290_4x5.png","0290","EURO_STANDARD","European standard","Support the GLP-1 journey","labelPanel","bone","humanist","4x5","1080","1350","facebook_feed,instagram_feed","From Amsterdam, for your GLP-1 journey.","LEAF is a Netherlands-based brand. LF-1 is manufactured in the USA.","Amsterdam · LEAF","Learn more"
"LF1_EURO_STANDARD_labelPanel_bone_0290_9x16.png","0290","EURO_STANDARD","European standard","Support the GLP-1 journey","labelPanel","bone","humanist","9x16","1080","1920","instagram_story,facebook_story,instagram_reels","From Amsterdam, for your GLP-1 journey.","LEAF is a Netherlands-based brand. LF-1 is manufactured in the USA.","Amsterdam · LEAF","Learn more"
"LF1_EURO_STANDARD_labelPanel_clinical_0293_1x1.png","0293","EURO_STANDARD","European standard","Support the GLP-1 journey","labelPanel","clinical","impact","1x1","1080","1080","facebook_feed,instagram_feed","Built where the rules are strict.","Non-GMO, vegetarian, allergen-free. Plainly labelled.","Made to EU standards","Shop LF-1"
"LF1_EURO_STANDARD_labelPanel_clinical_0293_4x5.png","0293","EURO_STANDARD","European standard","Support the GLP-1 journey","labelPanel","clinical","impact","4x5","1080","1350","facebook_feed,instagram_feed","Built where the rules are strict.","Non-GMO, vegetarian, allergen-free. Plainly labelled.","Made to EU standards","Shop LF-1"
"LF1_EURO_STANDARD_labelPanel_clinical_0293_9x16.png","0293","EURO_STANDARD","European standard","Support the GLP-1 journey","labelPanel","clinical","impact","9x16","1080","1920","instagram_story,facebook_story,instagram_reels","Built where the rules are strict.","Non-GMO, vegetarian, allergen-free. Plainly labelled.","Made to EU standards","Shop LF-1"
"LF1_EURO_STANDARD_labelPanel_forest_0307_1x1.png","0307","EURO_STANDARD","European standard","Support the GLP-1 journey","labelPanel","forest","impact","1x1","1080","1080","facebook_feed,instagram_feed","No hype. European labelling rules.","European standards mean claims have to be substantiated.","European labelling standards","Read the label"
"LF1_EURO_STANDARD_labelPanel_forest_0307_4x5.png","0307","EURO_STANDARD","European standard","Support the GLP-1 journey","labelPanel","forest","impact","4x5","1080","1350","facebook_feed,instagram_feed","No hype. European labelling rules.","European standards mean claims have to be substantiated.","European labelling standards","Read the label"
"LF1_EURO_STANDARD_labelPanel_forest_0307_9x16.png","0307","EURO_STANDARD","European standard","Support the GLP-1 journey","labelPanel","forest","impact","9x16","1080","1920","instagram_story,facebook_story,instagram_reels","No hype. European labelling rules.","European standards mean claims have to be substantiated.","European labelling standards","Read the label"
"LF1_EURO_STANDARD_labelPanel_sage_0303_1x1.png","0303","EURO_STANDARD","European standard","Support the GLP-1 journey","labelPanel","sage","humanist","1x1","1080","1080","facebook_feed,instagram_feed","European compliance, by default.","A European company, a plainly described product.","European labelling standards","Read the label"
"LF1_EURO_STANDARD_labelPanel_sage_0303_4x5.png","0303","EURO_STANDARD","European standard","Support the GLP-1 journey","labelPanel","sage","humanist","4x5","1080","1350","facebook_feed,instagram_feed","European compliance, by default.","A European company, a plainly described product.","European labelling standards","Read the label"
"LF1_EURO_STANDARD_labelPanel_sage_0303_9x16.png","0303","EURO_STANDARD","European standard","Support the GLP-1 journey","labelPanel","sage","humanist","9x16","1080","1920","instagram_story,facebook_story,instagram_reels","European compliance, by default.","A European company, a plainly described product.","European labelling standards","Read the label"
"LF1_EURO_STANDARD_marquee_clinical_0310_1x1.png","0310","EURO_STANDARD","European standard","Support the GLP-1 journey","marquee","clinical","grotesk","1x1","1080","1080","facebook_feed,instagram_feed","Made under rules that don’t allow shortcuts.","Sold across the EU under European food-supplement labelling rules.","Amsterdam · LEAF","Shop now"
"LF1_EURO_STANDARD_marquee_clinical_0310_4x5.png","0310","EURO_STANDARD","European standard","Support the GLP-1 journey","marquee","clinical","grotesk","4x5","1080","1350","facebook_feed,instagram_feed","Made under rules that don’t allow shortcuts.","Sold across the EU under European food-supplement labelling rules.","Amsterdam · LEAF","Shop now"
"LF1_EURO_STANDARD_marquee_clinical_0310_9x16.png","0310","EURO_STANDARD","European standard","Support the GLP-1 journey","marquee","clinical","grotesk","9x16","1080","1920","instagram_story,facebook_story,instagram_reels","Made under rules that don’t allow shortcuts.","Sold across the EU under European food-supplement labelling rules.","Amsterdam · LEAF","Shop now"
"LF1_EURO_STANDARD_notesApp_clinical_0312_1x1.png","0312","EURO_STANDARD","European standard","Support the GLP-1 journey","notesApp","clinical","grotesk","1x1","1080","1080","facebook_feed,instagram_feed","European brand, global routine.","A European company, a plainly described product.","From the Netherlands","Get LF-1"
"LF1_EURO_STANDARD_notesApp_clinical_0312_4x5.png","0312","EURO_STANDARD","European standard","Support the GLP-1 journey","notesApp","clinical","grotesk","4x5","1080","1350","facebook_feed,instagram_feed","European brand, global routine.","A European company, a plainly described product.","From the Netherlands","Get LF-1"
"LF1_EURO_STANDARD_notesApp_clinical_0312_9x16.png","0312","EURO_STANDARD","European standard","Support the GLP-1 journey","notesApp","clinical","grotesk","9x16","1080","1920","instagram_story,facebook_story,instagram_reels","European brand, global routine.","A European company, a plainly described product.","From the Netherlands","Get LF-1"
"LF1_EURO_STANDARD_notesApp_clinical_0314_1x1.png","0314","EURO_STANDARD","European standard","Support the GLP-1 journey","notesApp","clinical","impact","1x1","1080","1080","facebook_feed,instagram_feed","From a market that audits its labels.","Sold across the EU under European food-supplement labelling rules.","From the Netherlands","Start with one month"
"LF1_EURO_STANDARD_notesApp_clinical_0314_4x5.png","0314","EURO_STANDARD","European standard","Support the GLP-1 journey","notesApp","clinical","impact","4x5","1080","1350","facebook_feed,instagram_feed","From a market that audits its labels.","Sold across the EU under European food-supplement labelling rules.","From the Netherlands","Start with one month"
"LF1_EURO_STANDARD_notesApp_clinical_0314_9x16.png","0314","EURO_STANDARD","European standard","Support the GLP-1 journey","notesApp","clinical","impact","9x16","1080","1920","instagram_story,facebook_story,instagram_reels","From a market that audits its labels.","Sold across the EU under European food-supplement labelling rules.","From the Netherlands","Start with one month"
"LF1_EURO_STANDARD_prescriptionPair_bone_0291_191x1.png","0291","EURO_STANDARD","European standard","Support the GLP-1 journey","prescriptionPair","bone","humanist","191x1","1200","628","facebook_right_column,audience_network","Held to EU labelling standards.","LEAF is a Netherlands-based brand. LF-1 is manufactured in the USA.","Amsterdam · LEAF","Get LF-1"
"LF1_EURO_STANDARD_prescriptionPair_bone_0291_1x1.png","0291","EURO_STANDARD","European standard","Support the GLP-1 journey","prescriptionPair","bone","humanist","1x1","1080","1080","facebook_feed,instagram_feed","Held to EU labelling standards.","LEAF is a Netherlands-based brand. LF-1 is manufactured in the USA.","Amsterdam · LEAF","Get LF-1"
"LF1_EURO_STANDARD_prescriptionPair_bone_0291_4x5.png","0291","EURO_STANDARD","European standard","Support the GLP-1 journey","prescriptionPair","bone","humanist","4x5","1080","1350","facebook_feed,instagram_feed","Held to EU labelling standards.","LEAF is a Netherlands-based brand. LF-1 is manufactured in the USA.","Amsterdam · LEAF","Get LF-1"
"LF1_EURO_STANDARD_prescriptionPair_bone_0291_9x16.png","0291","EURO_STANDARD","European standard","Support the GLP-1 journey","prescriptionPair","bone","humanist","9x16","1080","1920","instagram_story,facebook_story,instagram_reels","Held to EU labelling standards.","LEAF is a Netherlands-based brand. LF-1 is manufactured in the USA.","Amsterdam · LEAF","Get LF-1"
"LF1_EURO_STANDARD_quoteCard_mint_0292_191x1.png","0292","EURO_STANDARD","European standard","Support the GLP-1 journey","quoteCard","mint","humanist","191x1","1200","628","facebook_right_column,audience_network","European rigour, daily format.","Non-GMO, vegetarian, allergen-free. Plainly labelled.","From the Netherlands","Get LF-1"
"LF1_EURO_STANDARD_quoteCard_mint_0292_1x1.png","0292","EURO_STANDARD","European standard","Support the GLP-1 journey","quoteCard","mint","humanist","1x1","1080","1080","facebook_feed,instagram_feed","European rigour, daily format.","Non-GMO, vegetarian, allergen-free. Plainly labelled.","From the Netherlands","Get LF-1"
"LF1_EURO_STANDARD_quoteCard_mint_0292_4x5.png","0292","EURO_STANDARD","European standard","Support the GLP-1 journey","quoteCard","mint","humanist","4x5","1080","1350","facebook_feed,instagram_feed","European rigour, daily format.","Non-GMO, vegetarian, allergen-free. Plainly labelled.","From the Netherlands","Get LF-1"
"LF1_EURO_STANDARD_quoteCard_mint_0292_9x16.png","0292","EURO_STANDARD","European standard","Support the GLP-1 journey","quoteCard","mint","humanist","9x16","1080","1920","instagram_story,facebook_story,instagram_reels","European rigour, daily format.","Non-GMO, vegetarian, allergen-free. Plainly labelled.","From the Netherlands","Get LF-1"
"LF1_EURO_STANDARD_quoteCard_mint_0309_191x1.png","0309","EURO_STANDARD","European standard","Support the GLP-1 journey","quoteCard","mint","humanist","191x1","1200","628","facebook_right_column,audience_network","A European standard for daily support.","Non-GMO, vegetarian, allergen-free. Plainly labelled.","European labelling standards","Start with one month"
"LF1_EURO_STANDARD_quoteCard_mint_0309_1x1.png","0309","EURO_STANDARD","European standard","Support the GLP-1 journey","quoteCard","mint","humanist","1x1","1080","1080","facebook_feed,instagram_feed","A European standard for daily support.","Non-GMO, vegetarian, allergen-free. Plainly labelled.","European labelling standards","Start with one month"
"LF1_EURO_STANDARD_quoteCard_mint_0309_4x5.png","0309","EURO_STANDARD","European standard","Support the GLP-1 journey","quoteCard","mint","humanist","4x5","1080","1350","facebook_feed,instagram_feed","A European standard for daily support.","Non-GMO, vegetarian, allergen-free. Plainly labelled.","European labelling standards","Start with one month"
"LF1_EURO_STANDARD_quoteCard_mint_0309_9x16.png","0309","EURO_STANDARD","European standard","Support the GLP-1 journey","quoteCard","mint","humanist","9x16","1080","1920","instagram_story,facebook_story,instagram_reels","A European standard for daily support.","Non-GMO, vegetarian, allergen-free. Plainly labelled.","European labelling standards","Start with one month"
"LF1_EURO_STANDARD_quoteCard_sand_0287_191x1.png","0287","EURO_STANDARD","European standard","Support the GLP-1 journey","quoteCard","sand","luxe","191x1","1200","628","facebook_right_column,audience_network","A Dutch approach to GLP-1 support.","European standards mean claims have to be substantiated.","Amsterdam · LEAF","Shop LF-1"
"LF1_EURO_STANDARD_quoteCard_sand_0287_1x1.png","0287","EURO_STANDARD","European standard","Support the GLP-1 journey","quoteCard","sand","luxe","1x1","1080","1080","facebook_feed,instagram_feed","A Dutch approach to GLP-1 support.","European standards mean claims have to be substantiated.","Amsterdam · LEAF","Shop LF-1"
"LF1_EURO_STANDARD_quoteCard_sand_0287_4x5.png","0287","EURO_STANDARD","European standard","Support the GLP-1 journey","quoteCard","sand","luxe","4x5","1080","1350","facebook_feed,instagram_feed","A Dutch approach to GLP-1 support.","European standards mean claims have to be substantiated.","Amsterdam · LEAF","Shop LF-1"
"LF1_EURO_STANDARD_quoteCard_sand_0287_9x16.png","0287","EURO_STANDARD","European standard","Support the GLP-1 journey","quoteCard","sand","luxe","9x16","1080","1920","instagram_story,facebook_story,instagram_reels","A Dutch approach to GLP-1 support.","European standards mean claims have to be substantiated.","Amsterdam · LEAF","Shop LF-1"
"LF1_EURO_STANDARD_ruleStack_bone_0290_191x1.png","0290","EURO_STANDARD","European standard","Support the GLP-1 journey","ruleStack","bone","humanist","191x1","1200","628","facebook_right_column,audience_network","From Amsterdam, for your GLP-1 journey.","LEAF is a Netherlands-based brand. LF-1 is manufactured in the USA.","Amsterdam · LEAF","Learn more"
"LF1_EURO_STANDARD_ruleStack_clinical_0293_191x1.png","0293","EURO_STANDARD","European standard","Support the GLP-1 journey","ruleStack","clinical","impact","191x1","1200","628","facebook_right_column,audience_network","Built where the rules are strict.","Non-GMO, vegetarian, allergen-free. Plainly labelled.","Made to EU standards","Shop LF-1"
"LF1_EURO_STANDARD_ruleStack_forest_0307_191x1.png","0307","EURO_STANDARD","European standard","Support the GLP-1 journey","ruleStack","forest","impact","191x1","1200","628","facebook_right_column,audience_network","No hype. European labelling rules.","European standards mean claims have to be substantiated.","European labelling standards","Read the label"
"LF1_EURO_STANDARD_ruleStack_sage_0303_191x1.png","0303","EURO_STANDARD","European standard","Support the GLP-1 journey","ruleStack","sage","humanist","191x1","1200","628","facebook_right_column,audience_network","European compliance, by default.","A European company, a plainly described product.","European labelling standards","Read the label"
"LF1_EURO_STANDARD_ruleStack_sand_0308_191x1.png","0308","EURO_STANDARD","European standard","Support the GLP-1 journey","ruleStack","sand","editorial","191x1","1200","628","facebook_right_column,audience_network","Amsterdam-based. Plainly labelled.","European standards mean claims have to be substantiated.","European labelling standards","Get LF-1"
"LF1_EURO_STANDARD_ruleStack_sand_0308_1x1.png","0308","EURO_STANDARD","European standard","Support the GLP-1 journey","ruleStack","sand","editorial","1x1","1080","1080","facebook_feed,instagram_feed","Amsterdam-based. Plainly labelled.","European standards mean claims have to be substantiated.","European labelling standards","Get LF-1"
"LF1_EURO_STANDARD_ruleStack_sand_0308_4x5.png","0308","EURO_STANDARD","European standard","Support the GLP-1 journey","ruleStack","sand","editorial","4x5","1080","1350","facebook_feed,instagram_feed","Amsterdam-based. Plainly labelled.","European standards mean claims have to be substantiated.","European labelling standards","Get LF-1"
"LF1_EURO_STANDARD_ruleStack_sand_0308_9x16.png","0308","EURO_STANDARD","European standard","Support the GLP-1 journey","ruleStack","sand","editorial","9x16","1080","1920","instagram_story,facebook_story,instagram_reels","Amsterdam-based. Plainly labelled.","European standards mean claims have to be substantiated.","European labelling standards","Get LF-1"
"LF1_EURO_STANDARD_splitPanel_clinical_0310_191x1.png","0310","EURO_STANDARD","European standard","Support the GLP-1 journey","splitPanel","clinical","grotesk","191x1","1200","628","facebook_right_column,audience_network","Made under rules that don’t allow shortcuts.","Sold across the EU under European food-supplement labelling rules.","Amsterdam · LEAF","Shop now"
"LF1_EURO_STANDARD_splitPanel_mint_0289_191x1.png","0289","EURO_STANDARD","European standard","Support the GLP-1 journey","splitPanel","mint","grotesk","191x1","1200","628","facebook_right_column,audience_network","Made by a European brand, for European routines.","European standards mean claims have to be substantiated.","Amsterdam · LEAF","Read the label"
"LF1_EURO_STANDARD_splitPanel_mint_0289_1x1.png","0289","EURO_STANDARD","European standard","Support the GLP-1 journey","splitPanel","mint","grotesk","1x1","1080","1080","facebook_feed,instagram_feed","Made by a European brand, for European routines.","European standards mean claims have to be substantiated.","Amsterdam · LEAF","Read the label"
"LF1_EURO_STANDARD_splitPanel_mint_0289_4x5.png","0289","EURO_STANDARD","European standard","Support the GLP-1 journey","splitPanel","mint","grotesk","4x5","1080","1350","facebook_feed,instagram_feed","Made by a European brand, for European routines.","European standards mean claims have to be substantiated.","Amsterdam · LEAF","Read the label"
"LF1_EURO_STANDARD_splitPanel_mint_0289_9x16.png","0289","EURO_STANDARD","European standard","Support the GLP-1 journey","splitPanel","mint","grotesk","9x16","1080","1920","instagram_story,facebook_story,instagram_reels","Made by a European brand, for European routines.","European standards mean claims have to be substantiated.","Amsterdam · LEAF","Read the label"
"LF1_FIBER_FAILS_bigType_ink_0200_191x1.png","0200","FIBER_FAILS","Mechanism reframe","Specific GLP-1 problems","bigType","ink","impact","191x1","1200","628","facebook_right_column,audience_network","Same problem. Different mechanism.","LF-1 is formulated specifically as digestive support for GLP-1 routines.","Think beyond fiber","Shop LF-1"
"LF1_FIBER_FAILS_bigType_ink_0200_1x1.png","0200","FIBER_FAILS","Mechanism reframe","Specific GLP-1 problems","bigType","ink","impact","1x1","1080","1080","facebook_feed,instagram_feed","Same problem. Different mechanism.","LF-1 is formulated specifically as digestive support for GLP-1 routines.","Think beyond fiber","Shop LF-1"
"LF1_FIBER_FAILS_bigType_ink_0200_4x5.png","0200","FIBER_FAILS","Mechanism reframe","Specific GLP-1 problems","bigType","ink","impact","4x5","1080","1350","facebook_feed,instagram_feed","Same problem. Different mechanism.","LF-1 is formulated specifically as digestive support for GLP-1 routines.","Think beyond fiber","Shop LF-1"
"LF1_FIBER_FAILS_bigType_ink_0200_9x16.png","0200","FIBER_FAILS","Mechanism reframe","Specific GLP-1 problems","bigType","ink","impact","9x16","1080","1920","instagram_story,facebook_story,instagram_reels","Same problem. Different mechanism.","LF-1 is formulated specifically as digestive support for GLP-1 routines.","Think beyond fiber","Shop LF-1"
"LF1_FIBER_FAILS_bigType_sage_0171_191x1.png","0171","FIBER_FAILS","Mechanism reframe","Specific GLP-1 problems","bigType","sage","humanist","191x1","1200","628","facebook_right_column,audience_network","Your usual fix wasn’t built for a GLP-1.","LF-1 is formulated specifically as digestive support for GLP-1 routines.","Think beyond fiber","Read the label"
"LF1_FIBER_FAILS_bigType_sage_0171_1x1.png","0171","FIBER_FAILS","Mechanism reframe","Specific GLP-1 problems","bigType","sage","humanist","1x1","1080","1080","facebook_feed,instagram_feed","Your usual fix wasn’t built for a GLP-1.","LF-1 is formulated specifically as digestive support for GLP-1 routines.","Think beyond fiber","Read the label"
"LF1_FIBER_FAILS_bigType_sage_0171_4x5.png","0171","FIBER_FAILS","Mechanism reframe","Specific GLP-1 problems","bigType","sage","humanist","4x5","1080","1350","facebook_feed,instagram_feed","Your usual fix wasn’t built for a GLP-1.","LF-1 is formulated specifically as digestive support for GLP-1 routines.","Think beyond fiber","Read the label"
"LF1_FIBER_FAILS_bigType_sage_0171_9x16.png","0171","FIBER_FAILS","Mechanism reframe","Specific GLP-1 problems","bigType","sage","humanist","9x16","1080","1920","instagram_story,facebook_story,instagram_reels","Your usual fix wasn’t built for a GLP-1.","LF-1 is formulated specifically as digestive support for GLP-1 routines.","Think beyond fiber","Read the label"
"LF1_FIBER_FAILS_bigType_sage_0174_191x1.png","0174","FIBER_FAILS","Mechanism reframe","Specific GLP-1 problems","bigType","sage","humanist","191x1","1200","628","facebook_right_column,audience_network","Built for the mechanism, not the symptom.","A GLP-1 slows gastric emptying — support should account for that.","Not another fiber scoop","Explore LF-1"
"LF1_FIBER_FAILS_bigType_sage_0174_1x1.png","0174","FIBER_FAILS","Mechanism reframe","Specific GLP-1 problems","bigType","sage","humanist","1x1","1080","1080","facebook_feed,instagram_feed","Built for the mechanism, not the symptom.","A GLP-1 slows gastric emptying — support should account for that.","Not another fiber scoop","Explore LF-1"
"LF1_FIBER_FAILS_bigType_sage_0174_4x5.png","0174","FIBER_FAILS","Mechanism reframe","Specific GLP-1 problems","bigType","sage","humanist","4x5","1080","1350","facebook_feed,instagram_feed","Built for the mechanism, not the symptom.","A GLP-1 slows gastric emptying — support should account for that.","Not another fiber scoop","Explore LF-1"
"LF1_FIBER_FAILS_bigType_sage_0174_9x16.png","0174","FIBER_FAILS","Mechanism reframe","Specific GLP-1 problems","bigType","sage","humanist","9x16","1080","1920","instagram_story,facebook_story,instagram_reels","Built for the mechanism, not the symptom.","A GLP-1 slows gastric emptying — support should account for that.","Not another fiber scoop","Explore LF-1"
"LF1_FIBER_FAILS_bigType_sage_0199_191x1.png","0199","FIBER_FAILS","Mechanism reframe","Specific GLP-1 problems","bigType","sage","grotesk","191x1","1200","628","facebook_right_column,audience_network","Fiber alone wasn’t designed for this routine.","Not a scoop. Not a powder. A daily capsule.","Think beyond fiber","Shop LF-1"
"LF1_FIBER_FAILS_bigType_sage_0199_1x1.png","0199","FIBER_FAILS","Mechanism reframe","Specific GLP-1 problems","bigType","sage","grotesk","1x1","1080","1080","facebook_feed,instagram_feed","Fiber alone wasn’t designed for this routine.","Not a scoop. Not a powder. A daily capsule.","Think beyond fiber","Shop LF-1"
"LF1_FIBER_FAILS_bigType_sage_0199_4x5.png","0199","FIBER_FAILS","Mechanism reframe","Specific GLP-1 problems","bigType","sage","grotesk","4x5","1080","1350","facebook_feed,instagram_feed","Fiber alone wasn’t designed for this routine.","Not a scoop. Not a powder. A daily capsule.","Think beyond fiber","Shop LF-1"
"LF1_FIBER_FAILS_bigType_sage_0199_9x16.png","0199","FIBER_FAILS","Mechanism reframe","Specific GLP-1 problems","bigType","sage","grotesk","9x16","1080","1920","instagram_story,facebook_story,instagram_reels","Fiber alone wasn’t designed for this routine.","Not a scoop. Not a powder. A daily capsule.","Think beyond fiber","Shop LF-1"
"LF1_FIBER_FAILS_boxFrame_forest_0166_191x1.png","0166","FIBER_FAILS","Mechanism reframe","Specific GLP-1 problems","boxFrame","forest","impact","191x1","1200","628","facebook_right_column,audience_network","GLP-1? Think beyond fiber.","Digestive Support, purpose-built rather than general-purpose.","Think beyond fiber","Explore LF-1"
"LF1_FIBER_FAILS_boxFrame_forest_0166_1x1.png","0166","FIBER_FAILS","Mechanism reframe","Specific GLP-1 problems","boxFrame","forest","impact","1x1","1080","1080","facebook_feed,instagram_feed","GLP-1? Think beyond fiber.","Digestive Support, purpose-built rather than general-purpose.","Think beyond fiber","Explore LF-1"
"LF1_FIBER_FAILS_boxFrame_forest_0166_4x5.png","0166","FIBER_FAILS","Mechanism reframe","Specific GLP-1 problems","boxFrame","forest","impact","4x5","1080","1350","facebook_feed,instagram_feed","GLP-1? Think beyond fiber.","Digestive Support, purpose-built rather than general-purpose.","Think beyond fiber","Explore LF-1"
"LF1_FIBER_FAILS_boxFrame_forest_0166_9x16.png","0166","FIBER_FAILS","Mechanism reframe","Specific GLP-1 problems","boxFrame","forest","impact","9x16","1080","1920","instagram_story,facebook_story,instagram_reels","GLP-1? Think beyond fiber.","Digestive Support, purpose-built rather than general-purpose.","Think beyond fiber","Explore LF-1"
"LF1_FIBER_FAILS_compare_clay_0195_191x1.png","0195","FIBER_FAILS","Mechanism reframe","Specific GLP-1 problems","compare","clay","editorial","191x1","1200","628","facebook_right_column,audience_network","Beyond fiber. Built for this.","A GLP-1 slows gastric emptying — support should account for that.","Think beyond fiber","See the formula"
"LF1_FIBER_FAILS_compare_clay_0195_1x1.png","0195","FIBER_FAILS","Mechanism reframe","Specific GLP-1 problems","compare","clay","editorial","1x1","1080","1080","facebook_feed,instagram_feed","Beyond fiber. Built for this.","A GLP-1 slows gastric emptying — support should account for that.","Think beyond fiber","See the formula"
"LF1_FIBER_FAILS_compare_clay_0195_4x5.png","0195","FIBER_FAILS","Mechanism reframe","Specific GLP-1 problems","compare","clay","editorial","4x5","1080","1350","facebook_feed,instagram_feed","Beyond fiber. Built for this.","A GLP-1 slows gastric emptying — support should account for that.","Think beyond fiber","See the formula"
"LF1_FIBER_FAILS_compare_clay_0195_9x16.png","0195","FIBER_FAILS","Mechanism reframe","Specific GLP-1 problems","compare","clay","editorial","9x16","1080","1920","instagram_story,facebook_story,instagram_reels","Beyond fiber. Built for this.","A GLP-1 slows gastric emptying — support should account for that.","Think beyond fiber","See the formula"
"LF1_FIBER_FAILS_compare_clinical_0180_191x1.png","0180","FIBER_FAILS","Mechanism reframe","Specific GLP-1 problems","compare","clinical","grotesk","191x1","1200","628","facebook_right_column,audience_network","Different cause. Different support.","Two capsules daily, designed around the routine you’re on.","A different approach","Read the label"
"LF1_FIBER_FAILS_compare_clinical_0180_1x1.png","0180","FIBER_FAILS","Mechanism reframe","Specific GLP-1 problems","compare","clinical","grotesk","1x1","1080","1080","facebook_feed,instagram_feed","Different cause. Different support.","Two capsules daily, designed around the routine you’re on.","A different approach","Read the label"
"LF1_FIBER_FAILS_compare_clinical_0180_4x5.png","0180","FIBER_FAILS","Mechanism reframe","Specific GLP-1 problems","compare","clinical","grotesk","4x5","1080","1350","facebook_feed,instagram_feed","Different cause. Different support.","Two capsules daily, designed around the routine you’re on.","A different approach","Read the label"
"LF1_FIBER_FAILS_compare_clinical_0180_9x16.png","0180","FIBER_FAILS","Mechanism reframe","Specific GLP-1 problems","compare","clinical","grotesk","9x16","1080","1920","instagram_story,facebook_story,instagram_reels","Different cause. Different support.","Two capsules daily, designed around the routine you’re on.","A different approach","Read the label"
"LF1_FIBER_FAILS_compare_ink_0194_191x1.png","0194","FIBER_FAILS","Mechanism reframe","Specific GLP-1 problems","compare","ink","impact","191x1","1200","628","facebook_right_column,audience_network","Rethink the gut half of your protocol.","Not a scoop. Not a powder. A daily capsule.","Mechanism matters","Shop LF-1"
"LF1_FIBER_FAILS_compare_ink_0194_1x1.png","0194","FIBER_FAILS","Mechanism reframe","Specific GLP-1 problems","compare","ink","impact","1x1","1080","1080","facebook_feed,instagram_feed","Rethink the gut half of your protocol.","Not a scoop. Not a powder. A daily capsule.","Mechanism matters","Shop LF-1"
"LF1_FIBER_FAILS_compare_ink_0194_4x5.png","0194","FIBER_FAILS","Mechanism reframe","Specific GLP-1 problems","compare","ink","impact","4x5","1080","1350","facebook_feed,instagram_feed","Rethink the gut half of your protocol.","Not a scoop. Not a powder. A daily capsule.","Mechanism matters","Shop LF-1"
"LF1_FIBER_FAILS_compare_ink_0194_9x16.png","0194","FIBER_FAILS","Mechanism reframe","Specific GLP-1 problems","compare","ink","impact","9x16","1080","1920","instagram_story,facebook_story,instagram_reels","Rethink the gut half of your protocol.","Not a scoop. Not a powder. A daily capsule.","Mechanism matters","Shop LF-1"
"LF1_FIBER_FAILS_compare_sage_0192_191x1.png","0192","FIBER_FAILS","Mechanism reframe","Specific GLP-1 problems","compare","sage","grotesk","191x1","1200","628","facebook_right_column,audience_network","Built for GLP-1 physiology.","Two capsules daily, designed around the routine you’re on.","A different approach","View LF-1"
"LF1_FIBER_FAILS_compare_sage_0192_1x1.png","0192","FIBER_FAILS","Mechanism reframe","Specific GLP-1 problems","compare","sage","grotesk","1x1","1080","1080","facebook_feed,instagram_feed","Built for GLP-1 physiology.","Two capsules daily, designed around the routine you’re on.","A different approach","View LF-1"
"LF1_FIBER_FAILS_compare_sage_0192_4x5.png","0192","FIBER_FAILS","Mechanism reframe","Specific GLP-1 problems","compare","sage","grotesk","4x5","1080","1350","facebook_feed,instagram_feed","Built for GLP-1 physiology.","Two capsules daily, designed around the routine you’re on.","A different approach","View LF-1"
"LF1_FIBER_FAILS_compare_sage_0192_9x16.png","0192","FIBER_FAILS","Mechanism reframe","Specific GLP-1 problems","compare","sage","grotesk","9x16","1080","1920","instagram_story,facebook_story,instagram_reels","Built for GLP-1 physiology.","Two capsules daily, designed around the routine you’re on.","A different approach","View LF-1"
"LF1_FIBER_FAILS_compare_sand_0172_191x1.png","0172","FIBER_FAILS","Mechanism reframe","Specific GLP-1 problems","compare","sand","luxe","191x1","1200","628","facebook_right_column,audience_network","Not a fiber scoop. A formulation.","Not a scoop. Not a powder. A daily capsule.","Think beyond fiber","Get LF-1"
"LF1_FIBER_FAILS_compare_sand_0172_1x1.png","0172","FIBER_FAILS","Mechanism reframe","Specific GLP-1 problems","compare","sand","luxe","1x1","1080","1080","facebook_feed,instagram_feed","Not a fiber scoop. A formulation.","Not a scoop. Not a powder. A daily capsule.","Think beyond fiber","Get LF-1"
"LF1_FIBER_FAILS_compare_sand_0172_4x5.png","0172","FIBER_FAILS","Mechanism reframe","Specific GLP-1 problems","compare","sand","luxe","4x5","1080","1350","facebook_feed,instagram_feed","Not a fiber scoop. A formulation.","Not a scoop. Not a powder. A daily capsule.","Think beyond fiber","Get LF-1"
"LF1_FIBER_FAILS_compare_sand_0172_9x16.png","0172","FIBER_FAILS","Mechanism reframe","Specific GLP-1 problems","compare","sand","luxe","9x16","1080","1920","instagram_story,facebook_story,instagram_reels","Not a fiber scoop. A formulation.","Not a scoop. Not a powder. A daily capsule.","Think beyond fiber","Get LF-1"
"LF1_FIBER_FAILS_compare_sand_0189_191x1.png","0189","FIBER_FAILS","Mechanism reframe","Specific GLP-1 problems","compare","sand","luxe","191x1","1200","628","facebook_right_column,audience_network","A specific routine deserves specific support.","Digestive Support, purpose-built rather than general-purpose.","Mechanism matters","View LF-1"
"LF1_FIBER_FAILS_compare_sand_0189_1x1.png","0189","FIBER_FAILS","Mechanism reframe","Specific GLP-1 problems","compare","sand","luxe","1x1","1080","1080","facebook_feed,instagram_feed","A specific routine deserves specific support.","Digestive Support, purpose-built rather than general-purpose.","Mechanism matters","View LF-1"
"LF1_FIBER_FAILS_compare_sand_0189_4x5.png","0189","FIBER_FAILS","Mechanism reframe","Specific GLP-1 problems","compare","sand","luxe","4x5","1080","1350","facebook_feed,instagram_feed","A specific routine deserves specific support.","Digestive Support, purpose-built rather than general-purpose.","Mechanism matters","View LF-1"
"LF1_FIBER_FAILS_compare_sand_0189_9x16.png","0189","FIBER_FAILS","Mechanism reframe","Specific GLP-1 problems","compare","sand","luxe","9x16","1080","1920","instagram_story,facebook_story,instagram_reels","A specific routine deserves specific support.","Digestive Support, purpose-built rather than general-purpose.","Mechanism matters","View LF-1"
"LF1_FIBER_FAILS_faqCard_bone_0197_191x1.png","0197","FIBER_FAILS","Mechanism reframe","Specific GLP-1 problems","faqCard","bone","luxe","191x1","1200","628","facebook_right_column,audience_network","Why a generic fiber scoop isn’t built for this.","LF-1 is formulated specifically as digestive support for GLP-1 routines.","Not another fiber scoop","Start with one month"
"LF1_FIBER_FAILS_faqCard_bone_0197_1x1.png","0197","FIBER_FAILS","Mechanism reframe","Specific GLP-1 problems","faqCard","bone","luxe","1x1","1080","1080","facebook_feed,instagram_feed","Why a generic fiber scoop isn’t built for this.","LF-1 is formulated specifically as digestive support for GLP-1 routines.","Not another fiber scoop","Start with one month"
"LF1_FIBER_FAILS_faqCard_bone_0197_4x5.png","0197","FIBER_FAILS","Mechanism reframe","Specific GLP-1 problems","faqCard","bone","luxe","4x5","1080","1350","facebook_feed,instagram_feed","Why a generic fiber scoop isn’t built for this.","LF-1 is formulated specifically as digestive support for GLP-1 routines.","Not another fiber scoop","Start with one month"
"LF1_FIBER_FAILS_faqCard_bone_0197_9x16.png","0197","FIBER_FAILS","Mechanism reframe","Specific GLP-1 problems","faqCard","bone","luxe","9x16","1080","1920","instagram_story,facebook_story,instagram_reels","Why a generic fiber scoop isn’t built for this.","LF-1 is formulated specifically as digestive support for GLP-1 routines.","Not another fiber scoop","Start with one month"
"LF1_FIBER_FAILS_faqCard_clay_0175_191x1.png","0175","FIBER_FAILS","Mechanism reframe","Specific GLP-1 problems","faqCard","clay","luxe","191x1","1200","628","facebook_right_column,audience_network","A GLP-1 changes the timing. Support should match.","Not a scoop. Not a powder. A daily capsule.","Not another fiber scoop","See the formula"
"LF1_FIBER_FAILS_faqCard_clay_0175_1x1.png","0175","FIBER_FAILS","Mechanism reframe","Specific GLP-1 problems","faqCard","clay","luxe","1x1","1080","1080","facebook_feed,instagram_feed","A GLP-1 changes the timing. Support should match.","Not a scoop. Not a powder. A daily capsule.","Not another fiber scoop","See the formula"
"LF1_FIBER_FAILS_faqCard_clay_0175_4x5.png","0175","FIBER_FAILS","Mechanism reframe","Specific GLP-1 problems","faqCard","clay","luxe","4x5","1080","1350","facebook_feed,instagram_feed","A GLP-1 changes the timing. Support should match.","Not a scoop. Not a powder. A daily capsule.","Not another fiber scoop","See the formula"
"LF1_FIBER_FAILS_faqCard_clay_0175_9x16.png","0175","FIBER_FAILS","Mechanism reframe","Specific GLP-1 problems","faqCard","clay","luxe","9x16","1080","1920","instagram_story,facebook_story,instagram_reels","A GLP-1 changes the timing. Support should match.","Not a scoop. Not a powder. A daily capsule.","Not another fiber scoop","See the formula"
"LF1_FIBER_FAILS_faqCard_clay_0193_191x1.png","0193","FIBER_FAILS","Mechanism reframe","Specific GLP-1 problems","faqCard","clay","editorial","191x1","1200","628","facebook_right_column,audience_network","One-size-fits-all stops fitting on a GLP-1.","A GLP-1 slows gastric emptying — support should account for that.","Mechanism matters","Learn more"
"LF1_FIBER_FAILS_faqCard_clay_0193_1x1.png","0193","FIBER_FAILS","Mechanism reframe","Specific GLP-1 problems","faqCard","clay","editorial","1x1","1080","1080","facebook_feed,instagram_feed","One-size-fits-all stops fitting on a GLP-1.","A GLP-1 slows gastric emptying — support should account for that.","Mechanism matters","Learn more"
"LF1_FIBER_FAILS_faqCard_clay_0193_4x5.png","0193","FIBER_FAILS","Mechanism reframe","Specific GLP-1 problems","faqCard","clay","editorial","4x5","1080","1350","facebook_feed,instagram_feed","One-size-fits-all stops fitting on a GLP-1.","A GLP-1 slows gastric emptying — support should account for that.","Mechanism matters","Learn more"
"LF1_FIBER_FAILS_faqCard_clay_0193_9x16.png","0193","FIBER_FAILS","Mechanism reframe","Specific GLP-1 problems","faqCard","clay","editorial","9x16","1080","1920","instagram_story,facebook_story,instagram_reels","One-size-fits-all stops fitting on a GLP-1.","A GLP-1 slows gastric emptying — support should account for that.","Mechanism matters","Learn more"
"LF1_FIBER_FAILS_faqCard_mint_0181_191x1.png","0181","FIBER_FAILS","Mechanism reframe","Specific GLP-1 problems","faqCard","mint","humanist","191x1","1200","628","facebook_right_column,audience_network","Why ""more fiber"" is incomplete advice.","Digestive Support, purpose-built rather than general-purpose.","A different approach","Read the label"
"LF1_FIBER_FAILS_faqCard_mint_0181_1x1.png","0181","FIBER_FAILS","Mechanism reframe","Specific GLP-1 problems","faqCard","mint","humanist","1x1","1080","1080","facebook_feed,instagram_feed","Why ""more fiber"" is incomplete advice.","Digestive Support, purpose-built rather than general-purpose.","A different approach","Read the label"
"LF1_FIBER_FAILS_faqCard_mint_0181_4x5.png","0181","FIBER_FAILS","Mechanism reframe","Specific GLP-1 problems","faqCard","mint","humanist","4x5","1080","1350","facebook_feed,instagram_feed","Why ""more fiber"" is incomplete advice.","Digestive Support, purpose-built rather than general-purpose.","A different approach","Read the label"
"LF1_FIBER_FAILS_faqCard_mint_0181_9x16.png","0181","FIBER_FAILS","Mechanism reframe","Specific GLP-1 problems","faqCard","mint","humanist","9x16","1080","1920","instagram_story,facebook_story,instagram_reels","Why ""more fiber"" is incomplete advice.","Digestive Support, purpose-built rather than general-purpose.","A different approach","Read the label"
"LF1_FIBER_FAILS_faqCard_sand_0190_191x1.png","0190","FIBER_FAILS","Mechanism reframe","Specific GLP-1 problems","faqCard","sand","editorial","191x1","1200","628","facebook_right_column,audience_network","Not more. Different.","Not a scoop. Not a powder. A daily capsule.","Mechanism matters","See the formula"
"LF1_FIBER_FAILS_faqCard_sand_0190_1x1.png","0190","FIBER_FAILS","Mechanism reframe","Specific GLP-1 problems","faqCard","sand","editorial","1x1","1080","1080","facebook_feed,instagram_feed","Not more. Different.","Not a scoop. Not a powder. A daily capsule.","Mechanism matters","See the formula"
"LF1_FIBER_FAILS_faqCard_sand_0190_4x5.png","0190","FIBER_FAILS","Mechanism reframe","Specific GLP-1 problems","faqCard","sand","editorial","4x5","1080","1350","facebook_feed,instagram_feed","Not more. Different.","Not a scoop. Not a powder. A daily capsule.","Mechanism matters","See the formula"
"LF1_FIBER_FAILS_faqCard_sand_0190_9x16.png","0190","FIBER_FAILS","Mechanism reframe","Specific GLP-1 problems","faqCard","sand","editorial","9x16","1080","1920","instagram_story,facebook_story,instagram_reels","Not more. Different.","Not a scoop. Not a powder. A daily capsule.","Mechanism matters","See the formula"
"LF1_FIBER_FAILS_indexCard_ink_0182_191x1.png","0182","FIBER_FAILS","Mechanism reframe","Specific GLP-1 problems","indexCard","ink","impact","191x1","1200","628","facebook_right_column,audience_network","Designed for slower gastric emptying.","Digestive Support, purpose-built rather than general-purpose.","Not another fiber scoop","See the formula"
"LF1_FIBER_FAILS_mythFact_clay_0173_191x1.png","0173","FIBER_FAILS","Mechanism reframe","Specific GLP-1 problems","mythFact","clay","luxe","191x1","1200","628","facebook_right_column,audience_network","General gut products solve a general problem.","LF-1 is formulated specifically as digestive support for GLP-1 routines.","Think beyond fiber","Read the label"
"LF1_FIBER_FAILS_mythFact_clay_0173_1x1.png","0173","FIBER_FAILS","Mechanism reframe","Specific GLP-1 problems","mythFact","clay","luxe","1x1","1080","1080","facebook_feed,instagram_feed","General gut products solve a general problem.","LF-1 is formulated specifically as digestive support for GLP-1 routines.","Think beyond fiber","Read the label"
"LF1_FIBER_FAILS_mythFact_clay_0173_4x5.png","0173","FIBER_FAILS","Mechanism reframe","Specific GLP-1 problems","mythFact","clay","luxe","4x5","1080","1350","facebook_feed,instagram_feed","General gut products solve a general problem.","LF-1 is formulated specifically as digestive support for GLP-1 routines.","Think beyond fiber","Read the label"
"LF1_FIBER_FAILS_mythFact_clay_0173_9x16.png","0173","FIBER_FAILS","Mechanism reframe","Specific GLP-1 problems","mythFact","clay","luxe","9x16","1080","1920","instagram_story,facebook_story,instagram_reels","General gut products solve a general problem.","LF-1 is formulated specifically as digestive support for GLP-1 routines.","Think beyond fiber","Read the label"
"LF1_FIBER_FAILS_mythFact_clinical_0196_191x1.png","0196","FIBER_FAILS","Mechanism reframe","Specific GLP-1 problems","mythFact","clinical","humanist","191x1","1200","628","facebook_right_column,audience_network","GLP-1? Think beyond fiber.","LF-1 is formulated specifically as digestive support for GLP-1 routines.","Think beyond fiber","Start with one month"
"LF1_FIBER_FAILS_mythFact_clinical_0196_1x1.png","0196","FIBER_FAILS","Mechanism reframe","Specific GLP-1 problems","mythFact","clinical","humanist","1x1","1080","1080","facebook_feed,instagram_feed","GLP-1? Think beyond fiber.","LF-1 is formulated specifically as digestive support for GLP-1 routines.","Think beyond fiber","Start with one month"
"LF1_FIBER_FAILS_mythFact_clinical_0196_4x5.png","0196","FIBER_FAILS","Mechanism reframe","Specific GLP-1 problems","mythFact","clinical","humanist","4x5","1080","1350","facebook_feed,instagram_feed","GLP-1? Think beyond fiber.","LF-1 is formulated specifically as digestive support for GLP-1 routines.","Think beyond fiber","Start with one month"
"LF1_FIBER_FAILS_mythFact_clinical_0196_9x16.png","0196","FIBER_FAILS","Mechanism reframe","Specific GLP-1 problems","mythFact","clinical","humanist","9x16","1080","1920","instagram_story,facebook_story,instagram_reels","GLP-1? Think beyond fiber.","LF-1 is formulated specifically as digestive support for GLP-1 routines.","Think beyond fiber","Start with one month"
"LF1_FIBER_FAILS_mythFact_sage_0187_191x1.png","0187","FIBER_FAILS","Mechanism reframe","Specific GLP-1 problems","mythFact","sage","humanist","191x1","1200","628","facebook_right_column,audience_network","Precision beats more scoops.","LF-1 is formulated specifically as digestive support for GLP-1 routines.","Mechanism matters","View LF-1"
"LF1_FIBER_FAILS_mythFact_sage_0187_1x1.png","0187","FIBER_FAILS","Mechanism reframe","Specific GLP-1 problems","mythFact","sage","humanist","1x1","1080","1080","facebook_feed,instagram_feed","Precision beats more scoops.","LF-1 is formulated specifically as digestive support for GLP-1 routines.","Mechanism matters","View LF-1"
"LF1_FIBER_FAILS_mythFact_sage_0187_4x5.png","0187","FIBER_FAILS","Mechanism reframe","Specific GLP-1 problems","mythFact","sage","humanist","4x5","1080","1350","facebook_feed,instagram_feed","Precision beats more scoops.","LF-1 is formulated specifically as digestive support for GLP-1 routines.","Mechanism matters","View LF-1"
"LF1_FIBER_FAILS_mythFact_sage_0187_9x16.png","0187","FIBER_FAILS","Mechanism reframe","Specific GLP-1 problems","mythFact","sage","humanist","9x16","1080","1920","instagram_story,facebook_story,instagram_reels","Precision beats more scoops.","LF-1 is formulated specifically as digestive support for GLP-1 routines.","Mechanism matters","View LF-1"
"LF1_FIBER_FAILS_notesApp_ink_0182_1x1.png","0182","FIBER_FAILS","Mechanism reframe","Specific GLP-1 problems","notesApp","ink","impact","1x1","1080","1080","facebook_feed,instagram_feed","Designed for slower gastric emptying.","Digestive Support, purpose-built rather than general-purpose.","Not another fiber scoop","See the formula"
"LF1_FIBER_FAILS_notesApp_ink_0182_4x5.png","0182","FIBER_FAILS","Mechanism reframe","Specific GLP-1 problems","notesApp","ink","impact","4x5","1080","1350","facebook_feed,instagram_feed","Designed for slower gastric emptying.","Digestive Support, purpose-built rather than general-purpose.","Not another fiber scoop","See the formula"
"LF1_FIBER_FAILS_notesApp_ink_0182_9x16.png","0182","FIBER_FAILS","Mechanism reframe","Specific GLP-1 problems","notesApp","ink","impact","9x16","1080","1920","instagram_story,facebook_story,instagram_reels","Designed for slower gastric emptying.","Digestive Support, purpose-built rather than general-purpose.","Not another fiber scoop","See the formula"
"LF1_FIBER_FAILS_numberedSteps_mint_0184_191x1.png","0184","FIBER_FAILS","Mechanism reframe","Specific GLP-1 problems","numberedSteps","mint","grotesk","191x1","1200","628","facebook_right_column,audience_network","Generic gut support, meet a specific routine.","Two capsules daily, designed around the routine you’re on.","A different approach","Read the label"
"LF1_FIBER_FAILS_numberedSteps_mint_0184_1x1.png","0184","FIBER_FAILS","Mechanism reframe","Specific GLP-1 problems","numberedSteps","mint","grotesk","1x1","1080","1080","facebook_feed,instagram_feed","Generic gut support, meet a specific routine.","Two capsules daily, designed around the routine you’re on.","A different approach","Read the label"
"LF1_FIBER_FAILS_numberedSteps_mint_0184_4x5.png","0184","FIBER_FAILS","Mechanism reframe","Specific GLP-1 problems","numberedSteps","mint","grotesk","4x5","1080","1350","facebook_feed,instagram_feed","Generic gut support, meet a specific routine.","Two capsules daily, designed around the routine you’re on.","A different approach","Read the label"
"LF1_FIBER_FAILS_numberedSteps_mint_0184_9x16.png","0184","FIBER_FAILS","Mechanism reframe","Specific GLP-1 problems","numberedSteps","mint","grotesk","9x16","1080","1920","instagram_story,facebook_story,instagram_reels","Generic gut support, meet a specific routine.","Two capsules daily, designed around the routine you’re on.","A different approach","Read the label"
"LF1_FIBER_FAILS_ruleStack_bone_0178_191x1.png","0178","FIBER_FAILS","Mechanism reframe","Specific GLP-1 problems","ruleStack","bone","luxe","191x1","1200","628","facebook_right_column,audience_network","The routine changed. The support should too.","LF-1 is formulated specifically as digestive support for GLP-1 routines.","Mechanism matters","View LF-1"
"LF1_FIBER_FAILS_ruleStack_bone_0178_1x1.png","0178","FIBER_FAILS","Mechanism reframe","Specific GLP-1 problems","ruleStack","bone","luxe","1x1","1080","1080","facebook_feed,instagram_feed","The routine changed. The support should too.","LF-1 is formulated specifically as digestive support for GLP-1 routines.","Mechanism matters","View LF-1"
"LF1_FIBER_FAILS_ruleStack_bone_0178_4x5.png","0178","FIBER_FAILS","Mechanism reframe","Specific GLP-1 problems","ruleStack","bone","luxe","4x5","1080","1350","facebook_feed,instagram_feed","The routine changed. The support should too.","LF-1 is formulated specifically as digestive support for GLP-1 routines.","Mechanism matters","View LF-1"
"LF1_FIBER_FAILS_ruleStack_bone_0178_9x16.png","0178","FIBER_FAILS","Mechanism reframe","Specific GLP-1 problems","ruleStack","bone","luxe","9x16","1080","1920","instagram_story,facebook_story,instagram_reels","The routine changed. The support should too.","LF-1 is formulated specifically as digestive support for GLP-1 routines.","Mechanism matters","View LF-1"
"LF1_FIBER_FAILS_ruleStack_clay_0186_191x1.png","0186","FIBER_FAILS","Mechanism reframe","Specific GLP-1 problems","ruleStack","clay","luxe","191x1","1200","628","facebook_right_column,audience_network","The mechanism is the message.","Two capsules daily, designed around the routine you’re on.","Not another fiber scoop","Start with one month"
"LF1_FIBER_FAILS_ruleStack_clay_0186_1x1.png","0186","FIBER_FAILS","Mechanism reframe","Specific GLP-1 problems","ruleStack","clay","luxe","1x1","1080","1080","facebook_feed,instagram_feed","The mechanism is the message.","Two capsules daily, designed around the routine you’re on.","Not another fiber scoop","Start with one month"
"LF1_FIBER_FAILS_ruleStack_clay_0186_4x5.png","0186","FIBER_FAILS","Mechanism reframe","Specific GLP-1 problems","ruleStack","clay","luxe","4x5","1080","1350","facebook_feed,instagram_feed","The mechanism is the message.","Two capsules daily, designed around the routine you’re on.","Not another fiber scoop","Start with one month"
"LF1_FIBER_FAILS_ruleStack_clay_0186_9x16.png","0186","FIBER_FAILS","Mechanism reframe","Specific GLP-1 problems","ruleStack","clay","luxe","9x16","1080","1920","instagram_story,facebook_story,instagram_reels","The mechanism is the message.","Two capsules daily, designed around the routine you’re on.","Not another fiber scoop","Start with one month"
"LF1_FIBER_FAILS_ruleStack_clinical_0188_191x1.png","0188","FIBER_FAILS","Mechanism reframe","Specific GLP-1 problems","ruleStack","clinical","grotesk","191x1","1200","628","facebook_right_column,audience_network","Made for this routine specifically.","Digestive Support, purpose-built rather than general-purpose.","Mechanism matters","Start with one month"
"LF1_FIBER_FAILS_ruleStack_clinical_0188_1x1.png","0188","FIBER_FAILS","Mechanism reframe","Specific GLP-1 problems","ruleStack","clinical","grotesk","1x1","1080","1080","facebook_feed,instagram_feed","Made for this routine specifically.","Digestive Support, purpose-built rather than general-purpose.","Mechanism matters","Start with one month"
"LF1_FIBER_FAILS_ruleStack_clinical_0188_4x5.png","0188","FIBER_FAILS","Mechanism reframe","Specific GLP-1 problems","ruleStack","clinical","grotesk","4x5","1080","1350","facebook_feed,instagram_feed","Made for this routine specifically.","Digestive Support, purpose-built rather than general-purpose.","Mechanism matters","Start with one month"
"LF1_FIBER_FAILS_ruleStack_clinical_0188_9x16.png","0188","FIBER_FAILS","Mechanism reframe","Specific GLP-1 problems","ruleStack","clinical","grotesk","9x16","1080","1920","instagram_story,facebook_story,instagram_reels","Made for this routine specifically.","Digestive Support, purpose-built rather than general-purpose.","Mechanism matters","Start with one month"
"LF1_FIBER_FAILS_ruleStack_clinical_0205_191x1.png","0205","FIBER_FAILS","Mechanism reframe","Specific GLP-1 problems","ruleStack","clinical","impact","191x1","1200","628","facebook_right_column,audience_network","A GLP-1 changes the timing. Support should match.","Two capsules daily, designed around the routine you’re on.","A different approach","Shop now"
"LF1_FIBER_FAILS_ruleStack_clinical_0205_1x1.png","0205","FIBER_FAILS","Mechanism reframe","Specific GLP-1 problems","ruleStack","clinical","impact","1x1","1080","1080","facebook_feed,instagram_feed","A GLP-1 changes the timing. Support should match.","Two capsules daily, designed around the routine you’re on.","A different approach","Shop now"
"LF1_FIBER_FAILS_ruleStack_clinical_0205_4x5.png","0205","FIBER_FAILS","Mechanism reframe","Specific GLP-1 problems","ruleStack","clinical","impact","4x5","1080","1350","facebook_feed,instagram_feed","A GLP-1 changes the timing. Support should match.","Two capsules daily, designed around the routine you’re on.","A different approach","Shop now"
"LF1_FIBER_FAILS_ruleStack_clinical_0205_9x16.png","0205","FIBER_FAILS","Mechanism reframe","Specific GLP-1 problems","ruleStack","clinical","impact","9x16","1080","1920","instagram_story,facebook_story,instagram_reels","A GLP-1 changes the timing. Support should match.","Two capsules daily, designed around the routine you’re on.","A different approach","Shop now"
"LF1_FIBER_FAILS_ruleStack_forest_0177_191x1.png","0177","FIBER_FAILS","Mechanism reframe","Specific GLP-1 problems","ruleStack","forest","luxe","191x1","1200","628","facebook_right_column,audience_network","Don’t support a GLP-1 gut like an average one.","Not a scoop. Not a powder. A daily capsule.","Think beyond fiber","Learn more"
"LF1_FIBER_FAILS_ruleStack_forest_0177_1x1.png","0177","FIBER_FAILS","Mechanism reframe","Specific GLP-1 problems","ruleStack","forest","luxe","1x1","1080","1080","facebook_feed,instagram_feed","Don’t support a GLP-1 gut like an average one.","Not a scoop. Not a powder. A daily capsule.","Think beyond fiber","Learn more"
"LF1_FIBER_FAILS_ruleStack_forest_0177_4x5.png","0177","FIBER_FAILS","Mechanism reframe","Specific GLP-1 problems","ruleStack","forest","luxe","4x5","1080","1350","facebook_feed,instagram_feed","Don’t support a GLP-1 gut like an average one.","Not a scoop. Not a powder. A daily capsule.","Think beyond fiber","Learn more"
"LF1_FIBER_FAILS_ruleStack_forest_0177_9x16.png","0177","FIBER_FAILS","Mechanism reframe","Specific GLP-1 problems","ruleStack","forest","luxe","9x16","1080","1920","instagram_story,facebook_story,instagram_reels","Don’t support a GLP-1 gut like an average one.","Not a scoop. Not a powder. A daily capsule.","Think beyond fiber","Learn more"
"LF1_FIBER_FAILS_ruleStack_ink_0169_191x1.png","0169","FIBER_FAILS","Mechanism reframe","Specific GLP-1 problems","ruleStack","ink","impact","191x1","1200","628","facebook_right_column,audience_network","Fiber alone wasn’t designed for this routine.","Digestive Support, purpose-built rather than general-purpose.","A different approach","Shop now"
"LF1_FIBER_FAILS_ruleStack_ink_0169_1x1.png","0169","FIBER_FAILS","Mechanism reframe","Specific GLP-1 problems","ruleStack","ink","impact","1x1","1080","1080","facebook_feed,instagram_feed","Fiber alone wasn’t designed for this routine.","Digestive Support, purpose-built rather than general-purpose.","A different approach","Shop now"
"LF1_FIBER_FAILS_ruleStack_ink_0169_4x5.png","0169","FIBER_FAILS","Mechanism reframe","Specific GLP-1 problems","ruleStack","ink","impact","4x5","1080","1350","facebook_feed,instagram_feed","Fiber alone wasn’t designed for this routine.","Digestive Support, purpose-built rather than general-purpose.","A different approach","Shop now"
"LF1_FIBER_FAILS_ruleStack_ink_0169_9x16.png","0169","FIBER_FAILS","Mechanism reframe","Specific GLP-1 problems","ruleStack","ink","impact","9x16","1080","1920","instagram_story,facebook_story,instagram_reels","Fiber alone wasn’t designed for this routine.","Digestive Support, purpose-built rather than general-purpose.","A different approach","Shop now"
"LF1_FIBER_FAILS_ruleStack_sand_0198_191x1.png","0198","FIBER_FAILS","Mechanism reframe","Specific GLP-1 problems","ruleStack","sand","luxe","191x1","1200","628","facebook_right_column,audience_network","A GLP-1 gut isn’t a normal gut.","LF-1 is formulated specifically as digestive support for GLP-1 routines.","Mechanism matters","Learn more"
"LF1_FIBER_FAILS_ruleStack_sand_0198_1x1.png","0198","FIBER_FAILS","Mechanism reframe","Specific GLP-1 problems","ruleStack","sand","luxe","1x1","1080","1080","facebook_feed,instagram_feed","A GLP-1 gut isn’t a normal gut.","LF-1 is formulated specifically as digestive support for GLP-1 routines.","Mechanism matters","Learn more"
"LF1_FIBER_FAILS_ruleStack_sand_0198_4x5.png","0198","FIBER_FAILS","Mechanism reframe","Specific GLP-1 problems","ruleStack","sand","luxe","4x5","1080","1350","facebook_feed,instagram_feed","A GLP-1 gut isn’t a normal gut.","LF-1 is formulated specifically as digestive support for GLP-1 routines.","Mechanism matters","Learn more"
"LF1_FIBER_FAILS_ruleStack_sand_0198_9x16.png","0198","FIBER_FAILS","Mechanism reframe","Specific GLP-1 problems","ruleStack","sand","luxe","9x16","1080","1920","instagram_story,facebook_story,instagram_reels","A GLP-1 gut isn’t a normal gut.","LF-1 is formulated specifically as digestive support for GLP-1 routines.","Mechanism matters","Learn more"
"LF1_FIBER_FAILS_splitPanel_bone_0203_191x1.png","0203","FIBER_FAILS","Mechanism reframe","Specific GLP-1 problems","splitPanel","bone","luxe","191x1","1200","628","facebook_right_column,audience_network","General gut products solve a general problem.","Two capsules daily, designed around the routine you’re on.","Not another fiber scoop","Shop LF-1"
"LF1_FIBER_FAILS_splitPanel_bone_0203_1x1.png","0203","FIBER_FAILS","Mechanism reframe","Specific GLP-1 problems","splitPanel","bone","luxe","1x1","1080","1080","facebook_feed,instagram_feed","General gut products solve a general problem.","Two capsules daily, designed around the routine you’re on.","Not another fiber scoop","Shop LF-1"
"LF1_FIBER_FAILS_splitPanel_bone_0203_4x5.png","0203","FIBER_FAILS","Mechanism reframe","Specific GLP-1 problems","splitPanel","bone","luxe","4x5","1080","1350","facebook_feed,instagram_feed","General gut products solve a general problem.","Two capsules daily, designed around the routine you’re on.","Not another fiber scoop","Shop LF-1"
"LF1_FIBER_FAILS_splitPanel_bone_0203_9x16.png","0203","FIBER_FAILS","Mechanism reframe","Specific GLP-1 problems","splitPanel","bone","luxe","9x16","1080","1920","instagram_story,facebook_story,instagram_reels","General gut products solve a general problem.","Two capsules daily, designed around the routine you’re on.","Not another fiber scoop","Shop LF-1"
"LF1_FIBER_FAILS_splitPanel_clay_0185_191x1.png","0185","FIBER_FAILS","Mechanism reframe","Specific GLP-1 problems","splitPanel","clay","luxe","191x1","1200","628","facebook_right_column,audience_network","Your gut changed. Your support didn’t.","Two capsules daily, designed around the routine you’re on.","Think beyond fiber","Start with one month"
"LF1_FIBER_FAILS_splitPanel_clay_0185_1x1.png","0185","FIBER_FAILS","Mechanism reframe","Specific GLP-1 problems","splitPanel","clay","luxe","1x1","1080","1080","facebook_feed,instagram_feed","Your gut changed. Your support didn’t.","Two capsules daily, designed around the routine you’re on.","Think beyond fiber","Start with one month"
"LF1_FIBER_FAILS_splitPanel_clay_0185_4x5.png","0185","FIBER_FAILS","Mechanism reframe","Specific GLP-1 problems","splitPanel","clay","luxe","4x5","1080","1350","facebook_feed,instagram_feed","Your gut changed. Your support didn’t.","Two capsules daily, designed around the routine you’re on.","Think beyond fiber","Start with one month"
"LF1_FIBER_FAILS_splitPanel_clay_0185_9x16.png","0185","FIBER_FAILS","Mechanism reframe","Specific GLP-1 problems","splitPanel","clay","luxe","9x16","1080","1920","instagram_story,facebook_story,instagram_reels","Your gut changed. Your support didn’t.","Two capsules daily, designed around the routine you’re on.","Think beyond fiber","Start with one month"
"LF1_FIBER_FAILS_splitPanel_ink_0204_191x1.png","0204","FIBER_FAILS","Mechanism reframe","Specific GLP-1 problems","splitPanel","ink","impact","191x1","1200","628","facebook_right_column,audience_network","Built for the mechanism, not the symptom.","LF-1 is formulated specifically as digestive support for GLP-1 routines.","Not another fiber scoop","Start with one month"
"LF1_FIBER_FAILS_splitPanel_ink_0204_1x1.png","0204","FIBER_FAILS","Mechanism reframe","Specific GLP-1 problems","splitPanel","ink","impact","1x1","1080","1080","facebook_feed,instagram_feed","Built for the mechanism, not the symptom.","LF-1 is formulated specifically as digestive support for GLP-1 routines.","Not another fiber scoop","Start with one month"
"LF1_FIBER_FAILS_splitPanel_ink_0204_4x5.png","0204","FIBER_FAILS","Mechanism reframe","Specific GLP-1 problems","splitPanel","ink","impact","4x5","1080","1350","facebook_feed,instagram_feed","Built for the mechanism, not the symptom.","LF-1 is formulated specifically as digestive support for GLP-1 routines.","Not another fiber scoop","Start with one month"
"LF1_FIBER_FAILS_splitPanel_ink_0204_9x16.png","0204","FIBER_FAILS","Mechanism reframe","Specific GLP-1 problems","splitPanel","ink","impact","9x16","1080","1920","instagram_story,facebook_story,instagram_reels","Built for the mechanism, not the symptom.","LF-1 is formulated specifically as digestive support for GLP-1 routines.","Not another fiber scoop","Start with one month"
"LF1_FIBER_FAILS_splitPanel_sage_0167_191x1.png","0167","FIBER_FAILS","Mechanism reframe","Specific GLP-1 problems","splitPanel","sage","humanist","191x1","1200","628","facebook_right_column,audience_network","Why a generic fiber scoop isn’t built for this.","A GLP-1 slows gastric emptying — support should account for that.","A different approach","See what’s in it"
"LF1_FIBER_FAILS_splitPanel_sage_0167_1x1.png","0167","FIBER_FAILS","Mechanism reframe","Specific GLP-1 problems","splitPanel","sage","humanist","1x1","1080","1080","facebook_feed,instagram_feed","Why a generic fiber scoop isn’t built for this.","A GLP-1 slows gastric emptying — support should account for that.","A different approach","See what’s in it"
"LF1_FIBER_FAILS_splitPanel_sage_0167_4x5.png","0167","FIBER_FAILS","Mechanism reframe","Specific GLP-1 problems","splitPanel","sage","humanist","4x5","1080","1350","facebook_feed,instagram_feed","Why a generic fiber scoop isn’t built for this.","A GLP-1 slows gastric emptying — support should account for that.","A different approach","See what’s in it"
"LF1_FIBER_FAILS_splitPanel_sage_0167_9x16.png","0167","FIBER_FAILS","Mechanism reframe","Specific GLP-1 problems","splitPanel","sage","humanist","9x16","1080","1920","instagram_story,facebook_story,instagram_reels","Why a generic fiber scoop isn’t built for this.","A GLP-1 slows gastric emptying — support should account for that.","A different approach","See what’s in it"
"LF1_FIBER_FAILS_splitPanel_sage_0202_191x1.png","0202","FIBER_FAILS","Mechanism reframe","Specific GLP-1 problems","splitPanel","sage","grotesk","191x1","1200","628","facebook_right_column,audience_network","Not a fiber scoop. A formulation.","A GLP-1 slows gastric emptying — support should account for that.","Think beyond fiber","Explore LF-1"
"LF1_FIBER_FAILS_splitPanel_sage_0202_1x1.png","0202","FIBER_FAILS","Mechanism reframe","Specific GLP-1 problems","splitPanel","sage","grotesk","1x1","1080","1080","facebook_feed,instagram_feed","Not a fiber scoop. A formulation.","A GLP-1 slows gastric emptying — support should account for that.","Think beyond fiber","Explore LF-1"
"LF1_FIBER_FAILS_splitPanel_sage_0202_4x5.png","0202","FIBER_FAILS","Mechanism reframe","Specific GLP-1 problems","splitPanel","sage","grotesk","4x5","1080","1350","facebook_feed,instagram_feed","Not a fiber scoop. A formulation.","A GLP-1 slows gastric emptying — support should account for that.","Think beyond fiber","Explore LF-1"
"LF1_FIBER_FAILS_splitPanel_sage_0202_9x16.png","0202","FIBER_FAILS","Mechanism reframe","Specific GLP-1 problems","splitPanel","sage","grotesk","9x16","1080","1920","instagram_story,facebook_story,instagram_reels","Not a fiber scoop. A formulation.","A GLP-1 slows gastric emptying — support should account for that.","Think beyond fiber","Explore LF-1"
"LF1_FIBER_FAILS_statBlock_bone_0168_191x1.png","0168","FIBER_FAILS","Mechanism reframe","Specific GLP-1 problems","statBlock","bone","editorial","191x1","1200","628","facebook_right_column,audience_network","A GLP-1 gut isn’t a normal gut.","Two capsules daily, designed around the routine you’re on.","Not another fiber scoop","Shop now"
"LF1_FIBER_FAILS_statBlock_bone_0168_1x1.png","0168","FIBER_FAILS","Mechanism reframe","Specific GLP-1 problems","statBlock","bone","editorial","1x1","1080","1080","facebook_feed,instagram_feed","A GLP-1 gut isn’t a normal gut.","Two capsules daily, designed around the routine you’re on.","Not another fiber scoop","Shop now"
"LF1_FIBER_FAILS_statBlock_bone_0168_4x5.png","0168","FIBER_FAILS","Mechanism reframe","Specific GLP-1 problems","statBlock","bone","editorial","4x5","1080","1350","facebook_feed,instagram_feed","A GLP-1 gut isn’t a normal gut.","Two capsules daily, designed around the routine you’re on.","Not another fiber scoop","Shop now"
"LF1_FIBER_FAILS_statBlock_bone_0168_9x16.png","0168","FIBER_FAILS","Mechanism reframe","Specific GLP-1 problems","statBlock","bone","editorial","9x16","1080","1920","instagram_story,facebook_story,instagram_reels","A GLP-1 gut isn’t a normal gut.","Two capsules daily, designed around the routine you’re on.","Not another fiber scoop","Shop now"
"LF1_FIBER_FAILS_statBlock_clay_0170_191x1.png","0170","FIBER_FAILS","Mechanism reframe","Specific GLP-1 problems","statBlock","clay","editorial","191x1","1200","628","facebook_right_column,audience_network","Same problem. Different mechanism.","Not a scoop. Not a powder. A daily capsule.","Not another fiber scoop","See what’s in it"
"LF1_FIBER_FAILS_statBlock_clay_0170_1x1.png","0170","FIBER_FAILS","Mechanism reframe","Specific GLP-1 problems","statBlock","clay","editorial","1x1","1080","1080","facebook_feed,instagram_feed","Same problem. Different mechanism.","Not a scoop. Not a powder. A daily capsule.","Not another fiber scoop","See what’s in it"
"LF1_FIBER_FAILS_statBlock_clay_0170_4x5.png","0170","FIBER_FAILS","Mechanism reframe","Specific GLP-1 problems","statBlock","clay","editorial","4x5","1080","1350","facebook_feed,instagram_feed","Same problem. Different mechanism.","Not a scoop. Not a powder. A daily capsule.","Not another fiber scoop","See what’s in it"
"LF1_FIBER_FAILS_statBlock_clay_0170_9x16.png","0170","FIBER_FAILS","Mechanism reframe","Specific GLP-1 problems","statBlock","clay","editorial","9x16","1080","1920","instagram_story,facebook_story,instagram_reels","Same problem. Different mechanism.","Not a scoop. Not a powder. A daily capsule.","Not another fiber scoop","See what’s in it"
"LF1_FIBER_FAILS_statBlock_clinical_0201_191x1.png","0201","FIBER_FAILS","Mechanism reframe","Specific GLP-1 problems","statBlock","clinical","grotesk","191x1","1200","628","facebook_right_column,audience_network","Your usual fix wasn’t built for a GLP-1.","LF-1 is formulated specifically as digestive support for GLP-1 routines.","A different approach","Shop LF-1"
"LF1_FIBER_FAILS_statBlock_clinical_0201_1x1.png","0201","FIBER_FAILS","Mechanism reframe","Specific GLP-1 problems","statBlock","clinical","grotesk","1x1","1080","1080","facebook_feed,instagram_feed","Your usual fix wasn’t built for a GLP-1.","LF-1 is formulated specifically as digestive support for GLP-1 routines.","A different approach","Shop LF-1"
"LF1_FIBER_FAILS_statBlock_clinical_0201_4x5.png","0201","FIBER_FAILS","Mechanism reframe","Specific GLP-1 problems","statBlock","clinical","grotesk","4x5","1080","1350","facebook_feed,instagram_feed","Your usual fix wasn’t built for a GLP-1.","LF-1 is formulated specifically as digestive support for GLP-1 routines.","A different approach","Shop LF-1"
"LF1_FIBER_FAILS_statBlock_clinical_0201_9x16.png","0201","FIBER_FAILS","Mechanism reframe","Specific GLP-1 problems","statBlock","clinical","grotesk","9x16","1080","1920","instagram_story,facebook_story,instagram_reels","Your usual fix wasn’t built for a GLP-1.","LF-1 is formulated specifically as digestive support for GLP-1 routines.","A different approach","Shop LF-1"
"LF1_FIBER_FAILS_statBlock_forest_0179_191x1.png","0179","FIBER_FAILS","Mechanism reframe","Specific GLP-1 problems","statBlock","forest","editorial","191x1","1200","628","facebook_right_column,audience_network","Fiber is a tool. Not the whole toolbox.","LF-1 is formulated specifically as digestive support for GLP-1 routines.","A different approach","See the formula"
"LF1_FIBER_FAILS_statBlock_forest_0179_1x1.png","0179","FIBER_FAILS","Mechanism reframe","Specific GLP-1 problems","statBlock","forest","editorial","1x1","1080","1080","facebook_feed,instagram_feed","Fiber is a tool. Not the whole toolbox.","LF-1 is formulated specifically as digestive support for GLP-1 routines.","A different approach","See the formula"
"LF1_FIBER_FAILS_statBlock_forest_0179_4x5.png","0179","FIBER_FAILS","Mechanism reframe","Specific GLP-1 problems","statBlock","forest","editorial","4x5","1080","1350","facebook_feed,instagram_feed","Fiber is a tool. Not the whole toolbox.","LF-1 is formulated specifically as digestive support for GLP-1 routines.","A different approach","See the formula"
"LF1_FIBER_FAILS_statBlock_forest_0179_9x16.png","0179","FIBER_FAILS","Mechanism reframe","Specific GLP-1 problems","statBlock","forest","editorial","9x16","1080","1920","instagram_story,facebook_story,instagram_reels","Fiber is a tool. Not the whole toolbox.","LF-1 is formulated specifically as digestive support for GLP-1 routines.","A different approach","See the formula"
"LF1_FIBER_FAILS_statBlock_ink_0183_191x1.png","0183","FIBER_FAILS","Mechanism reframe","Specific GLP-1 problems","statBlock","ink","grotesk","191x1","1200","628","facebook_right_column,audience_network","Built around how a GLP-1 actually behaves.","Digestive Support, purpose-built rather than general-purpose.","Not another fiber scoop","Explore LF-1"
"LF1_FIBER_FAILS_statBlock_ink_0183_1x1.png","0183","FIBER_FAILS","Mechanism reframe","Specific GLP-1 problems","statBlock","ink","grotesk","1x1","1080","1080","facebook_feed,instagram_feed","Built around how a GLP-1 actually behaves.","Digestive Support, purpose-built rather than general-purpose.","Not another fiber scoop","Explore LF-1"
"LF1_FIBER_FAILS_statBlock_ink_0183_4x5.png","0183","FIBER_FAILS","Mechanism reframe","Specific GLP-1 problems","statBlock","ink","grotesk","4x5","1080","1350","facebook_feed,instagram_feed","Built around how a GLP-1 actually behaves.","Digestive Support, purpose-built rather than general-purpose.","Not another fiber scoop","Explore LF-1"
"LF1_FIBER_FAILS_statBlock_ink_0183_9x16.png","0183","FIBER_FAILS","Mechanism reframe","Specific GLP-1 problems","statBlock","ink","grotesk","9x16","1080","1920","instagram_story,facebook_story,instagram_reels","Built around how a GLP-1 actually behaves.","Digestive Support, purpose-built rather than general-purpose.","Not another fiber scoop","Explore LF-1"
"LF1_FIBER_FAILS_statBlock_sand_0176_191x1.png","0176","FIBER_FAILS","Mechanism reframe","Specific GLP-1 problems","statBlock","sand","luxe","191x1","1200","628","facebook_right_column,audience_network","Most gut supplements ignore the GLP-1 variable.","Not a scoop. Not a powder. A daily capsule.","Mechanism matters","View LF-1"
"LF1_FIBER_FAILS_statBlock_sand_0176_1x1.png","0176","FIBER_FAILS","Mechanism reframe","Specific GLP-1 problems","statBlock","sand","luxe","1x1","1080","1080","facebook_feed,instagram_feed","Most gut supplements ignore the GLP-1 variable.","Not a scoop. Not a powder. A daily capsule.","Mechanism matters","View LF-1"
"LF1_FIBER_FAILS_statBlock_sand_0176_4x5.png","0176","FIBER_FAILS","Mechanism reframe","Specific GLP-1 problems","statBlock","sand","luxe","4x5","1080","1350","facebook_feed,instagram_feed","Most gut supplements ignore the GLP-1 variable.","Not a scoop. Not a powder. A daily capsule.","Mechanism matters","View LF-1"
"LF1_FIBER_FAILS_statBlock_sand_0176_9x16.png","0176","FIBER_FAILS","Mechanism reframe","Specific GLP-1 problems","statBlock","sand","luxe","9x16","1080","1920","instagram_story,facebook_story,instagram_reels","Most gut supplements ignore the GLP-1 variable.","Not a scoop. Not a powder. A daily capsule.","Mechanism matters","View LF-1"
"LF1_FIBER_FAILS_timeline_forest_0191_191x1.png","0191","FIBER_FAILS","Mechanism reframe","Specific GLP-1 problems","timeline","forest","impact","191x1","1200","628","facebook_right_column,audience_network","The fix isn’t volume. It’s fit.","Not a scoop. Not a powder. A daily capsule.","Think beyond fiber","Start with one month"
"LF1_FIBER_FAILS_timeline_forest_0191_1x1.png","0191","FIBER_FAILS","Mechanism reframe","Specific GLP-1 problems","timeline","forest","impact","1x1","1080","1080","facebook_feed,instagram_feed","The fix isn’t volume. It’s fit.","Not a scoop. Not a powder. A daily capsule.","Think beyond fiber","Start with one month"
"LF1_FIBER_FAILS_timeline_forest_0191_4x5.png","0191","FIBER_FAILS","Mechanism reframe","Specific GLP-1 problems","timeline","forest","impact","4x5","1080","1350","facebook_feed,instagram_feed","The fix isn’t volume. It’s fit.","Not a scoop. Not a powder. A daily capsule.","Think beyond fiber","Start with one month"
"LF1_FIBER_FAILS_timeline_forest_0191_9x16.png","0191","FIBER_FAILS","Mechanism reframe","Specific GLP-1 problems","timeline","forest","impact","9x16","1080","1920","instagram_story,facebook_story,instagram_reels","The fix isn’t volume. It’s fit.","Not a scoop. Not a powder. A daily capsule.","Think beyond fiber","Start with one month"
"LF1_FINALLY_NORMAL_badgeGrid_clinical_0023_191x1.png","0023","FINALLY_NORMAL","Finally normal","Support the GLP-1 journey","badgeGrid","clinical","humanist","191x1","1200","628","facebook_right_column,audience_network","Comfort, without changing course.","Digestive support, formulated for GLP-1 routines.","The companion capsule","Explore LF-1"
"LF1_FINALLY_NORMAL_badgeGrid_clinical_0052_191x1.png","0052","FINALLY_NORMAL","Finally normal","Support the GLP-1 journey","badgeGrid","clinical","condensed","191x1","1200","628","facebook_right_column,audience_network","The GLP-1 support that should have come in the box.","Built around the routine, not around the scale.","Made for GLP-1 routines","See the formula"
"LF1_FINALLY_NORMAL_bigType_clay_0009_191x1.png","0009","FINALLY_NORMAL","Finally normal","Support the GLP-1 journey","bigType","clay","editorial","191x1","1200","628","facebook_right_column,audience_network","Normal is underrated. Get it back.","LF-1 is a daily digestive companion made for people on a GLP-1.","The companion capsule","Start with one month"
"LF1_FINALLY_NORMAL_bigType_clay_0009_1x1.png","0009","FINALLY_NORMAL","Finally normal","Support the GLP-1 journey","bigType","clay","editorial","1x1","1080","1080","facebook_feed,instagram_feed","Normal is underrated. Get it back.","LF-1 is a daily digestive companion made for people on a GLP-1.","The companion capsule","Start with one month"
"LF1_FINALLY_NORMAL_bigType_clay_0009_4x5.png","0009","FINALLY_NORMAL","Finally normal","Support the GLP-1 journey","bigType","clay","editorial","4x5","1080","1350","facebook_feed,instagram_feed","Normal is underrated. Get it back.","LF-1 is a daily digestive companion made for people on a GLP-1.","The companion capsule","Start with one month"
"LF1_FINALLY_NORMAL_bigType_clay_0009_9x16.png","0009","FINALLY_NORMAL","Finally normal","Support the GLP-1 journey","bigType","clay","editorial","9x16","1080","1920","instagram_story,facebook_story,instagram_reels","Normal is underrated. Get it back.","LF-1 is a daily digestive companion made for people on a GLP-1.","The companion capsule","Start with one month"
"LF1_FINALLY_NORMAL_bigType_clay_0016_191x1.png","0016","FINALLY_NORMAL","Finally normal","Support the GLP-1 journey","bigType","clay","luxe","191x1","1200","628","facebook_right_column,audience_network","The missing half of your GLP-1 routine.","Two capsules each morning. 60 per bottle.","The companion capsule","Shop now"
"LF1_FINALLY_NORMAL_bigType_clay_0016_1x1.png","0016","FINALLY_NORMAL","Finally normal","Support the GLP-1 journey","bigType","clay","luxe","1x1","1080","1080","facebook_feed,instagram_feed","The missing half of your GLP-1 routine.","Two capsules each morning. 60 per bottle.","The companion capsule","Shop now"
"LF1_FINALLY_NORMAL_bigType_clay_0016_4x5.png","0016","FINALLY_NORMAL","Finally normal","Support the GLP-1 journey","bigType","clay","luxe","4x5","1080","1350","facebook_feed,instagram_feed","The missing half of your GLP-1 routine.","Two capsules each morning. 60 per bottle.","The companion capsule","Shop now"
"LF1_FINALLY_NORMAL_bigType_clay_0016_9x16.png","0016","FINALLY_NORMAL","Finally normal","Support the GLP-1 journey","bigType","clay","luxe","9x16","1080","1920","instagram_story,facebook_story,instagram_reels","The missing half of your GLP-1 routine.","Two capsules each morning. 60 per bottle.","The companion capsule","Shop now"
"LF1_FINALLY_NORMAL_bigType_clay_0034_191x1.png","0034","FINALLY_NORMAL","Finally normal","Support the GLP-1 journey","bigType","clay","editorial","191x1","1200","628","facebook_right_column,audience_network","Finally, a GLP-1 morning that feels normal.","LF-1 is a daily digestive companion made for people on a GLP-1.","For life on a GLP-1","Start with one month"
"LF1_FINALLY_NORMAL_bigType_clay_0034_1x1.png","0034","FINALLY_NORMAL","Finally normal","Support the GLP-1 journey","bigType","clay","editorial","1x1","1080","1080","facebook_feed,instagram_feed","Finally, a GLP-1 morning that feels normal.","LF-1 is a daily digestive companion made for people on a GLP-1.","For life on a GLP-1","Start with one month"
"LF1_FINALLY_NORMAL_bigType_clay_0034_4x5.png","0034","FINALLY_NORMAL","Finally normal","Support the GLP-1 journey","bigType","clay","editorial","4x5","1080","1350","facebook_feed,instagram_feed","Finally, a GLP-1 morning that feels normal.","LF-1 is a daily digestive companion made for people on a GLP-1.","For life on a GLP-1","Start with one month"
"LF1_FINALLY_NORMAL_bigType_clay_0034_9x16.png","0034","FINALLY_NORMAL","Finally normal","Support the GLP-1 journey","bigType","clay","editorial","9x16","1080","1920","instagram_story,facebook_story,instagram_reels","Finally, a GLP-1 morning that feels normal.","LF-1 is a daily digestive companion made for people on a GLP-1.","For life on a GLP-1","Start with one month"
"LF1_FINALLY_NORMAL_bigType_clinical_0020_191x1.png","0020","FINALLY_NORMAL","Finally normal","Support the GLP-1 journey","bigType","clinical","humanist","191x1","1200","628","facebook_right_column,audience_network","Not a shortcut. A steadier ride.","LF-1 is a daily digestive companion made for people on a GLP-1.","LEAF · LF-1","Shop LF-1"
"LF1_FINALLY_NORMAL_bigType_clinical_0051_191x1.png","0051","FINALLY_NORMAL","Finally normal","Support the GLP-1 journey","bigType","clinical","grotesk","191x1","1200","628","facebook_right_column,audience_network","Not a shortcut. A steadier ride.","A companion to your GLP-1 — never a replacement for it.","Made for GLP-1 routines","Start with one month"
"LF1_FINALLY_NORMAL_bigType_clinical_0051_1x1.png","0051","FINALLY_NORMAL","Finally normal","Support the GLP-1 journey","bigType","clinical","grotesk","1x1","1080","1080","facebook_feed,instagram_feed","Not a shortcut. A steadier ride.","A companion to your GLP-1 — never a replacement for it.","Made for GLP-1 routines","Start with one month"
"LF1_FINALLY_NORMAL_bigType_clinical_0051_4x5.png","0051","FINALLY_NORMAL","Finally normal","Support the GLP-1 journey","bigType","clinical","grotesk","4x5","1080","1350","facebook_feed,instagram_feed","Not a shortcut. A steadier ride.","A companion to your GLP-1 — never a replacement for it.","Made for GLP-1 routines","Start with one month"
"LF1_FINALLY_NORMAL_bigType_clinical_0051_9x16.png","0051","FINALLY_NORMAL","Finally normal","Support the GLP-1 journey","bigType","clinical","grotesk","9x16","1080","1920","instagram_story,facebook_story,instagram_reels","Not a shortcut. A steadier ride.","A companion to your GLP-1 — never a replacement for it.","Made for GLP-1 routines","Start with one month"
"LF1_FINALLY_NORMAL_bigType_clinical_0058_191x1.png","0058","FINALLY_NORMAL","Finally normal","Support the GLP-1 journey","bigType","clinical","impact","191x1","1200","628","facebook_right_column,audience_network","Your journey. Properly supported.","LF-1 is a daily digestive companion made for people on a GLP-1.","Made for GLP-1 routines","Start with one month"
"LF1_FINALLY_NORMAL_bigType_clinical_0058_1x1.png","0058","FINALLY_NORMAL","Finally normal","Support the GLP-1 journey","bigType","clinical","impact","1x1","1080","1080","facebook_feed,instagram_feed","Your journey. Properly supported.","LF-1 is a daily digestive companion made for people on a GLP-1.","Made for GLP-1 routines","Start with one month"
"LF1_FINALLY_NORMAL_bigType_clinical_0058_4x5.png","0058","FINALLY_NORMAL","Finally normal","Support the GLP-1 journey","bigType","clinical","impact","4x5","1080","1350","facebook_feed,instagram_feed","Your journey. Properly supported.","LF-1 is a daily digestive companion made for people on a GLP-1.","Made for GLP-1 routines","Start with one month"
"LF1_FINALLY_NORMAL_bigType_clinical_0058_9x16.png","0058","FINALLY_NORMAL","Finally normal","Support the GLP-1 journey","bigType","clinical","impact","9x16","1080","1920","instagram_story,facebook_story,instagram_reels","Your journey. Properly supported.","LF-1 is a daily digestive companion made for people on a GLP-1.","Made for GLP-1 routines","Start with one month"
"LF1_FINALLY_NORMAL_bigType_forest_0024_191x1.png","0024","FINALLY_NORMAL","Finally normal","Support the GLP-1 journey","bigType","forest","luxe","191x1","1200","628","facebook_right_column,audience_network","Where your GLP-1 stops, LF-1 starts.","A companion to your GLP-1 — never a replacement for it.","Daily GLP-1 companion","Shop LF-1"
"LF1_FINALLY_NORMAL_bigType_forest_0024_1x1.png","0024","FINALLY_NORMAL","Finally normal","Support the GLP-1 journey","bigType","forest","luxe","1x1","1080","1080","facebook_feed,instagram_feed","Where your GLP-1 stops, LF-1 starts.","A companion to your GLP-1 — never a replacement for it.","Daily GLP-1 companion","Shop LF-1"
"LF1_FINALLY_NORMAL_bigType_forest_0024_4x5.png","0024","FINALLY_NORMAL","Finally normal","Support the GLP-1 journey","bigType","forest","luxe","4x5","1080","1350","facebook_feed,instagram_feed","Where your GLP-1 stops, LF-1 starts.","A companion to your GLP-1 — never a replacement for it.","Daily GLP-1 companion","Shop LF-1"
"LF1_FINALLY_NORMAL_bigType_forest_0024_9x16.png","0024","FINALLY_NORMAL","Finally normal","Support the GLP-1 journey","bigType","forest","luxe","9x16","1080","1920","instagram_story,facebook_story,instagram_reels","Where your GLP-1 stops, LF-1 starts.","A companion to your GLP-1 — never a replacement for it.","Daily GLP-1 companion","Shop LF-1"
"LF1_FINALLY_NORMAL_bigType_mint_0025_191x1.png","0025","FINALLY_NORMAL","Finally normal","Support the GLP-1 journey","bigType","mint","grotesk","191x1","1200","628","facebook_right_column,audience_network","Progress you can actually live with.","Built around the routine, not around the scale.","Daily GLP-1 companion","Explore LF-1"
"LF1_FINALLY_NORMAL_bigType_mint_0025_1x1.png","0025","FINALLY_NORMAL","Finally normal","Support the GLP-1 journey","bigType","mint","grotesk","1x1","1080","1080","facebook_feed,instagram_feed","Progress you can actually live with.","Built around the routine, not around the scale.","Daily GLP-1 companion","Explore LF-1"
"LF1_FINALLY_NORMAL_bigType_mint_0025_4x5.png","0025","FINALLY_NORMAL","Finally normal","Support the GLP-1 journey","bigType","mint","grotesk","4x5","1080","1350","facebook_feed,instagram_feed","Progress you can actually live with.","Built around the routine, not around the scale.","Daily GLP-1 companion","Explore LF-1"
"LF1_FINALLY_NORMAL_bigType_mint_0025_9x16.png","0025","FINALLY_NORMAL","Finally normal","Support the GLP-1 journey","bigType","mint","grotesk","9x16","1080","1920","instagram_story,facebook_story,instagram_reels","Progress you can actually live with.","Built around the routine, not around the scale.","Daily GLP-1 companion","Explore LF-1"
"LF1_FINALLY_NORMAL_bigType_sage_0021_191x1.png","0021","FINALLY_NORMAL","Finally normal","Support the GLP-1 journey","bigType","sage","humanist","191x1","1200","628","facebook_right_column,audience_network","The GLP-1 support that should have come in the box.","A companion to your GLP-1 — never a replacement for it.","The companion capsule","View LF-1"
"LF1_FINALLY_NORMAL_bigType_sage_0021_1x1.png","0021","FINALLY_NORMAL","Finally normal","Support the GLP-1 journey","bigType","sage","humanist","1x1","1080","1080","facebook_feed,instagram_feed","The GLP-1 support that should have come in the box.","A companion to your GLP-1 — never a replacement for it.","The companion capsule","View LF-1"
"LF1_FINALLY_NORMAL_bigType_sage_0021_4x5.png","0021","FINALLY_NORMAL","Finally normal","Support the GLP-1 journey","bigType","sage","humanist","4x5","1080","1350","facebook_feed,instagram_feed","The GLP-1 support that should have come in the box.","A companion to your GLP-1 — never a replacement for it.","The companion capsule","View LF-1"
"LF1_FINALLY_NORMAL_bigType_sage_0021_9x16.png","0021","FINALLY_NORMAL","Finally normal","Support the GLP-1 journey","bigType","sage","humanist","9x16","1080","1920","instagram_story,facebook_story,instagram_reels","The GLP-1 support that should have come in the box.","A companion to your GLP-1 — never a replacement for it.","The companion capsule","View LF-1"
"LF1_FINALLY_NORMAL_bigType_sage_0049_191x1.png","0049","FINALLY_NORMAL","Finally normal","Support the GLP-1 journey","bigType","sage","grotesk","191x1","1200","628","facebook_right_column,audience_network","On your GLP-1. Finally comfortable.","Made for the long stretch, not the first week.","LEAF · LF-1","Learn more"
"LF1_FINALLY_NORMAL_bigType_sage_0049_1x1.png","0049","FINALLY_NORMAL","Finally normal","Support the GLP-1 journey","bigType","sage","grotesk","1x1","1080","1080","facebook_feed,instagram_feed","On your GLP-1. Finally comfortable.","Made for the long stretch, not the first week.","LEAF · LF-1","Learn more"
"LF1_FINALLY_NORMAL_bigType_sage_0049_4x5.png","0049","FINALLY_NORMAL","Finally normal","Support the GLP-1 journey","bigType","sage","grotesk","4x5","1080","1350","facebook_feed,instagram_feed","On your GLP-1. Finally comfortable.","Made for the long stretch, not the first week.","LEAF · LF-1","Learn more"
"LF1_FINALLY_NORMAL_bigType_sage_0049_9x16.png","0049","FINALLY_NORMAL","Finally normal","Support the GLP-1 journey","bigType","sage","grotesk","9x16","1080","1920","instagram_story,facebook_story,instagram_reels","On your GLP-1. Finally comfortable.","Made for the long stretch, not the first week.","LEAF · LF-1","Learn more"
"LF1_FINALLY_NORMAL_boxFrame_clinical_0004_191x1.png","0004","FINALLY_NORMAL","Finally normal","Support the GLP-1 journey","boxFrame","clinical","impact","191x1","1200","628","facebook_right_column,audience_network","Your GLP-1, minus the sides.","Digestive support, formulated for GLP-1 routines.","The companion capsule","See the formula"
"LF1_FINALLY_NORMAL_boxFrame_clinical_0004_1x1.png","0004","FINALLY_NORMAL","Finally normal","Support the GLP-1 journey","boxFrame","clinical","impact","1x1","1080","1080","facebook_feed,instagram_feed","Your GLP-1, minus the sides.","Digestive support, formulated for GLP-1 routines.","The companion capsule","See the formula"
"LF1_FINALLY_NORMAL_boxFrame_clinical_0004_4x5.png","0004","FINALLY_NORMAL","Finally normal","Support the GLP-1 journey","boxFrame","clinical","impact","4x5","1080","1350","facebook_feed,instagram_feed","Your GLP-1, minus the sides.","Digestive support, formulated for GLP-1 routines.","The companion capsule","See the formula"
"LF1_FINALLY_NORMAL_boxFrame_clinical_0004_9x16.png","0004","FINALLY_NORMAL","Finally normal","Support the GLP-1 journey","boxFrame","clinical","impact","9x16","1080","1920","instagram_story,facebook_story,instagram_reels","Your GLP-1, minus the sides.","Digestive support, formulated for GLP-1 routines.","The companion capsule","See the formula"
"LF1_FINALLY_NORMAL_boxFrame_forest_0030_191x1.png","0030","FINALLY_NORMAL","Finally normal","Support the GLP-1 journey","boxFrame","forest","luxe","191x1","1200","628","facebook_right_column,audience_network","Feel like yourself again.","Made for the long stretch, not the first week.","Daily GLP-1 companion","See the formula"
"LF1_FINALLY_NORMAL_boxFrame_forest_0030_1x1.png","0030","FINALLY_NORMAL","Finally normal","Support the GLP-1 journey","boxFrame","forest","luxe","1x1","1080","1080","facebook_feed,instagram_feed","Feel like yourself again.","Made for the long stretch, not the first week.","Daily GLP-1 companion","See the formula"
"LF1_FINALLY_NORMAL_boxFrame_forest_0030_4x5.png","0030","FINALLY_NORMAL","Finally normal","Support the GLP-1 journey","boxFrame","forest","luxe","4x5","1080","1350","facebook_feed,instagram_feed","Feel like yourself again.","Made for the long stretch, not the first week.","Daily GLP-1 companion","See the formula"
"LF1_FINALLY_NORMAL_boxFrame_forest_0030_9x16.png","0030","FINALLY_NORMAL","Finally normal","Support the GLP-1 journey","boxFrame","forest","luxe","9x16","1080","1920","instagram_story,facebook_story,instagram_reels","Feel like yourself again.","Made for the long stretch, not the first week.","Daily GLP-1 companion","See the formula"
"LF1_FINALLY_NORMAL_boxFrame_ink_0013_191x1.png","0013","FINALLY_NORMAL","Finally normal","Support the GLP-1 journey","boxFrame","ink","condensed","191x1","1200","628","facebook_right_column,audience_network","For the days your GLP-1 doesn’t cover.","One simple daily step alongside your GLP-1.","LEAF · LF-1","See the formula"
"LF1_FINALLY_NORMAL_boxFrame_ink_0013_1x1.png","0013","FINALLY_NORMAL","Finally normal","Support the GLP-1 journey","boxFrame","ink","condensed","1x1","1080","1080","facebook_feed,instagram_feed","For the days your GLP-1 doesn’t cover.","One simple daily step alongside your GLP-1.","LEAF · LF-1","See the formula"
"LF1_FINALLY_NORMAL_boxFrame_ink_0013_4x5.png","0013","FINALLY_NORMAL","Finally normal","Support the GLP-1 journey","boxFrame","ink","condensed","4x5","1080","1350","facebook_feed,instagram_feed","For the days your GLP-1 doesn’t cover.","One simple daily step alongside your GLP-1.","LEAF · LF-1","See the formula"
"LF1_FINALLY_NORMAL_boxFrame_ink_0013_9x16.png","0013","FINALLY_NORMAL","Finally normal","Support the GLP-1 journey","boxFrame","ink","condensed","9x16","1080","1920","instagram_story,facebook_story,instagram_reels","For the days your GLP-1 doesn’t cover.","One simple daily step alongside your GLP-1.","LEAF · LF-1","See the formula"
"LF1_FINALLY_NORMAL_boxFrame_ink_0017_191x1.png","0017","FINALLY_NORMAL","Finally normal","Support the GLP-1 journey","boxFrame","ink","impact","191x1","1200","628","facebook_right_column,audience_network","Two capsules. Normal mornings.","Digestive support, formulated for GLP-1 routines.","Made for GLP-1 routines","Get LF-1"
"LF1_FINALLY_NORMAL_boxFrame_ink_0017_1x1.png","0017","FINALLY_NORMAL","Finally normal","Support the GLP-1 journey","boxFrame","ink","impact","1x1","1080","1080","facebook_feed,instagram_feed","Two capsules. Normal mornings.","Digestive support, formulated for GLP-1 routines.","Made for GLP-1 routines","Get LF-1"
"LF1_FINALLY_NORMAL_boxFrame_ink_0017_4x5.png","0017","FINALLY_NORMAL","Finally normal","Support the GLP-1 journey","boxFrame","ink","impact","4x5","1080","1350","facebook_feed,instagram_feed","Two capsules. Normal mornings.","Digestive support, formulated for GLP-1 routines.","Made for GLP-1 routines","Get LF-1"
"LF1_FINALLY_NORMAL_boxFrame_ink_0017_9x16.png","0017","FINALLY_NORMAL","Finally normal","Support the GLP-1 journey","boxFrame","ink","impact","9x16","1080","1920","instagram_story,facebook_story,instagram_reels","Two capsules. Normal mornings.","Digestive support, formulated for GLP-1 routines.","Made for GLP-1 routines","Get LF-1"
"LF1_FINALLY_NORMAL_boxFrame_sage_0055_191x1.png","0055","FINALLY_NORMAL","Finally normal","Support the GLP-1 journey","boxFrame","sage","humanist","191x1","1200","628","facebook_right_column,audience_network","Designed for GLP-1 mornings.","One simple daily step alongside your GLP-1.","For life on a GLP-1","Start with one month"
"LF1_FINALLY_NORMAL_boxFrame_sage_0055_1x1.png","0055","FINALLY_NORMAL","Finally normal","Support the GLP-1 journey","boxFrame","sage","humanist","1x1","1080","1080","facebook_feed,instagram_feed","Designed for GLP-1 mornings.","One simple daily step alongside your GLP-1.","For life on a GLP-1","Start with one month"
"LF1_FINALLY_NORMAL_boxFrame_sage_0055_4x5.png","0055","FINALLY_NORMAL","Finally normal","Support the GLP-1 journey","boxFrame","sage","humanist","4x5","1080","1350","facebook_feed,instagram_feed","Designed for GLP-1 mornings.","One simple daily step alongside your GLP-1.","For life on a GLP-1","Start with one month"
"LF1_FINALLY_NORMAL_boxFrame_sage_0055_9x16.png","0055","FINALLY_NORMAL","Finally normal","Support the GLP-1 journey","boxFrame","sage","humanist","9x16","1080","1920","instagram_story,facebook_story,instagram_reels","Designed for GLP-1 mornings.","One simple daily step alongside your GLP-1.","For life on a GLP-1","Start with one month"
"LF1_FINALLY_NORMAL_checklist_clinical_0023_1x1.png","0023","FINALLY_NORMAL","Finally normal","Support the GLP-1 journey","checklist","clinical","humanist","1x1","1080","1080","facebook_feed,instagram_feed","Comfort, without changing course.","Digestive support, formulated for GLP-1 routines.","The companion capsule","Explore LF-1"
"LF1_FINALLY_NORMAL_checklist_clinical_0023_4x5.png","0023","FINALLY_NORMAL","Finally normal","Support the GLP-1 journey","checklist","clinical","humanist","4x5","1080","1350","facebook_feed,instagram_feed","Comfort, without changing course.","Digestive support, formulated for GLP-1 routines.","The companion capsule","Explore LF-1"
"LF1_FINALLY_NORMAL_checklist_clinical_0023_9x16.png","0023","FINALLY_NORMAL","Finally normal","Support the GLP-1 journey","checklist","clinical","humanist","9x16","1080","1920","instagram_story,facebook_story,instagram_reels","Comfort, without changing course.","Digestive support, formulated for GLP-1 routines.","The companion capsule","Explore LF-1"
"LF1_FINALLY_NORMAL_checklist_clinical_0052_1x1.png","0052","FINALLY_NORMAL","Finally normal","Support the GLP-1 journey","checklist","clinical","condensed","1x1","1080","1080","facebook_feed,instagram_feed","The GLP-1 support that should have come in the box.","Built around the routine, not around the scale.","Made for GLP-1 routines","See the formula"
"LF1_FINALLY_NORMAL_checklist_clinical_0052_4x5.png","0052","FINALLY_NORMAL","Finally normal","Support the GLP-1 journey","checklist","clinical","condensed","4x5","1080","1350","facebook_feed,instagram_feed","The GLP-1 support that should have come in the box.","Built around the routine, not around the scale.","Made for GLP-1 routines","See the formula"
"LF1_FINALLY_NORMAL_checklist_clinical_0052_9x16.png","0052","FINALLY_NORMAL","Finally normal","Support the GLP-1 journey","checklist","clinical","condensed","9x16","1080","1920","instagram_story,facebook_story,instagram_reels","The GLP-1 support that should have come in the box.","Built around the routine, not around the scale.","Made for GLP-1 routines","See the formula"
"LF1_FINALLY_NORMAL_circleSeal_bone_0029_191x1.png","0029","FINALLY_NORMAL","Finally normal","Support the GLP-1 journey","circleSeal","bone","editorial","191x1","1200","628","facebook_right_column,audience_network","Your journey. Properly supported.","Built around the routine, not around the scale.","Daily GLP-1 companion","Read the label"
"LF1_FINALLY_NORMAL_circleSeal_bone_0029_1x1.png","0029","FINALLY_NORMAL","Finally normal","Support the GLP-1 journey","circleSeal","bone","editorial","1x1","1080","1080","facebook_feed,instagram_feed","Your journey. Properly supported.","Built around the routine, not around the scale.","Daily GLP-1 companion","Read the label"
"LF1_FINALLY_NORMAL_circleSeal_bone_0029_4x5.png","0029","FINALLY_NORMAL","Finally normal","Support the GLP-1 journey","circleSeal","bone","editorial","4x5","1080","1350","facebook_feed,instagram_feed","Your journey. Properly supported.","Built around the routine, not around the scale.","Daily GLP-1 companion","Read the label"
"LF1_FINALLY_NORMAL_circleSeal_bone_0029_9x16.png","0029","FINALLY_NORMAL","Finally normal","Support the GLP-1 journey","circleSeal","bone","editorial","9x16","1080","1920","instagram_story,facebook_story,instagram_reels","Your journey. Properly supported.","Built around the routine, not around the scale.","Daily GLP-1 companion","Read the label"
"LF1_FINALLY_NORMAL_circleSeal_bone_0045_191x1.png","0045","FINALLY_NORMAL","Finally normal","Support the GLP-1 journey","circleSeal","bone","editorial","191x1","1200","628","facebook_right_column,audience_network","For the days your GLP-1 doesn’t cover.","Built around the routine, not around the scale.","Made for GLP-1 routines","Get LF-1"
"LF1_FINALLY_NORMAL_circleSeal_bone_0045_1x1.png","0045","FINALLY_NORMAL","Finally normal","Support the GLP-1 journey","circleSeal","bone","editorial","1x1","1080","1080","facebook_feed,instagram_feed","For the days your GLP-1 doesn’t cover.","Built around the routine, not around the scale.","Made for GLP-1 routines","Get LF-1"
"LF1_FINALLY_NORMAL_circleSeal_bone_0045_4x5.png","0045","FINALLY_NORMAL","Finally normal","Support the GLP-1 journey","circleSeal","bone","editorial","4x5","1080","1350","facebook_feed,instagram_feed","For the days your GLP-1 doesn’t cover.","Built around the routine, not around the scale.","Made for GLP-1 routines","Get LF-1"
"LF1_FINALLY_NORMAL_circleSeal_bone_0045_9x16.png","0045","FINALLY_NORMAL","Finally normal","Support the GLP-1 journey","circleSeal","bone","editorial","9x16","1080","1920","instagram_story,facebook_story,instagram_reels","For the days your GLP-1 doesn’t cover.","Built around the routine, not around the scale.","Made for GLP-1 routines","Get LF-1"
"LF1_FINALLY_NORMAL_circleSeal_forest_0003_191x1.png","0003","FINALLY_NORMAL","Finally normal","Support the GLP-1 journey","circleSeal","forest","editorial","191x1","1200","628","facebook_right_column,audience_network","The sides nobody warns you about.","One simple daily step alongside your GLP-1.","LEAF · LF-1","Shop now"
"LF1_FINALLY_NORMAL_circleSeal_forest_0003_1x1.png","0003","FINALLY_NORMAL","Finally normal","Support the GLP-1 journey","circleSeal","forest","editorial","1x1","1080","1080","facebook_feed,instagram_feed","The sides nobody warns you about.","One simple daily step alongside your GLP-1.","LEAF · LF-1","Shop now"
"LF1_FINALLY_NORMAL_circleSeal_forest_0003_4x5.png","0003","FINALLY_NORMAL","Finally normal","Support the GLP-1 journey","circleSeal","forest","editorial","4x5","1080","1350","facebook_feed,instagram_feed","The sides nobody warns you about.","One simple daily step alongside your GLP-1.","LEAF · LF-1","Shop now"
"LF1_FINALLY_NORMAL_circleSeal_forest_0003_9x16.png","0003","FINALLY_NORMAL","Finally normal","Support the GLP-1 journey","circleSeal","forest","editorial","9x16","1080","1920","instagram_story,facebook_story,instagram_reels","The sides nobody warns you about.","One simple daily step alongside your GLP-1.","LEAF · LF-1","Shop now"
"LF1_FINALLY_NORMAL_circleSeal_forest_0050_191x1.png","0050","FINALLY_NORMAL","Finally normal","Support the GLP-1 journey","circleSeal","forest","impact","191x1","1200","628","facebook_right_column,audience_network","The quiet part of the journey, handled.","Two capsules each morning. 60 per bottle.","Daily GLP-1 companion","Explore LF-1"
"LF1_FINALLY_NORMAL_circleSeal_forest_0050_1x1.png","0050","FINALLY_NORMAL","Finally normal","Support the GLP-1 journey","circleSeal","forest","impact","1x1","1080","1080","facebook_feed,instagram_feed","The quiet part of the journey, handled.","Two capsules each morning. 60 per bottle.","Daily GLP-1 companion","Explore LF-1"
"LF1_FINALLY_NORMAL_circleSeal_forest_0050_4x5.png","0050","FINALLY_NORMAL","Finally normal","Support the GLP-1 journey","circleSeal","forest","impact","4x5","1080","1350","facebook_feed,instagram_feed","The quiet part of the journey, handled.","Two capsules each morning. 60 per bottle.","Daily GLP-1 companion","Explore LF-1"
"LF1_FINALLY_NORMAL_circleSeal_forest_0050_9x16.png","0050","FINALLY_NORMAL","Finally normal","Support the GLP-1 journey","circleSeal","forest","impact","9x16","1080","1920","instagram_story,facebook_story,instagram_reels","The quiet part of the journey, handled.","Two capsules each morning. 60 per bottle.","Daily GLP-1 companion","Explore LF-1"
"LF1_FINALLY_NORMAL_circleSeal_mint_0006_191x1.png","0006","FINALLY_NORMAL","Finally normal","Support the GLP-1 journey","circleSeal","mint","grotesk","191x1","1200","628","facebook_right_column,audience_network","Feel normal. Stay the course.","One simple daily step alongside your GLP-1.","For life on a GLP-1","Shop LF-1"
"LF1_FINALLY_NORMAL_circleSeal_mint_0006_1x1.png","0006","FINALLY_NORMAL","Finally normal","Support the GLP-1 journey","circleSeal","mint","grotesk","1x1","1080","1080","facebook_feed,instagram_feed","Feel normal. Stay the course.","One simple daily step alongside your GLP-1.","For life on a GLP-1","Shop LF-1"
"LF1_FINALLY_NORMAL_circleSeal_mint_0006_4x5.png","0006","FINALLY_NORMAL","Finally normal","Support the GLP-1 journey","circleSeal","mint","grotesk","4x5","1080","1350","facebook_feed,instagram_feed","Feel normal. Stay the course.","One simple daily step alongside your GLP-1.","For life on a GLP-1","Shop LF-1"
"LF1_FINALLY_NORMAL_circleSeal_mint_0006_9x16.png","0006","FINALLY_NORMAL","Finally normal","Support the GLP-1 journey","circleSeal","mint","grotesk","9x16","1080","1920","instagram_story,facebook_story,instagram_reels","Feel normal. Stay the course.","One simple daily step alongside your GLP-1.","For life on a GLP-1","Shop LF-1"
"LF1_FINALLY_NORMAL_circleSeal_mint_0040_191x1.png","0040","FINALLY_NORMAL","Finally normal","Support the GLP-1 journey","circleSeal","mint","humanist","191x1","1200","628","facebook_right_column,audience_network","Built for the part nobody warned you about.","One simple daily step alongside your GLP-1.","The companion capsule","View LF-1"
"LF1_FINALLY_NORMAL_circleSeal_mint_0040_1x1.png","0040","FINALLY_NORMAL","Finally normal","Support the GLP-1 journey","circleSeal","mint","humanist","1x1","1080","1080","facebook_feed,instagram_feed","Built for the part nobody warned you about.","One simple daily step alongside your GLP-1.","The companion capsule","View LF-1"
"LF1_FINALLY_NORMAL_circleSeal_mint_0040_4x5.png","0040","FINALLY_NORMAL","Finally normal","Support the GLP-1 journey","circleSeal","mint","humanist","4x5","1080","1350","facebook_feed,instagram_feed","Built for the part nobody warned you about.","One simple daily step alongside your GLP-1.","The companion capsule","View LF-1"
"LF1_FINALLY_NORMAL_circleSeal_mint_0040_9x16.png","0040","FINALLY_NORMAL","Finally normal","Support the GLP-1 journey","circleSeal","mint","humanist","9x16","1080","1920","instagram_story,facebook_story,instagram_reels","Built for the part nobody warned you about.","One simple daily step alongside your GLP-1.","The companion capsule","View LF-1"
"LF1_FINALLY_NORMAL_gradientHero_bone_0035_191x1.png","0035","FINALLY_NORMAL","Finally normal","Support the GLP-1 journey","gradientHero","bone","luxe","191x1","1200","628","facebook_right_column,audience_network","We take care of your GLP-1 sides.","LF-1 is a daily digestive companion made for people on a GLP-1.","The companion capsule","Explore LF-1"
"LF1_FINALLY_NORMAL_gradientHero_bone_0035_1x1.png","0035","FINALLY_NORMAL","Finally normal","Support the GLP-1 journey","gradientHero","bone","luxe","1x1","1080","1080","facebook_feed,instagram_feed","We take care of your GLP-1 sides.","LF-1 is a daily digestive companion made for people on a GLP-1.","The companion capsule","Explore LF-1"
"LF1_FINALLY_NORMAL_gradientHero_bone_0035_4x5.png","0035","FINALLY_NORMAL","Finally normal","Support the GLP-1 journey","gradientHero","bone","luxe","4x5","1080","1350","facebook_feed,instagram_feed","We take care of your GLP-1 sides.","LF-1 is a daily digestive companion made for people on a GLP-1.","The companion capsule","Explore LF-1"
"LF1_FINALLY_NORMAL_gradientHero_bone_0035_9x16.png","0035","FINALLY_NORMAL","Finally normal","Support the GLP-1 journey","gradientHero","bone","luxe","9x16","1080","1920","instagram_story,facebook_story,instagram_reels","We take care of your GLP-1 sides.","LF-1 is a daily digestive companion made for people on a GLP-1.","The companion capsule","Explore LF-1"
"LF1_FINALLY_NORMAL_gradientHero_bone_0057_191x1.png","0057","FINALLY_NORMAL","Finally normal","Support the GLP-1 journey","gradientHero","bone","editorial","191x1","1200","628","facebook_right_column,audience_network","For everything the prescription didn’t mention.","Two capsules each morning. 60 per bottle.","LEAF · LF-1","View LF-1"
"LF1_FINALLY_NORMAL_gradientHero_bone_0057_1x1.png","0057","FINALLY_NORMAL","Finally normal","Support the GLP-1 journey","gradientHero","bone","editorial","1x1","1080","1080","facebook_feed,instagram_feed","For everything the prescription didn’t mention.","Two capsules each morning. 60 per bottle.","LEAF · LF-1","View LF-1"
"LF1_FINALLY_NORMAL_gradientHero_bone_0057_4x5.png","0057","FINALLY_NORMAL","Finally normal","Support the GLP-1 journey","gradientHero","bone","editorial","4x5","1080","1350","facebook_feed,instagram_feed","For everything the prescription didn’t mention.","Two capsules each morning. 60 per bottle.","LEAF · LF-1","View LF-1"
"LF1_FINALLY_NORMAL_gradientHero_bone_0057_9x16.png","0057","FINALLY_NORMAL","Finally normal","Support the GLP-1 journey","gradientHero","bone","editorial","9x16","1080","1920","instagram_story,facebook_story,instagram_reels","For everything the prescription didn’t mention.","Two capsules each morning. 60 per bottle.","LEAF · LF-1","View LF-1"
"LF1_FINALLY_NORMAL_gradientHero_clinical_0001_191x1.png","0001","FINALLY_NORMAL","Finally normal","Support the GLP-1 journey","gradientHero","clinical","impact","191x1","1200","628","facebook_right_column,audience_network","Finally, a GLP-1 morning that feels normal.","Built around the routine, not around the scale.","For life on a GLP-1","See what’s in it"
"LF1_FINALLY_NORMAL_gradientHero_clinical_0001_1x1.png","0001","FINALLY_NORMAL","Finally normal","Support the GLP-1 journey","gradientHero","clinical","impact","1x1","1080","1080","facebook_feed,instagram_feed","Finally, a GLP-1 morning that feels normal.","Built around the routine, not around the scale.","For life on a GLP-1","See what’s in it"
"LF1_FINALLY_NORMAL_gradientHero_clinical_0001_4x5.png","0001","FINALLY_NORMAL","Finally normal","Support the GLP-1 journey","gradientHero","clinical","impact","4x5","1080","1350","facebook_feed,instagram_feed","Finally, a GLP-1 morning that feels normal.","Built around the routine, not around the scale.","For life on a GLP-1","See what’s in it"
"LF1_FINALLY_NORMAL_gradientHero_clinical_0001_9x16.png","0001","FINALLY_NORMAL","Finally normal","Support the GLP-1 journey","gradientHero","clinical","impact","9x16","1080","1920","instagram_story,facebook_story,instagram_reels","Finally, a GLP-1 morning that feels normal.","Built around the routine, not around the scale.","For life on a GLP-1","See what’s in it"
"LF1_FINALLY_NORMAL_gradientHero_sage_0053_191x1.png","0053","FINALLY_NORMAL","Finally normal","Support the GLP-1 journey","gradientHero","sage","grotesk","191x1","1200","628","facebook_right_column,audience_network","Comfort, without changing course.","Two capsules each morning. 60 per bottle.","Made for GLP-1 routines","View LF-1"
"LF1_FINALLY_NORMAL_gradientHero_sage_0053_1x1.png","0053","FINALLY_NORMAL","Finally normal","Support the GLP-1 journey","gradientHero","sage","grotesk","1x1","1080","1080","facebook_feed,instagram_feed","Comfort, without changing course.","Two capsules each morning. 60 per bottle.","Made for GLP-1 routines","View LF-1"
"LF1_FINALLY_NORMAL_gradientHero_sage_0053_4x5.png","0053","FINALLY_NORMAL","Finally normal","Support the GLP-1 journey","gradientHero","sage","grotesk","4x5","1080","1350","facebook_feed,instagram_feed","Comfort, without changing course.","Two capsules each morning. 60 per bottle.","Made for GLP-1 routines","View LF-1"
"LF1_FINALLY_NORMAL_gradientHero_sage_0053_9x16.png","0053","FINALLY_NORMAL","Finally normal","Support the GLP-1 journey","gradientHero","sage","grotesk","9x16","1080","1920","instagram_story,facebook_story,instagram_reels","Comfort, without changing course.","Two capsules each morning. 60 per bottle.","Made for GLP-1 routines","View LF-1"
"LF1_FINALLY_NORMAL_indexCard_clay_0036_191x1.png","0036","FINALLY_NORMAL","Finally normal","Support the GLP-1 journey","indexCard","clay","luxe","191x1","1200","628","facebook_right_column,audience_network","Your GLP-1, minus the sides.","Digestive support, formulated for GLP-1 routines.","Made for GLP-1 routines","Start with one month"
"LF1_FINALLY_NORMAL_indexCard_clay_0036_1x1.png","0036","FINALLY_NORMAL","Finally normal","Support the GLP-1 journey","indexCard","clay","luxe","1x1","1080","1080","facebook_feed,instagram_feed","Your GLP-1, minus the sides.","Digestive support, formulated for GLP-1 routines.","Made for GLP-1 routines","Start with one month"
"LF1_FINALLY_NORMAL_indexCard_clay_0036_4x5.png","0036","FINALLY_NORMAL","Finally normal","Support the GLP-1 journey","indexCard","clay","luxe","4x5","1080","1350","facebook_feed,instagram_feed","Your GLP-1, minus the sides.","Digestive support, formulated for GLP-1 routines.","Made for GLP-1 routines","Start with one month"
"LF1_FINALLY_NORMAL_indexCard_clay_0036_9x16.png","0036","FINALLY_NORMAL","Finally normal","Support the GLP-1 journey","indexCard","clay","luxe","9x16","1080","1920","instagram_story,facebook_story,instagram_reels","Your GLP-1, minus the sides.","Digestive support, formulated for GLP-1 routines.","Made for GLP-1 routines","Start with one month"
"LF1_FINALLY_NORMAL_indexCard_mint_0033_191x1.png","0033","FINALLY_NORMAL","Finally normal","Support the GLP-1 journey","indexCard","mint","humanist","191x1","1200","628","facebook_right_column,audience_network","Less guesswork. Steadier days.","Made for the long stretch, not the first week.","LEAF · LF-1","Shop LF-1"
"LF1_FINALLY_NORMAL_indexCard_mint_0033_1x1.png","0033","FINALLY_NORMAL","Finally normal","Support the GLP-1 journey","indexCard","mint","humanist","1x1","1080","1080","facebook_feed,instagram_feed","Less guesswork. Steadier days.","Made for the long stretch, not the first week.","LEAF · LF-1","Shop LF-1"
"LF1_FINALLY_NORMAL_indexCard_mint_0033_4x5.png","0033","FINALLY_NORMAL","Finally normal","Support the GLP-1 journey","indexCard","mint","humanist","4x5","1080","1350","facebook_feed,instagram_feed","Less guesswork. Steadier days.","Made for the long stretch, not the first week.","LEAF · LF-1","Shop LF-1"
"LF1_FINALLY_NORMAL_indexCard_mint_0033_9x16.png","0033","FINALLY_NORMAL","Finally normal","Support the GLP-1 journey","indexCard","mint","humanist","9x16","1080","1920","instagram_story,facebook_story,instagram_reels","Less guesswork. Steadier days.","Made for the long stretch, not the first week.","LEAF · LF-1","Shop LF-1"
"LF1_FINALLY_NORMAL_indexCard_sand_0005_191x1.png","0005","FINALLY_NORMAL","Finally normal","Support the GLP-1 journey","indexCard","sand","editorial","191x1","1200","628","facebook_right_column,audience_network","Finally. Mornings that feel like yours.","A companion to your GLP-1 — never a replacement for it.","Daily GLP-1 companion","See what’s in it"
"LF1_FINALLY_NORMAL_indexCard_sand_0005_1x1.png","0005","FINALLY_NORMAL","Finally normal","Support the GLP-1 journey","indexCard","sand","editorial","1x1","1080","1080","facebook_feed,instagram_feed","Finally. Mornings that feel like yours.","A companion to your GLP-1 — never a replacement for it.","Daily GLP-1 companion","See what’s in it"
"LF1_FINALLY_NORMAL_indexCard_sand_0005_4x5.png","0005","FINALLY_NORMAL","Finally normal","Support the GLP-1 journey","indexCard","sand","editorial","4x5","1080","1350","facebook_feed,instagram_feed","Finally. Mornings that feel like yours.","A companion to your GLP-1 — never a replacement for it.","Daily GLP-1 companion","See what’s in it"
"LF1_FINALLY_NORMAL_indexCard_sand_0005_9x16.png","0005","FINALLY_NORMAL","Finally normal","Support the GLP-1 journey","indexCard","sand","editorial","9x16","1080","1920","instagram_story,facebook_story,instagram_reels","Finally. Mornings that feel like yours.","A companion to your GLP-1 — never a replacement for it.","Daily GLP-1 companion","See what’s in it"
"LF1_FINALLY_NORMAL_marquee_clay_0007_1x1.png","0007","FINALLY_NORMAL","Finally normal","Support the GLP-1 journey","marquee","clay","editorial","1x1","1080","1080","facebook_feed,instagram_feed","Your GLP-1 is doing its job. LF-1 handles the rest.","Made for the long stretch, not the first week.","For life on a GLP-1","View LF-1"
"LF1_FINALLY_NORMAL_marquee_clay_0007_4x5.png","0007","FINALLY_NORMAL","Finally normal","Support the GLP-1 journey","marquee","clay","editorial","4x5","1080","1350","facebook_feed,instagram_feed","Your GLP-1 is doing its job. LF-1 handles the rest.","Made for the long stretch, not the first week.","For life on a GLP-1","View LF-1"
"LF1_FINALLY_NORMAL_marquee_clay_0007_9x16.png","0007","FINALLY_NORMAL","Finally normal","Support the GLP-1 journey","marquee","clay","editorial","9x16","1080","1920","instagram_story,facebook_story,instagram_reels","Your GLP-1 is doing its job. LF-1 handles the rest.","Made for the long stretch, not the first week.","For life on a GLP-1","View LF-1"
"LF1_FINALLY_NORMAL_marquee_clay_0010_1x1.png","0010","FINALLY_NORMAL","Finally normal","Support the GLP-1 journey","marquee","clay","editorial","1x1","1080","1080","facebook_feed,instagram_feed","The companion your GLP-1 came without.","LF-1 is a daily digestive companion made for people on a GLP-1.","Made for GLP-1 routines","Shop LF-1"
"LF1_FINALLY_NORMAL_marquee_clay_0010_4x5.png","0010","FINALLY_NORMAL","Finally normal","Support the GLP-1 journey","marquee","clay","editorial","4x5","1080","1350","facebook_feed,instagram_feed","The companion your GLP-1 came without.","LF-1 is a daily digestive companion made for people on a GLP-1.","Made for GLP-1 routines","Shop LF-1"
"LF1_FINALLY_NORMAL_marquee_clay_0010_9x16.png","0010","FINALLY_NORMAL","Finally normal","Support the GLP-1 journey","marquee","clay","editorial","9x16","1080","1920","instagram_story,facebook_story,instagram_reels","The companion your GLP-1 came without.","LF-1 is a daily digestive companion made for people on a GLP-1.","Made for GLP-1 routines","Shop LF-1"
"LF1_FINALLY_NORMAL_marquee_clay_0041_1x1.png","0041","FINALLY_NORMAL","Finally normal","Support the GLP-1 journey","marquee","clay","luxe","1x1","1080","1080","facebook_feed,instagram_feed","Normal is underrated. Get it back.","LF-1 is a daily digestive companion made for people on a GLP-1.","Made for GLP-1 routines","Shop now"
"LF1_FINALLY_NORMAL_marquee_clay_0041_4x5.png","0041","FINALLY_NORMAL","Finally normal","Support the GLP-1 journey","marquee","clay","luxe","4x5","1080","1350","facebook_feed,instagram_feed","Normal is underrated. Get it back.","LF-1 is a daily digestive companion made for people on a GLP-1.","Made for GLP-1 routines","Shop now"
"LF1_FINALLY_NORMAL_marquee_clay_0041_9x16.png","0041","FINALLY_NORMAL","Finally normal","Support the GLP-1 journey","marquee","clay","luxe","9x16","1080","1920","instagram_story,facebook_story,instagram_reels","Normal is underrated. Get it back.","LF-1 is a daily digestive companion made for people on a GLP-1.","Made for GLP-1 routines","Shop now"
"LF1_FINALLY_NORMAL_marquee_clay_0060_1x1.png","0060","FINALLY_NORMAL","Finally normal","Support the GLP-1 journey","marquee","clay","luxe","1x1","1080","1080","facebook_feed,instagram_feed","The other half of the protocol.","A companion to your GLP-1 — never a replacement for it.","LEAF · LF-1","Read the label"
"LF1_FINALLY_NORMAL_marquee_clay_0060_4x5.png","0060","FINALLY_NORMAL","Finally normal","Support the GLP-1 journey","marquee","clay","luxe","4x5","1080","1350","facebook_feed,instagram_feed","The other half of the protocol.","A companion to your GLP-1 — never a replacement for it.","LEAF · LF-1","Read the label"
"LF1_FINALLY_NORMAL_marquee_clay_0060_9x16.png","0060","FINALLY_NORMAL","Finally normal","Support the GLP-1 journey","marquee","clay","luxe","9x16","1080","1920","instagram_story,facebook_story,instagram_reels","The other half of the protocol.","A companion to your GLP-1 — never a replacement for it.","LEAF · LF-1","Read the label"
"LF1_FINALLY_NORMAL_marquee_clinical_0056_1x1.png","0056","FINALLY_NORMAL","Finally normal","Support the GLP-1 journey","marquee","clinical","grotesk","1x1","1080","1080","facebook_feed,instagram_feed","Stay on plan. Feel better doing it.","Built around the routine, not around the scale.","For life on a GLP-1","Explore LF-1"
"LF1_FINALLY_NORMAL_marquee_clinical_0056_4x5.png","0056","FINALLY_NORMAL","Finally normal","Support the GLP-1 journey","marquee","clinical","grotesk","4x5","1080","1350","facebook_feed,instagram_feed","Stay on plan. Feel better doing it.","Built around the routine, not around the scale.","For life on a GLP-1","Explore LF-1"
"LF1_FINALLY_NORMAL_marquee_clinical_0056_9x16.png","0056","FINALLY_NORMAL","Finally normal","Support the GLP-1 journey","marquee","clinical","grotesk","9x16","1080","1920","instagram_story,facebook_story,instagram_reels","Stay on plan. Feel better doing it.","Built around the routine, not around the scale.","For life on a GLP-1","Explore LF-1"
"LF1_FINALLY_NORMAL_marquee_clinical_0059_1x1.png","0059","FINALLY_NORMAL","Finally normal","Support the GLP-1 journey","marquee","clinical","condensed","1x1","1080","1080","facebook_feed,instagram_feed","Feel like yourself again.","Built around the routine, not around the scale.","Made for GLP-1 routines","Learn more"
"LF1_FINALLY_NORMAL_marquee_clinical_0059_4x5.png","0059","FINALLY_NORMAL","Finally normal","Support the GLP-1 journey","marquee","clinical","condensed","4x5","1080","1350","facebook_feed,instagram_feed","Feel like yourself again.","Built around the routine, not around the scale.","Made for GLP-1 routines","Learn more"
"LF1_FINALLY_NORMAL_marquee_clinical_0059_9x16.png","0059","FINALLY_NORMAL","Finally normal","Support the GLP-1 journey","marquee","clinical","condensed","9x16","1080","1920","instagram_story,facebook_story,instagram_reels","Feel like yourself again.","Built around the routine, not around the scale.","Made for GLP-1 routines","Learn more"
"LF1_FINALLY_NORMAL_marquee_mint_0046_1x1.png","0046","FINALLY_NORMAL","Finally normal","Support the GLP-1 journey","marquee","mint","grotesk","1x1","1080","1080","facebook_feed,instagram_feed","Because ""on track"" should feel like it.","One simple daily step alongside your GLP-1.","For life on a GLP-1","Learn more"
"LF1_FINALLY_NORMAL_marquee_mint_0046_4x5.png","0046","FINALLY_NORMAL","Finally normal","Support the GLP-1 journey","marquee","mint","grotesk","4x5","1080","1350","facebook_feed,instagram_feed","Because ""on track"" should feel like it.","One simple daily step alongside your GLP-1.","For life on a GLP-1","Learn more"
"LF1_FINALLY_NORMAL_marquee_mint_0046_9x16.png","0046","FINALLY_NORMAL","Finally normal","Support the GLP-1 journey","marquee","mint","grotesk","9x16","1080","1920","instagram_story,facebook_story,instagram_reels","Because ""on track"" should feel like it.","One simple daily step alongside your GLP-1.","For life on a GLP-1","Learn more"
"LF1_FINALLY_NORMAL_marquee_sage_0054_1x1.png","0054","FINALLY_NORMAL","Finally normal","Support the GLP-1 journey","marquee","sage","grotesk","1x1","1080","1080","facebook_feed,instagram_feed","Where your GLP-1 stops, LF-1 starts.","Digestive support, formulated for GLP-1 routines.","Daily GLP-1 companion","See the formula"
"LF1_FINALLY_NORMAL_marquee_sage_0054_4x5.png","0054","FINALLY_NORMAL","Finally normal","Support the GLP-1 journey","marquee","sage","grotesk","4x5","1080","1350","facebook_feed,instagram_feed","Where your GLP-1 stops, LF-1 starts.","Digestive support, formulated for GLP-1 routines.","Daily GLP-1 companion","See the formula"
"LF1_FINALLY_NORMAL_marquee_sage_0054_9x16.png","0054","FINALLY_NORMAL","Finally normal","Support the GLP-1 journey","marquee","sage","grotesk","9x16","1080","1920","instagram_story,facebook_story,instagram_reels","Where your GLP-1 stops, LF-1 starts.","Digestive support, formulated for GLP-1 routines.","Daily GLP-1 companion","See the formula"
"LF1_FINALLY_NORMAL_mythFact_bone_0002_191x1.png","0002","FINALLY_NORMAL","Finally normal","Support the GLP-1 journey","mythFact","bone","luxe","191x1","1200","628","facebook_right_column,audience_network","We take care of your GLP-1 sides.","One simple daily step alongside your GLP-1.","Daily GLP-1 companion","View LF-1"
"LF1_FINALLY_NORMAL_mythFact_bone_0002_1x1.png","0002","FINALLY_NORMAL","Finally normal","Support the GLP-1 journey","mythFact","bone","luxe","1x1","1080","1080","facebook_feed,instagram_feed","We take care of your GLP-1 sides.","One simple daily step alongside your GLP-1.","Daily GLP-1 companion","View LF-1"
"LF1_FINALLY_NORMAL_mythFact_bone_0002_4x5.png","0002","FINALLY_NORMAL","Finally normal","Support the GLP-1 journey","mythFact","bone","luxe","4x5","1080","1350","facebook_feed,instagram_feed","We take care of your GLP-1 sides.","One simple daily step alongside your GLP-1.","Daily GLP-1 companion","View LF-1"
"LF1_FINALLY_NORMAL_mythFact_bone_0002_9x16.png","0002","FINALLY_NORMAL","Finally normal","Support the GLP-1 journey","mythFact","bone","luxe","9x16","1080","1920","instagram_story,facebook_story,instagram_reels","We take care of your GLP-1 sides.","One simple daily step alongside your GLP-1.","Daily GLP-1 companion","View LF-1"
"LF1_FINALLY_NORMAL_prescriptionPair_clinical_0026_191x1.png","0026","FINALLY_NORMAL","Finally normal","Support the GLP-1 journey","prescriptionPair","clinical","condensed","191x1","1200","628","facebook_right_column,audience_network","Designed for GLP-1 mornings.","Digestive support, formulated for GLP-1 routines.","The companion capsule","Get LF-1"
"LF1_FINALLY_NORMAL_prescriptionPair_clinical_0026_1x1.png","0026","FINALLY_NORMAL","Finally normal","Support the GLP-1 journey","prescriptionPair","clinical","condensed","1x1","1080","1080","facebook_feed,instagram_feed","Designed for GLP-1 mornings.","Digestive support, formulated for GLP-1 routines.","The companion capsule","Get LF-1"
"LF1_FINALLY_NORMAL_prescriptionPair_clinical_0026_4x5.png","0026","FINALLY_NORMAL","Finally normal","Support the GLP-1 journey","prescriptionPair","clinical","condensed","4x5","1080","1350","facebook_feed,instagram_feed","Designed for GLP-1 mornings.","Digestive support, formulated for GLP-1 routines.","The companion capsule","Get LF-1"
"LF1_FINALLY_NORMAL_prescriptionPair_clinical_0026_9x16.png","0026","FINALLY_NORMAL","Finally normal","Support the GLP-1 journey","prescriptionPair","clinical","condensed","9x16","1080","1920","instagram_story,facebook_story,instagram_reels","Designed for GLP-1 mornings.","Digestive support, formulated for GLP-1 routines.","The companion capsule","Get LF-1"
"LF1_FINALLY_NORMAL_productSlot_sage_0027_191x1.png","0027","FINALLY_NORMAL","Finally normal","Support the GLP-1 journey","productSlot","sage","grotesk","191x1","1200","628","facebook_right_column,audience_network","Stay on plan. Feel better doing it.","Digestive support, formulated for GLP-1 routines.","The companion capsule","Shop LF-1"
"LF1_FINALLY_NORMAL_productSlot_sage_0027_1x1.png","0027","FINALLY_NORMAL","Finally normal","Support the GLP-1 journey","productSlot","sage","grotesk","1x1","1080","1080","facebook_feed,instagram_feed","Stay on plan. Feel better doing it.","Digestive support, formulated for GLP-1 routines.","The companion capsule","Shop LF-1"
"LF1_FINALLY_NORMAL_productSlot_sage_0027_4x5.png","0027","FINALLY_NORMAL","Finally normal","Support the GLP-1 journey","productSlot","sage","grotesk","4x5","1080","1350","facebook_feed,instagram_feed","Stay on plan. Feel better doing it.","Digestive support, formulated for GLP-1 routines.","The companion capsule","Shop LF-1"
"LF1_FINALLY_NORMAL_productSlot_sage_0027_9x16.png","0027","FINALLY_NORMAL","Finally normal","Support the GLP-1 journey","productSlot","sage","grotesk","9x16","1080","1920","instagram_story,facebook_story,instagram_reels","Stay on plan. Feel better doing it.","Digestive support, formulated for GLP-1 routines.","The companion capsule","Shop LF-1"
"LF1_FINALLY_NORMAL_productSlot_sage_0047_191x1.png","0047","FINALLY_NORMAL","Finally normal","Support the GLP-1 journey","productSlot","sage","grotesk","191x1","1200","628","facebook_right_column,audience_network","The missing half of your GLP-1 routine.","One simple daily step alongside your GLP-1.","LEAF · LF-1","Shop now"
"LF1_FINALLY_NORMAL_productSlot_sage_0047_1x1.png","0047","FINALLY_NORMAL","Finally normal","Support the GLP-1 journey","productSlot","sage","grotesk","1x1","1080","1080","facebook_feed,instagram_feed","The missing half of your GLP-1 routine.","One simple daily step alongside your GLP-1.","LEAF · LF-1","Shop now"
"LF1_FINALLY_NORMAL_productSlot_sage_0047_4x5.png","0047","FINALLY_NORMAL","Finally normal","Support the GLP-1 journey","productSlot","sage","grotesk","4x5","1080","1350","facebook_feed,instagram_feed","The missing half of your GLP-1 routine.","One simple daily step alongside your GLP-1.","LEAF · LF-1","Shop now"
"LF1_FINALLY_NORMAL_productSlot_sage_0047_9x16.png","0047","FINALLY_NORMAL","Finally normal","Support the GLP-1 journey","productSlot","sage","grotesk","9x16","1080","1920","instagram_story,facebook_story,instagram_reels","The missing half of your GLP-1 routine.","One simple daily step alongside your GLP-1.","LEAF · LF-1","Shop now"
"LF1_FINALLY_NORMAL_quoteCard_clay_0043_191x1.png","0043","FINALLY_NORMAL","Finally normal","Support the GLP-1 journey","quoteCard","clay","editorial","191x1","1200","628","facebook_right_column,audience_network","Finally — made for a GLP-1 routine.","A companion to your GLP-1 — never a replacement for it.","Daily GLP-1 companion","See the formula"
"LF1_FINALLY_NORMAL_quoteCard_clay_0043_1x1.png","0043","FINALLY_NORMAL","Finally normal","Support the GLP-1 journey","quoteCard","clay","editorial","1x1","1080","1080","facebook_feed,instagram_feed","Finally — made for a GLP-1 routine.","A companion to your GLP-1 — never a replacement for it.","Daily GLP-1 companion","See the formula"
"LF1_FINALLY_NORMAL_quoteCard_clay_0043_4x5.png","0043","FINALLY_NORMAL","Finally normal","Support the GLP-1 journey","quoteCard","clay","editorial","4x5","1080","1350","facebook_feed,instagram_feed","Finally — made for a GLP-1 routine.","A companion to your GLP-1 — never a replacement for it.","Daily GLP-1 companion","See the formula"
"LF1_FINALLY_NORMAL_quoteCard_clay_0043_9x16.png","0043","FINALLY_NORMAL","Finally normal","Support the GLP-1 journey","quoteCard","clay","editorial","9x16","1080","1920","instagram_story,facebook_story,instagram_reels","Finally — made for a GLP-1 routine.","A companion to your GLP-1 — never a replacement for it.","Daily GLP-1 companion","See the formula"
"LF1_FINALLY_NORMAL_quoteCard_clinical_0039_191x1.png","0039","FINALLY_NORMAL","Finally normal","Support the GLP-1 journey","quoteCard","clinical","condensed","191x1","1200","628","facebook_right_column,audience_network","Your GLP-1 is doing its job. LF-1 handles the rest.","Built around the routine, not around the scale.","For life on a GLP-1","See what’s in it"
"LF1_FINALLY_NORMAL_quoteCard_clinical_0039_1x1.png","0039","FINALLY_NORMAL","Finally normal","Support the GLP-1 journey","quoteCard","clinical","condensed","1x1","1080","1080","facebook_feed,instagram_feed","Your GLP-1 is doing its job. LF-1 handles the rest.","Built around the routine, not around the scale.","For life on a GLP-1","See what’s in it"
"LF1_FINALLY_NORMAL_quoteCard_clinical_0039_4x5.png","0039","FINALLY_NORMAL","Finally normal","Support the GLP-1 journey","quoteCard","clinical","condensed","4x5","1080","1350","facebook_feed,instagram_feed","Your GLP-1 is doing its job. LF-1 handles the rest.","Built around the routine, not around the scale.","For life on a GLP-1","See what’s in it"
"LF1_FINALLY_NORMAL_quoteCard_clinical_0039_9x16.png","0039","FINALLY_NORMAL","Finally normal","Support the GLP-1 journey","quoteCard","clinical","condensed","9x16","1080","1920","instagram_story,facebook_story,instagram_reels","Your GLP-1 is doing its job. LF-1 handles the rest.","Built around the routine, not around the scale.","For life on a GLP-1","See what’s in it"
"LF1_FINALLY_NORMAL_quoteCard_mint_0018_191x1.png","0018","FINALLY_NORMAL","Finally normal","Support the GLP-1 journey","quoteCard","mint","grotesk","191x1","1200","628","facebook_right_column,audience_network","On your GLP-1. Finally comfortable.","Two capsules each morning. 60 per bottle.","Daily GLP-1 companion","See the formula"
"LF1_FINALLY_NORMAL_quoteCard_mint_0018_1x1.png","0018","FINALLY_NORMAL","Finally normal","Support the GLP-1 journey","quoteCard","mint","grotesk","1x1","1080","1080","facebook_feed,instagram_feed","On your GLP-1. Finally comfortable.","Two capsules each morning. 60 per bottle.","Daily GLP-1 companion","See the formula"
"LF1_FINALLY_NORMAL_quoteCard_mint_0018_4x5.png","0018","FINALLY_NORMAL","Finally normal","Support the GLP-1 journey","quoteCard","mint","grotesk","4x5","1080","1350","facebook_feed,instagram_feed","On your GLP-1. Finally comfortable.","Two capsules each morning. 60 per bottle.","Daily GLP-1 companion","See the formula"
"LF1_FINALLY_NORMAL_quoteCard_mint_0018_9x16.png","0018","FINALLY_NORMAL","Finally normal","Support the GLP-1 journey","quoteCard","mint","grotesk","9x16","1080","1920","instagram_story,facebook_story,instagram_reels","On your GLP-1. Finally comfortable.","Two capsules each morning. 60 per bottle.","Daily GLP-1 companion","See the formula"
"LF1_FINALLY_NORMAL_quoteCard_mint_0031_191x1.png","0031","FINALLY_NORMAL","Finally normal","Support the GLP-1 journey","quoteCard","mint","grotesk","191x1","1200","628","facebook_right_column,audience_network","The other half of the protocol.","Two capsules each morning. 60 per bottle.","Made for GLP-1 routines","See what’s in it"
"LF1_FINALLY_NORMAL_quoteCard_mint_0031_1x1.png","0031","FINALLY_NORMAL","Finally normal","Support the GLP-1 journey","quoteCard","mint","grotesk","1x1","1080","1080","facebook_feed,instagram_feed","The other half of the protocol.","Two capsules each morning. 60 per bottle.","Made for GLP-1 routines","See what’s in it"
"LF1_FINALLY_NORMAL_quoteCard_mint_0031_4x5.png","0031","FINALLY_NORMAL","Finally normal","Support the GLP-1 journey","quoteCard","mint","grotesk","4x5","1080","1350","facebook_feed,instagram_feed","The other half of the protocol.","Two capsules each morning. 60 per bottle.","Made for GLP-1 routines","See what’s in it"
"LF1_FINALLY_NORMAL_quoteCard_mint_0031_9x16.png","0031","FINALLY_NORMAL","Finally normal","Support the GLP-1 journey","quoteCard","mint","grotesk","9x16","1080","1920","instagram_story,facebook_story,instagram_reels","The other half of the protocol.","Two capsules each morning. 60 per bottle.","Made for GLP-1 routines","See what’s in it"
"LF1_FINALLY_NORMAL_quoteCard_mint_0038_191x1.png","0038","FINALLY_NORMAL","Finally normal","Support the GLP-1 journey","quoteCard","mint","humanist","191x1","1200","628","facebook_right_column,audience_network","Feel normal. Stay the course.","One simple daily step alongside your GLP-1.","The companion capsule","Get LF-1"
"LF1_FINALLY_NORMAL_quoteCard_mint_0038_1x1.png","0038","FINALLY_NORMAL","Finally normal","Support the GLP-1 journey","quoteCard","mint","humanist","1x1","1080","1080","facebook_feed,instagram_feed","Feel normal. Stay the course.","One simple daily step alongside your GLP-1.","The companion capsule","Get LF-1"
"LF1_FINALLY_NORMAL_quoteCard_mint_0038_4x5.png","0038","FINALLY_NORMAL","Finally normal","Support the GLP-1 journey","quoteCard","mint","humanist","4x5","1080","1350","facebook_feed,instagram_feed","Feel normal. Stay the course.","One simple daily step alongside your GLP-1.","The companion capsule","Get LF-1"
"LF1_FINALLY_NORMAL_quoteCard_mint_0038_9x16.png","0038","FINALLY_NORMAL","Finally normal","Support the GLP-1 journey","quoteCard","mint","humanist","9x16","1080","1920","instagram_story,facebook_story,instagram_reels","Feel normal. Stay the course.","One simple daily step alongside your GLP-1.","The companion capsule","Get LF-1"
"LF1_FINALLY_NORMAL_searchBar_clinical_0020_1x1.png","0020","FINALLY_NORMAL","Finally normal","Support the GLP-1 journey","searchBar","clinical","humanist","1x1","1080","1080","facebook_feed,instagram_feed","Not a shortcut. A steadier ride.","LF-1 is a daily digestive companion made for people on a GLP-1.","LEAF · LF-1","Shop LF-1"
"LF1_FINALLY_NORMAL_searchBar_clinical_0020_4x5.png","0020","FINALLY_NORMAL","Finally normal","Support the GLP-1 journey","searchBar","clinical","humanist","4x5","1080","1350","facebook_feed,instagram_feed","Not a shortcut. A steadier ride.","LF-1 is a daily digestive companion made for people on a GLP-1.","LEAF · LF-1","Shop LF-1"
"LF1_FINALLY_NORMAL_searchBar_clinical_0020_9x16.png","0020","FINALLY_NORMAL","Finally normal","Support the GLP-1 journey","searchBar","clinical","humanist","9x16","1080","1920","instagram_story,facebook_story,instagram_reels","Not a shortcut. A steadier ride.","LF-1 is a daily digestive companion made for people on a GLP-1.","LEAF · LF-1","Shop LF-1"
"LF1_FINALLY_NORMAL_splitPanel_bone_0048_191x1.png","0048","FINALLY_NORMAL","Finally normal","Support the GLP-1 journey","splitPanel","bone","luxe","191x1","1200","628","facebook_right_column,audience_network","Two capsules. Normal mornings.","One simple daily step alongside your GLP-1.","For life on a GLP-1","Shop now"
"LF1_FINALLY_NORMAL_splitPanel_bone_0048_1x1.png","0048","FINALLY_NORMAL","Finally normal","Support the GLP-1 journey","splitPanel","bone","luxe","1x1","1080","1080","facebook_feed,instagram_feed","Two capsules. Normal mornings.","One simple daily step alongside your GLP-1.","For life on a GLP-1","Shop now"
"LF1_FINALLY_NORMAL_splitPanel_bone_0048_4x5.png","0048","FINALLY_NORMAL","Finally normal","Support the GLP-1 journey","splitPanel","bone","luxe","4x5","1080","1350","facebook_feed,instagram_feed","Two capsules. Normal mornings.","One simple daily step alongside your GLP-1.","For life on a GLP-1","Shop now"
"LF1_FINALLY_NORMAL_splitPanel_bone_0048_9x16.png","0048","FINALLY_NORMAL","Finally normal","Support the GLP-1 journey","splitPanel","bone","luxe","9x16","1080","1920","instagram_story,facebook_story,instagram_reels","Two capsules. Normal mornings.","One simple daily step alongside your GLP-1.","For life on a GLP-1","Shop now"
"LF1_FINALLY_NORMAL_splitPanel_clay_0007_191x1.png","0007","FINALLY_NORMAL","Finally normal","Support the GLP-1 journey","splitPanel","clay","editorial","191x1","1200","628","facebook_right_column,audience_network","Your GLP-1 is doing its job. LF-1 handles the rest.","Made for the long stretch, not the first week.","For life on a GLP-1","View LF-1"
"LF1_FINALLY_NORMAL_splitPanel_clay_0010_191x1.png","0010","FINALLY_NORMAL","Finally normal","Support the GLP-1 journey","splitPanel","clay","editorial","191x1","1200","628","facebook_right_column,audience_network","The companion your GLP-1 came without.","LF-1 is a daily digestive companion made for people on a GLP-1.","Made for GLP-1 routines","Shop LF-1"
"LF1_FINALLY_NORMAL_splitPanel_clay_0041_191x1.png","0041","FINALLY_NORMAL","Finally normal","Support the GLP-1 journey","splitPanel","clay","luxe","191x1","1200","628","facebook_right_column,audience_network","Normal is underrated. Get it back.","LF-1 is a daily digestive companion made for people on a GLP-1.","Made for GLP-1 routines","Shop now"
"LF1_FINALLY_NORMAL_splitPanel_clay_0060_191x1.png","0060","FINALLY_NORMAL","Finally normal","Support the GLP-1 journey","splitPanel","clay","luxe","191x1","1200","628","facebook_right_column,audience_network","The other half of the protocol.","A companion to your GLP-1 — never a replacement for it.","LEAF · LF-1","Read the label"
"LF1_FINALLY_NORMAL_splitPanel_clinical_0019_191x1.png","0019","FINALLY_NORMAL","Finally normal","Support the GLP-1 journey","splitPanel","clinical","humanist","191x1","1200","628","facebook_right_column,audience_network","The quiet part of the journey, handled.","For the mornings your plan depends on.","The companion capsule","Explore LF-1"
"LF1_FINALLY_NORMAL_splitPanel_clinical_0019_1x1.png","0019","FINALLY_NORMAL","Finally normal","Support the GLP-1 journey","splitPanel","clinical","humanist","1x1","1080","1080","facebook_feed,instagram_feed","The quiet part of the journey, handled.","For the mornings your plan depends on.","The companion capsule","Explore LF-1"
"LF1_FINALLY_NORMAL_splitPanel_clinical_0019_4x5.png","0019","FINALLY_NORMAL","Finally normal","Support the GLP-1 journey","splitPanel","clinical","humanist","4x5","1080","1350","facebook_feed,instagram_feed","The quiet part of the journey, handled.","For the mornings your plan depends on.","The companion capsule","Explore LF-1"
"LF1_FINALLY_NORMAL_splitPanel_clinical_0019_9x16.png","0019","FINALLY_NORMAL","Finally normal","Support the GLP-1 journey","splitPanel","clinical","humanist","9x16","1080","1920","instagram_story,facebook_story,instagram_reels","The quiet part of the journey, handled.","For the mornings your plan depends on.","The companion capsule","Explore LF-1"
"LF1_FINALLY_NORMAL_splitPanel_clinical_0056_191x1.png","0056","FINALLY_NORMAL","Finally normal","Support the GLP-1 journey","splitPanel","clinical","grotesk","191x1","1200","628","facebook_right_column,audience_network","Stay on plan. Feel better doing it.","Built around the routine, not around the scale.","For life on a GLP-1","Explore LF-1"
"LF1_FINALLY_NORMAL_splitPanel_clinical_0059_191x1.png","0059","FINALLY_NORMAL","Finally normal","Support the GLP-1 journey","splitPanel","clinical","condensed","191x1","1200","628","facebook_right_column,audience_network","Feel like yourself again.","Built around the routine, not around the scale.","Made for GLP-1 routines","Learn more"
"LF1_FINALLY_NORMAL_splitPanel_forest_0011_191x1.png","0011","FINALLY_NORMAL","Finally normal","Support the GLP-1 journey","splitPanel","forest","luxe","191x1","1200","628","facebook_right_column,audience_network","Finally — made for a GLP-1 routine.","For the mornings your plan depends on.","LEAF · LF-1","Read the label"
"LF1_FINALLY_NORMAL_splitPanel_forest_0011_1x1.png","0011","FINALLY_NORMAL","Finally normal","Support the GLP-1 journey","splitPanel","forest","luxe","1x1","1080","1080","facebook_feed,instagram_feed","Finally — made for a GLP-1 routine.","For the mornings your plan depends on.","LEAF · LF-1","Read the label"
"LF1_FINALLY_NORMAL_splitPanel_forest_0011_4x5.png","0011","FINALLY_NORMAL","Finally normal","Support the GLP-1 journey","splitPanel","forest","luxe","4x5","1080","1350","facebook_feed,instagram_feed","Finally — made for a GLP-1 routine.","For the mornings your plan depends on.","LEAF · LF-1","Read the label"
"LF1_FINALLY_NORMAL_splitPanel_forest_0011_9x16.png","0011","FINALLY_NORMAL","Finally normal","Support the GLP-1 journey","splitPanel","forest","luxe","9x16","1080","1920","instagram_story,facebook_story,instagram_reels","Finally — made for a GLP-1 routine.","For the mornings your plan depends on.","LEAF · LF-1","Read the label"
"LF1_FINALLY_NORMAL_splitPanel_ink_0015_191x1.png","0015","FINALLY_NORMAL","Finally normal","Support the GLP-1 journey","splitPanel","ink","grotesk","191x1","1200","628","facebook_right_column,audience_network","Because ""on track"" should feel like it.","Made for the long stretch, not the first week.","Daily GLP-1 companion","Get LF-1"
"LF1_FINALLY_NORMAL_splitPanel_ink_0015_1x1.png","0015","FINALLY_NORMAL","Finally normal","Support the GLP-1 journey","splitPanel","ink","grotesk","1x1","1080","1080","facebook_feed,instagram_feed","Because ""on track"" should feel like it.","Made for the long stretch, not the first week.","Daily GLP-1 companion","Get LF-1"
"LF1_FINALLY_NORMAL_splitPanel_ink_0015_4x5.png","0015","FINALLY_NORMAL","Finally normal","Support the GLP-1 journey","splitPanel","ink","grotesk","4x5","1080","1350","facebook_feed,instagram_feed","Because ""on track"" should feel like it.","Made for the long stretch, not the first week.","Daily GLP-1 companion","Get LF-1"
"LF1_FINALLY_NORMAL_splitPanel_ink_0015_9x16.png","0015","FINALLY_NORMAL","Finally normal","Support the GLP-1 journey","splitPanel","ink","grotesk","9x16","1080","1920","instagram_story,facebook_story,instagram_reels","Because ""on track"" should feel like it.","Made for the long stretch, not the first week.","Daily GLP-1 companion","Get LF-1"
"LF1_FINALLY_NORMAL_splitPanel_mint_0014_191x1.png","0014","FINALLY_NORMAL","Finally normal","Support the GLP-1 journey","splitPanel","mint","humanist","191x1","1200","628","facebook_right_column,audience_network","Steady mornings start here.","A companion to your GLP-1 — never a replacement for it.","The companion capsule","View LF-1"
"LF1_FINALLY_NORMAL_splitPanel_mint_0014_1x1.png","0014","FINALLY_NORMAL","Finally normal","Support the GLP-1 journey","splitPanel","mint","humanist","1x1","1080","1080","facebook_feed,instagram_feed","Steady mornings start here.","A companion to your GLP-1 — never a replacement for it.","The companion capsule","View LF-1"
"LF1_FINALLY_NORMAL_splitPanel_mint_0014_4x5.png","0014","FINALLY_NORMAL","Finally normal","Support the GLP-1 journey","splitPanel","mint","humanist","4x5","1080","1350","facebook_feed,instagram_feed","Steady mornings start here.","A companion to your GLP-1 — never a replacement for it.","The companion capsule","View LF-1"
"LF1_FINALLY_NORMAL_splitPanel_mint_0014_9x16.png","0014","FINALLY_NORMAL","Finally normal","Support the GLP-1 journey","splitPanel","mint","humanist","9x16","1080","1920","instagram_story,facebook_story,instagram_reels","Steady mornings start here.","A companion to your GLP-1 — never a replacement for it.","The companion capsule","View LF-1"
"LF1_FINALLY_NORMAL_splitPanel_mint_0046_191x1.png","0046","FINALLY_NORMAL","Finally normal","Support the GLP-1 journey","splitPanel","mint","grotesk","191x1","1200","628","facebook_right_column,audience_network","Because ""on track"" should feel like it.","One simple daily step alongside your GLP-1.","For life on a GLP-1","Learn more"
"LF1_FINALLY_NORMAL_splitPanel_sage_0028_191x1.png","0028","FINALLY_NORMAL","Finally normal","Support the GLP-1 journey","splitPanel","sage","grotesk","191x1","1200","628","facebook_right_column,audience_network","For everything the prescription didn’t mention.","Two capsules each morning. 60 per bottle.","For life on a GLP-1","Learn more"
"LF1_FINALLY_NORMAL_splitPanel_sage_0028_1x1.png","0028","FINALLY_NORMAL","Finally normal","Support the GLP-1 journey","splitPanel","sage","grotesk","1x1","1080","1080","facebook_feed,instagram_feed","For everything the prescription didn’t mention.","Two capsules each morning. 60 per bottle.","For life on a GLP-1","Learn more"
"LF1_FINALLY_NORMAL_splitPanel_sage_0028_4x5.png","0028","FINALLY_NORMAL","Finally normal","Support the GLP-1 journey","splitPanel","sage","grotesk","4x5","1080","1350","facebook_feed,instagram_feed","For everything the prescription didn’t mention.","Two capsules each morning. 60 per bottle.","For life on a GLP-1","Learn more"
"LF1_FINALLY_NORMAL_splitPanel_sage_0028_9x16.png","0028","FINALLY_NORMAL","Finally normal","Support the GLP-1 journey","splitPanel","sage","grotesk","9x16","1080","1920","instagram_story,facebook_story,instagram_reels","For everything the prescription didn’t mention.","Two capsules each morning. 60 per bottle.","For life on a GLP-1","Learn more"
"LF1_FINALLY_NORMAL_splitPanel_sage_0054_191x1.png","0054","FINALLY_NORMAL","Finally normal","Support the GLP-1 journey","splitPanel","sage","grotesk","191x1","1200","628","facebook_right_column,audience_network","Where your GLP-1 stops, LF-1 starts.","Digestive support, formulated for GLP-1 routines.","Daily GLP-1 companion","See the formula"
"LF1_FINALLY_NORMAL_statBlock_forest_0012_191x1.png","0012","FINALLY_NORMAL","Finally normal","Support the GLP-1 journey","statBlock","forest","editorial","191x1","1200","628","facebook_right_column,audience_network","Same goals. Better mornings.","Built around the routine, not around the scale.","The companion capsule","See what’s in it"
"LF1_FINALLY_NORMAL_statBlock_forest_0012_1x1.png","0012","FINALLY_NORMAL","Finally normal","Support the GLP-1 journey","statBlock","forest","editorial","1x1","1080","1080","facebook_feed,instagram_feed","Same goals. Better mornings.","Built around the routine, not around the scale.","The companion capsule","See what’s in it"
"LF1_FINALLY_NORMAL_statBlock_forest_0012_4x5.png","0012","FINALLY_NORMAL","Finally normal","Support the GLP-1 journey","statBlock","forest","editorial","4x5","1080","1350","facebook_feed,instagram_feed","Same goals. Better mornings.","Built around the routine, not around the scale.","The companion capsule","See what’s in it"
"LF1_FINALLY_NORMAL_statBlock_forest_0012_9x16.png","0012","FINALLY_NORMAL","Finally normal","Support the GLP-1 journey","statBlock","forest","editorial","9x16","1080","1920","instagram_story,facebook_story,instagram_reels","Same goals. Better mornings.","Built around the routine, not around the scale.","The companion capsule","See what’s in it"
"LF1_FINALLY_NORMAL_statBlock_forest_0032_191x1.png","0032","FINALLY_NORMAL","Finally normal","Support the GLP-1 journey","statBlock","forest","luxe","191x1","1200","628","facebook_right_column,audience_network","Finally, support built for this exact moment.","Two capsules each morning. 60 per bottle.","Daily GLP-1 companion","See what’s in it"
"LF1_FINALLY_NORMAL_statBlock_forest_0032_1x1.png","0032","FINALLY_NORMAL","Finally normal","Support the GLP-1 journey","statBlock","forest","luxe","1x1","1080","1080","facebook_feed,instagram_feed","Finally, support built for this exact moment.","Two capsules each morning. 60 per bottle.","Daily GLP-1 companion","See what’s in it"
"LF1_FINALLY_NORMAL_statBlock_forest_0032_4x5.png","0032","FINALLY_NORMAL","Finally normal","Support the GLP-1 journey","statBlock","forest","luxe","4x5","1080","1350","facebook_feed,instagram_feed","Finally, support built for this exact moment.","Two capsules each morning. 60 per bottle.","Daily GLP-1 companion","See what’s in it"
"LF1_FINALLY_NORMAL_statBlock_forest_0032_9x16.png","0032","FINALLY_NORMAL","Finally normal","Support the GLP-1 journey","statBlock","forest","luxe","9x16","1080","1920","instagram_story,facebook_story,instagram_reels","Finally, support built for this exact moment.","Two capsules each morning. 60 per bottle.","Daily GLP-1 companion","See what’s in it"
"LF1_FINALLY_NORMAL_statBlock_ink_0008_191x1.png","0008","FINALLY_NORMAL","Finally normal","Support the GLP-1 journey","statBlock","ink","impact","191x1","1200","628","facebook_right_column,audience_network","Built for the part nobody warned you about.","Digestive support, formulated for GLP-1 routines.","LEAF · LF-1","Read the label"
"LF1_FINALLY_NORMAL_statBlock_ink_0008_1x1.png","0008","FINALLY_NORMAL","Finally normal","Support the GLP-1 journey","statBlock","ink","impact","1x1","1080","1080","facebook_feed,instagram_feed","Built for the part nobody warned you about.","Digestive support, formulated for GLP-1 routines.","LEAF · LF-1","Read the label"
"LF1_FINALLY_NORMAL_statBlock_ink_0008_4x5.png","0008","FINALLY_NORMAL","Finally normal","Support the GLP-1 journey","statBlock","ink","impact","4x5","1080","1350","facebook_feed,instagram_feed","Built for the part nobody warned you about.","Digestive support, formulated for GLP-1 routines.","LEAF · LF-1","Read the label"
"LF1_FINALLY_NORMAL_statBlock_ink_0008_9x16.png","0008","FINALLY_NORMAL","Finally normal","Support the GLP-1 journey","statBlock","ink","impact","9x16","1080","1920","instagram_story,facebook_story,instagram_reels","Built for the part nobody warned you about.","Digestive support, formulated for GLP-1 routines.","LEAF · LF-1","Read the label"
"LF1_FINALLY_NORMAL_stickyNote_forest_0022_191x1.png","0022","FINALLY_NORMAL","Finally normal","Support the GLP-1 journey","stickyNote","forest","luxe","191x1","1200","628","facebook_right_column,audience_network","Finally, a routine that keeps up with you.","For the mornings your plan depends on.","LEAF · LF-1","See the formula"
"LF1_FINALLY_NORMAL_stickyNote_forest_0022_1x1.png","0022","FINALLY_NORMAL","Finally normal","Support the GLP-1 journey","stickyNote","forest","luxe","1x1","1080","1080","facebook_feed,instagram_feed","Finally, a routine that keeps up with you.","For the mornings your plan depends on.","LEAF · LF-1","See the formula"
"LF1_FINALLY_NORMAL_stickyNote_forest_0022_4x5.png","0022","FINALLY_NORMAL","Finally normal","Support the GLP-1 journey","stickyNote","forest","luxe","4x5","1080","1350","facebook_feed,instagram_feed","Finally, a routine that keeps up with you.","For the mornings your plan depends on.","LEAF · LF-1","See the formula"
"LF1_FINALLY_NORMAL_stickyNote_forest_0022_9x16.png","0022","FINALLY_NORMAL","Finally normal","Support the GLP-1 journey","stickyNote","forest","luxe","9x16","1080","1920","instagram_story,facebook_story,instagram_reels","Finally, a routine that keeps up with you.","For the mornings your plan depends on.","LEAF · LF-1","See the formula"
"LF1_FINALLY_NORMAL_stickyNote_sage_0044_191x1.png","0044","FINALLY_NORMAL","Finally normal","Support the GLP-1 journey","stickyNote","sage","grotesk","191x1","1200","628","facebook_right_column,audience_network","Same goals. Better mornings.","A companion to your GLP-1 — never a replacement for it.","For life on a GLP-1","Get LF-1"
"LF1_FINALLY_NORMAL_stickyNote_sage_0044_1x1.png","0044","FINALLY_NORMAL","Finally normal","Support the GLP-1 journey","stickyNote","sage","grotesk","1x1","1080","1080","facebook_feed,instagram_feed","Same goals. Better mornings.","A companion to your GLP-1 — never a replacement for it.","For life on a GLP-1","Get LF-1"
"LF1_FINALLY_NORMAL_stickyNote_sage_0044_4x5.png","0044","FINALLY_NORMAL","Finally normal","Support the GLP-1 journey","stickyNote","sage","grotesk","4x5","1080","1350","facebook_feed,instagram_feed","Same goals. Better mornings.","A companion to your GLP-1 — never a replacement for it.","For life on a GLP-1","Get LF-1"
"LF1_FINALLY_NORMAL_stickyNote_sage_0044_9x16.png","0044","FINALLY_NORMAL","Finally normal","Support the GLP-1 journey","stickyNote","sage","grotesk","9x16","1080","1920","instagram_story,facebook_story,instagram_reels","Same goals. Better mornings.","A companion to your GLP-1 — never a replacement for it.","For life on a GLP-1","Get LF-1"
"LF1_FINALLY_NORMAL_timeline_bone_0037_191x1.png","0037","FINALLY_NORMAL","Finally normal","Support the GLP-1 journey","timeline","bone","luxe","191x1","1200","628","facebook_right_column,audience_network","Finally. Mornings that feel like yours.","Two capsules each morning. 60 per bottle.","Made for GLP-1 routines","Get LF-1"
"LF1_FINALLY_NORMAL_timeline_bone_0037_1x1.png","0037","FINALLY_NORMAL","Finally normal","Support the GLP-1 journey","timeline","bone","luxe","1x1","1080","1080","facebook_feed,instagram_feed","Finally. Mornings that feel like yours.","Two capsules each morning. 60 per bottle.","Made for GLP-1 routines","Get LF-1"
"LF1_FINALLY_NORMAL_timeline_bone_0037_4x5.png","0037","FINALLY_NORMAL","Finally normal","Support the GLP-1 journey","timeline","bone","luxe","4x5","1080","1350","facebook_feed,instagram_feed","Finally. Mornings that feel like yours.","Two capsules each morning. 60 per bottle.","Made for GLP-1 routines","Get LF-1"
"LF1_FINALLY_NORMAL_timeline_bone_0037_9x16.png","0037","FINALLY_NORMAL","Finally normal","Support the GLP-1 journey","timeline","bone","luxe","9x16","1080","1920","instagram_story,facebook_story,instagram_reels","Finally. Mornings that feel like yours.","Two capsules each morning. 60 per bottle.","Made for GLP-1 routines","Get LF-1"
"LF1_FINALLY_NORMAL_timeline_ink_0042_191x1.png","0042","FINALLY_NORMAL","Finally normal","Support the GLP-1 journey","timeline","ink","impact","191x1","1200","628","facebook_right_column,audience_network","The companion your GLP-1 came without.","Built around the routine, not around the scale.","The companion capsule","Get LF-1"
"LF1_FINALLY_NORMAL_timeline_ink_0042_1x1.png","0042","FINALLY_NORMAL","Finally normal","Support the GLP-1 journey","timeline","ink","impact","1x1","1080","1080","facebook_feed,instagram_feed","The companion your GLP-1 came without.","Built around the routine, not around the scale.","The companion capsule","Get LF-1"
"LF1_FINALLY_NORMAL_timeline_ink_0042_4x5.png","0042","FINALLY_NORMAL","Finally normal","Support the GLP-1 journey","timeline","ink","impact","4x5","1080","1350","facebook_feed,instagram_feed","The companion your GLP-1 came without.","Built around the routine, not around the scale.","The companion capsule","Get LF-1"
"LF1_FINALLY_NORMAL_timeline_ink_0042_9x16.png","0042","FINALLY_NORMAL","Finally normal","Support the GLP-1 journey","timeline","ink","impact","9x16","1080","1920","instagram_story,facebook_story,instagram_reels","The companion your GLP-1 came without.","Built around the routine, not around the scale.","The companion capsule","Get LF-1"
"LF1_GI_SPECIFIC_badgeGrid_sage_0078_191x1.png","0078","GI_SPECIFIC","Digestive specificity","GLP-1 side effects","badgeGrid","sage","grotesk","191x1","1200","628","facebook_right_column,audience_network","For GLP-1 routines that need a steadier gut.","Appetite falls on a GLP-1 — digestion changes with it.","Daily regularity support","Start with one month"
"LF1_GI_SPECIFIC_badgeGrid_sage_0078_1x1.png","0078","GI_SPECIFIC","Digestive specificity","GLP-1 side effects","badgeGrid","sage","grotesk","1x1","1080","1080","facebook_feed,instagram_feed","For GLP-1 routines that need a steadier gut.","Appetite falls on a GLP-1 — digestion changes with it.","Daily regularity support","Start with one month"
"LF1_GI_SPECIFIC_badgeGrid_sage_0078_4x5.png","0078","GI_SPECIFIC","Digestive specificity","GLP-1 side effects","badgeGrid","sage","grotesk","4x5","1080","1350","facebook_feed,instagram_feed","For GLP-1 routines that need a steadier gut.","Appetite falls on a GLP-1 — digestion changes with it.","Daily regularity support","Start with one month"
"LF1_GI_SPECIFIC_badgeGrid_sage_0078_9x16.png","0078","GI_SPECIFIC","Digestive specificity","GLP-1 side effects","badgeGrid","sage","grotesk","9x16","1080","1920","instagram_story,facebook_story,instagram_reels","For GLP-1 routines that need a steadier gut.","Appetite falls on a GLP-1 — digestion changes with it.","Daily regularity support","Start with one month"
"LF1_GI_SPECIFIC_bigType_bone_0077_191x1.png","0077","GI_SPECIFIC","Digestive specificity","GLP-1 side effects","bigType","bone","luxe","191x1","1200","628","facebook_right_column,audience_network","When appetite drops, digestion changes. Support it.","LF-1 is formulated as daily digestive support for people on a GLP-1.","Gut-first formulation","Start with one month"
"LF1_GI_SPECIFIC_bigType_bone_0077_1x1.png","0077","GI_SPECIFIC","Digestive specificity","GLP-1 side effects","bigType","bone","luxe","1x1","1080","1080","facebook_feed,instagram_feed","When appetite drops, digestion changes. Support it.","LF-1 is formulated as daily digestive support for people on a GLP-1.","Gut-first formulation","Start with one month"
"LF1_GI_SPECIFIC_bigType_bone_0077_4x5.png","0077","GI_SPECIFIC","Digestive specificity","GLP-1 side effects","bigType","bone","luxe","4x5","1080","1350","facebook_feed,instagram_feed","When appetite drops, digestion changes. Support it.","LF-1 is formulated as daily digestive support for people on a GLP-1.","Gut-first formulation","Start with one month"
"LF1_GI_SPECIFIC_bigType_bone_0077_9x16.png","0077","GI_SPECIFIC","Digestive specificity","GLP-1 side effects","bigType","bone","luxe","9x16","1080","1920","instagram_story,facebook_story,instagram_reels","When appetite drops, digestion changes. Support it.","LF-1 is formulated as daily digestive support for people on a GLP-1.","Gut-first formulation","Start with one month"
"LF1_GI_SPECIFIC_bigType_clay_0111_191x1.png","0111","GI_SPECIFIC","Digestive specificity","GLP-1 side effects","bigType","clay","luxe","191x1","1200","628","facebook_right_column,audience_network","For GLP-1 routines that need a steadier gut.","Support the gut through the whole course.","Digestive support","See the formula"
"LF1_GI_SPECIFIC_bigType_clay_0118_191x1.png","0118","GI_SPECIFIC","Digestive specificity","GLP-1 side effects","bigType","clay","luxe","191x1","1200","628","facebook_right_column,audience_network","Slower gut. Steadier support.","Category: Digestive Support. Dose: two capsules daily.","GI comfort, daily","Start with one month"
"LF1_GI_SPECIFIC_bigType_clay_0123_191x1.png","0123","GI_SPECIFIC","Digestive specificity","GLP-1 side effects","bigType","clay","luxe","191x1","1200","628","facebook_right_column,audience_network","Digestion changes on a GLP-1. Plan for it.","LF-1 is formulated as daily digestive support for people on a GLP-1.","GI comfort, daily","Shop LF-1"
"LF1_GI_SPECIFIC_bigType_clay_0125_191x1.png","0125","GI_SPECIFIC","Digestive specificity","GLP-1 side effects","bigType","clay","editorial","191x1","1200","628","facebook_right_column,audience_network","The daily step your gut was missing.","LF-1 is formulated as daily digestive support for people on a GLP-1.","GI comfort, daily","Read the label"
"LF1_GI_SPECIFIC_bigType_forest_0103_191x1.png","0103","GI_SPECIFIC","Digestive specificity","GLP-1 side effects","bigType","forest","editorial","191x1","1200","628","facebook_right_column,audience_network","A GLP-1 slows things down. LF-1 supports the rest.","LF-1 is formulated as daily digestive support for people on a GLP-1.","Gut-first formulation","Learn more"
"LF1_GI_SPECIFIC_bigType_forest_0104_191x1.png","0104","GI_SPECIFIC","Digestive specificity","GLP-1 side effects","bigType","forest","editorial","191x1","1200","628","facebook_right_column,audience_network","Daily digestive support. Nothing dramatic.","Support the gut through the whole course.","Digestive support","Explore LF-1"
"LF1_GI_SPECIFIC_bigType_mint_0073_191x1.png","0073","GI_SPECIFIC","Digestive specificity","GLP-1 side effects","bigType","mint","grotesk","191x1","1200","628","facebook_right_column,audience_network","Made for how a GLP-1 actually works.","Category: Digestive Support. Dose: two capsules daily.","Digestive support","View LF-1"
"LF1_GI_SPECIFIC_bigType_mint_0080_191x1.png","0080","GI_SPECIFIC","Digestive specificity","GLP-1 side effects","bigType","mint","humanist","191x1","1200","628","facebook_right_column,audience_network","Support the system your GLP-1 slows down.","Made for the routine you’re already keeping.","Gut-first formulation","Get LF-1"
"LF1_GI_SPECIFIC_bigType_mint_0080_1x1.png","0080","GI_SPECIFIC","Digestive specificity","GLP-1 side effects","bigType","mint","humanist","1x1","1080","1080","facebook_feed,instagram_feed","Support the system your GLP-1 slows down.","Made for the routine you’re already keeping.","Gut-first formulation","Get LF-1"
"LF1_GI_SPECIFIC_bigType_mint_0080_4x5.png","0080","GI_SPECIFIC","Digestive specificity","GLP-1 side effects","bigType","mint","humanist","4x5","1080","1350","facebook_feed,instagram_feed","Support the system your GLP-1 slows down.","Made for the routine you’re already keeping.","Gut-first formulation","Get LF-1"
"LF1_GI_SPECIFIC_bigType_mint_0080_9x16.png","0080","GI_SPECIFIC","Digestive specificity","GLP-1 side effects","bigType","mint","humanist","9x16","1080","1920","instagram_story,facebook_story,instagram_reels","Support the system your GLP-1 slows down.","Made for the routine you’re already keeping.","Gut-first formulation","Get LF-1"
"LF1_GI_SPECIFIC_bigType_sage_0064_191x1.png","0064","GI_SPECIFIC","Digestive specificity","GLP-1 side effects","bigType","sage","grotesk","191x1","1200","628","facebook_right_column,audience_network","Whole ingredients. Zero compromise.","Category: Digestive Support. Dose: two capsules daily.","GI comfort, daily","View LF-1"
"LF1_GI_SPECIFIC_bigType_sage_0083_191x1.png","0083","GI_SPECIFIC","Digestive specificity","GLP-1 side effects","bigType","sage","humanist","191x1","1200","628","facebook_right_column,audience_network","Because comfort shouldn’t be the trade-off.","Designed around slower gastric emptying, not general gut health.","Daily regularity support","Read the label"
"LF1_GI_SPECIFIC_bigType_sage_0085_191x1.png","0085","GI_SPECIFIC","Digestive specificity","GLP-1 side effects","bigType","sage","humanist","191x1","1200","628","facebook_right_column,audience_network","Gentle, daily, and built for this.","Category: Digestive Support. Dose: two capsules daily.","Gut-first formulation","Shop now"
"LF1_GI_SPECIFIC_bigType_sage_0085_1x1.png","0085","GI_SPECIFIC","Digestive specificity","GLP-1 side effects","bigType","sage","humanist","1x1","1080","1080","facebook_feed,instagram_feed","Gentle, daily, and built for this.","Category: Digestive Support. Dose: two capsules daily.","Gut-first formulation","Shop now"
"LF1_GI_SPECIFIC_bigType_sage_0085_4x5.png","0085","GI_SPECIFIC","Digestive specificity","GLP-1 side effects","bigType","sage","humanist","4x5","1080","1350","facebook_feed,instagram_feed","Gentle, daily, and built for this.","Category: Digestive Support. Dose: two capsules daily.","Gut-first formulation","Shop now"
"LF1_GI_SPECIFIC_bigType_sage_0085_9x16.png","0085","GI_SPECIFIC","Digestive specificity","GLP-1 side effects","bigType","sage","humanist","9x16","1080","1920","instagram_story,facebook_story,instagram_reels","Gentle, daily, and built for this.","Category: Digestive Support. Dose: two capsules daily.","Gut-first formulation","Shop now"
"LF1_GI_SPECIFIC_bigType_sage_0092_191x1.png","0092","GI_SPECIFIC","Digestive specificity","GLP-1 side effects","bigType","sage","humanist","191x1","1200","628","facebook_right_column,audience_network","Built for GLP-1 digestion, not general wellness.","LF-1 is formulated as daily digestive support for people on a GLP-1.","Digestive support","See the formula"
"LF1_GI_SPECIFIC_bigType_sand_0087_191x1.png","0087","GI_SPECIFIC","Digestive specificity","GLP-1 side effects","bigType","sand","editorial","191x1","1200","628","facebook_right_column,audience_network","Digestive support, minus the drama.","LF-1 is formulated as daily digestive support for people on a GLP-1.","Digestive Support · LF-1","Shop LF-1"
"LF1_GI_SPECIFIC_bigType_sand_0094_191x1.png","0094","GI_SPECIFIC","Digestive specificity","GLP-1 side effects","bigType","sand","luxe","191x1","1200","628","facebook_right_column,audience_network","Built for a GLP-1 gut.","Two capsules with 6–8 oz of water, every morning.","Digestive Support · LF-1","See what’s in it"
"LF1_GI_SPECIFIC_circleSeal_sage_0061_191x1.png","0061","GI_SPECIFIC","Digestive specificity","GLP-1 side effects","circleSeal","sage","grotesk","191x1","1200","628","facebook_right_column,audience_network","Built for a GLP-1 gut.","LF-1 is formulated as daily digestive support for people on a GLP-1.","Gut-first formulation","See the formula"
"LF1_GI_SPECIFIC_circleSeal_sage_0061_1x1.png","0061","GI_SPECIFIC","Digestive specificity","GLP-1 side effects","circleSeal","sage","grotesk","1x1","1080","1080","facebook_feed,instagram_feed","Built for a GLP-1 gut.","LF-1 is formulated as daily digestive support for people on a GLP-1.","Gut-first formulation","See the formula"
"LF1_GI_SPECIFIC_circleSeal_sage_0061_4x5.png","0061","GI_SPECIFIC","Digestive specificity","GLP-1 side effects","circleSeal","sage","grotesk","4x5","1080","1350","facebook_feed,instagram_feed","Built for a GLP-1 gut.","LF-1 is formulated as daily digestive support for people on a GLP-1.","Gut-first formulation","See the formula"
"LF1_GI_SPECIFIC_circleSeal_sage_0061_9x16.png","0061","GI_SPECIFIC","Digestive specificity","GLP-1 side effects","circleSeal","sage","grotesk","9x16","1080","1920","instagram_story,facebook_story,instagram_reels","Built for a GLP-1 gut.","LF-1 is formulated as daily digestive support for people on a GLP-1.","Gut-first formulation","See the formula"
"LF1_GI_SPECIFIC_compare_bone_0096_191x1.png","0096","GI_SPECIFIC","Digestive specificity","GLP-1 side effects","compare","bone","luxe","191x1","1200","628","facebook_right_column,audience_network","Built for injections and oral GLP-1s alike.","LF-1 is formulated as daily digestive support for people on a GLP-1.","GI comfort, daily","Shop now"
"LF1_GI_SPECIFIC_compare_bone_0096_1x1.png","0096","GI_SPECIFIC","Digestive specificity","GLP-1 side effects","compare","bone","luxe","1x1","1080","1080","facebook_feed,instagram_feed","Built for injections and oral GLP-1s alike.","LF-1 is formulated as daily digestive support for people on a GLP-1.","GI comfort, daily","Shop now"
"LF1_GI_SPECIFIC_compare_bone_0096_4x5.png","0096","GI_SPECIFIC","Digestive specificity","GLP-1 side effects","compare","bone","luxe","4x5","1080","1350","facebook_feed,instagram_feed","Built for injections and oral GLP-1s alike.","LF-1 is formulated as daily digestive support for people on a GLP-1.","GI comfort, daily","Shop now"
"LF1_GI_SPECIFIC_compare_bone_0096_9x16.png","0096","GI_SPECIFIC","Digestive specificity","GLP-1 side effects","compare","bone","luxe","9x16","1080","1920","instagram_story,facebook_story,instagram_reels","Built for injections and oral GLP-1s alike.","LF-1 is formulated as daily digestive support for people on a GLP-1.","GI comfort, daily","Shop now"
"LF1_GI_SPECIFIC_compare_clay_0108_191x1.png","0108","GI_SPECIFIC","Digestive specificity","GLP-1 side effects","compare","clay","luxe","191x1","1200","628","facebook_right_column,audience_network","The unglamorous half of the journey.","A daily capsule made for GLP-1 digestion.","GI comfort, daily","See what’s in it"
"LF1_GI_SPECIFIC_compare_clay_0108_1x1.png","0108","GI_SPECIFIC","Digestive specificity","GLP-1 side effects","compare","clay","luxe","1x1","1080","1080","facebook_feed,instagram_feed","The unglamorous half of the journey.","A daily capsule made for GLP-1 digestion.","GI comfort, daily","See what’s in it"
"LF1_GI_SPECIFIC_compare_clay_0108_4x5.png","0108","GI_SPECIFIC","Digestive specificity","GLP-1 side effects","compare","clay","luxe","4x5","1080","1350","facebook_feed,instagram_feed","The unglamorous half of the journey.","A daily capsule made for GLP-1 digestion.","GI comfort, daily","See what’s in it"
"LF1_GI_SPECIFIC_compare_clay_0108_9x16.png","0108","GI_SPECIFIC","Digestive specificity","GLP-1 side effects","compare","clay","luxe","9x16","1080","1920","instagram_story,facebook_story,instagram_reels","The unglamorous half of the journey.","A daily capsule made for GLP-1 digestion.","GI comfort, daily","See what’s in it"
"LF1_GI_SPECIFIC_compare_ink_0071_191x1.png","0071","GI_SPECIFIC","Digestive specificity","GLP-1 side effects","compare","ink","grotesk","191x1","1200","628","facebook_right_column,audience_network","Daily digestive support. Nothing dramatic.","Category: Digestive Support. Dose: two capsules daily.","Daily regularity support","View LF-1"
"LF1_GI_SPECIFIC_compare_ink_0071_1x1.png","0071","GI_SPECIFIC","Digestive specificity","GLP-1 side effects","compare","ink","grotesk","1x1","1080","1080","facebook_feed,instagram_feed","Daily digestive support. Nothing dramatic.","Category: Digestive Support. Dose: two capsules daily.","Daily regularity support","View LF-1"
"LF1_GI_SPECIFIC_compare_ink_0071_4x5.png","0071","GI_SPECIFIC","Digestive specificity","GLP-1 side effects","compare","ink","grotesk","4x5","1080","1350","facebook_feed,instagram_feed","Daily digestive support. Nothing dramatic.","Category: Digestive Support. Dose: two capsules daily.","Daily regularity support","View LF-1"
"LF1_GI_SPECIFIC_compare_ink_0071_9x16.png","0071","GI_SPECIFIC","Digestive specificity","GLP-1 side effects","compare","ink","grotesk","9x16","1080","1920","instagram_story,facebook_story,instagram_reels","Daily digestive support. Nothing dramatic.","Category: Digestive Support. Dose: two capsules daily.","Daily regularity support","View LF-1"
"LF1_GI_SPECIFIC_compare_mint_0091_191x1.png","0091","GI_SPECIFIC","Digestive specificity","GLP-1 side effects","compare","mint","humanist","191x1","1200","628","facebook_right_column,audience_network","Digestion changes on a GLP-1. Plan for it.","Appetite falls on a GLP-1 — digestion changes with it.","GI comfort, daily","Explore LF-1"
"LF1_GI_SPECIFIC_compare_mint_0091_1x1.png","0091","GI_SPECIFIC","Digestive specificity","GLP-1 side effects","compare","mint","humanist","1x1","1080","1080","facebook_feed,instagram_feed","Digestion changes on a GLP-1. Plan for it.","Appetite falls on a GLP-1 — digestion changes with it.","GI comfort, daily","Explore LF-1"
"LF1_GI_SPECIFIC_compare_mint_0091_4x5.png","0091","GI_SPECIFIC","Digestive specificity","GLP-1 side effects","compare","mint","humanist","4x5","1080","1350","facebook_feed,instagram_feed","Digestion changes on a GLP-1. Plan for it.","Appetite falls on a GLP-1 — digestion changes with it.","GI comfort, daily","Explore LF-1"
"LF1_GI_SPECIFIC_compare_mint_0091_9x16.png","0091","GI_SPECIFIC","Digestive specificity","GLP-1 side effects","compare","mint","humanist","9x16","1080","1920","instagram_story,facebook_story,instagram_reels","Digestion changes on a GLP-1. Plan for it.","Appetite falls on a GLP-1 — digestion changes with it.","GI comfort, daily","Explore LF-1"
"LF1_GI_SPECIFIC_compare_mint_0095_191x1.png","0095","GI_SPECIFIC","Digestive specificity","GLP-1 side effects","compare","mint","humanist","191x1","1200","628","facebook_right_column,audience_network","No laxatives in the formula.","Made for the routine you’re already keeping.","Digestive support","Shop LF-1"
"LF1_GI_SPECIFIC_compare_mint_0095_1x1.png","0095","GI_SPECIFIC","Digestive specificity","GLP-1 side effects","compare","mint","humanist","1x1","1080","1080","facebook_feed,instagram_feed","No laxatives in the formula.","Made for the routine you’re already keeping.","Digestive support","Shop LF-1"
"LF1_GI_SPECIFIC_compare_mint_0095_4x5.png","0095","GI_SPECIFIC","Digestive specificity","GLP-1 side effects","compare","mint","humanist","4x5","1080","1350","facebook_feed,instagram_feed","No laxatives in the formula.","Made for the routine you’re already keeping.","Digestive support","Shop LF-1"
"LF1_GI_SPECIFIC_compare_mint_0095_9x16.png","0095","GI_SPECIFIC","Digestive specificity","GLP-1 side effects","compare","mint","humanist","9x16","1080","1920","instagram_story,facebook_story,instagram_reels","No laxatives in the formula.","Made for the routine you’re already keeping.","Digestive support","Shop LF-1"
"LF1_GI_SPECIFIC_compare_sage_0088_191x1.png","0088","GI_SPECIFIC","Digestive specificity","GLP-1 side effects","compare","sage","grotesk","191x1","1200","628","facebook_right_column,audience_network","Made for the mornings in between.","Category: Digestive Support. Dose: two capsules daily.","Digestive support","Shop LF-1"
"LF1_GI_SPECIFIC_compare_sage_0088_1x1.png","0088","GI_SPECIFIC","Digestive specificity","GLP-1 side effects","compare","sage","grotesk","1x1","1080","1080","facebook_feed,instagram_feed","Made for the mornings in between.","Category: Digestive Support. Dose: two capsules daily.","Digestive support","Shop LF-1"
"LF1_GI_SPECIFIC_compare_sage_0088_4x5.png","0088","GI_SPECIFIC","Digestive specificity","GLP-1 side effects","compare","sage","grotesk","4x5","1080","1350","facebook_feed,instagram_feed","Made for the mornings in between.","Category: Digestive Support. Dose: two capsules daily.","Digestive support","Shop LF-1"
"LF1_GI_SPECIFIC_compare_sage_0088_9x16.png","0088","GI_SPECIFIC","Digestive specificity","GLP-1 side effects","compare","sage","grotesk","9x16","1080","1920","instagram_story,facebook_story,instagram_reels","Made for the mornings in between.","Category: Digestive Support. Dose: two capsules daily.","Digestive support","Shop LF-1"
"LF1_GI_SPECIFIC_compare_sand_0098_191x1.png","0098","GI_SPECIFIC","Digestive specificity","GLP-1 side effects","compare","sand","luxe","191x1","1200","628","facebook_right_column,audience_network","Digestive comfort, on a GLP-1 schedule.","Made for the routine you’re already keeping.","Digestive Support · LF-1","Explore LF-1"
"LF1_GI_SPECIFIC_compare_sand_0098_1x1.png","0098","GI_SPECIFIC","Digestive specificity","GLP-1 side effects","compare","sand","luxe","1x1","1080","1080","facebook_feed,instagram_feed","Digestive comfort, on a GLP-1 schedule.","Made for the routine you’re already keeping.","Digestive Support · LF-1","Explore LF-1"
"LF1_GI_SPECIFIC_compare_sand_0098_4x5.png","0098","GI_SPECIFIC","Digestive specificity","GLP-1 side effects","compare","sand","luxe","4x5","1080","1350","facebook_feed,instagram_feed","Digestive comfort, on a GLP-1 schedule.","Made for the routine you’re already keeping.","Digestive Support · LF-1","Explore LF-1"
"LF1_GI_SPECIFIC_compare_sand_0098_9x16.png","0098","GI_SPECIFIC","Digestive specificity","GLP-1 side effects","compare","sand","luxe","9x16","1080","1920","instagram_story,facebook_story,instagram_reels","Digestive comfort, on a GLP-1 schedule.","Made for the routine you’re already keeping.","Digestive Support · LF-1","Explore LF-1"
"LF1_GI_SPECIFIC_compare_sand_0113_191x1.png","0113","GI_SPECIFIC","Digestive specificity","GLP-1 side effects","compare","sand","luxe","191x1","1200","628","facebook_right_column,audience_network","Everyday digestive support. Every single morning.","LF-1 is formulated as daily digestive support for people on a GLP-1.","Daily regularity support","Shop now"
"LF1_GI_SPECIFIC_compare_sand_0113_1x1.png","0113","GI_SPECIFIC","Digestive specificity","GLP-1 side effects","compare","sand","luxe","1x1","1080","1080","facebook_feed,instagram_feed","Everyday digestive support. Every single morning.","LF-1 is formulated as daily digestive support for people on a GLP-1.","Daily regularity support","Shop now"
"LF1_GI_SPECIFIC_compare_sand_0113_4x5.png","0113","GI_SPECIFIC","Digestive specificity","GLP-1 side effects","compare","sand","luxe","4x5","1080","1350","facebook_feed,instagram_feed","Everyday digestive support. Every single morning.","LF-1 is formulated as daily digestive support for people on a GLP-1.","Daily regularity support","Shop now"
"LF1_GI_SPECIFIC_compare_sand_0113_9x16.png","0113","GI_SPECIFIC","Digestive specificity","GLP-1 side effects","compare","sand","luxe","9x16","1080","1920","instagram_story,facebook_story,instagram_reels","Everyday digestive support. Every single morning.","LF-1 is formulated as daily digestive support for people on a GLP-1.","Daily regularity support","Shop now"
"LF1_GI_SPECIFIC_faqCard_clay_0081_191x1.png","0081","GI_SPECIFIC","Digestive specificity","GLP-1 side effects","faqCard","clay","luxe","191x1","1200","628","facebook_right_column,audience_network","Everyday digestive support. Every single morning.","Appetite falls on a GLP-1 — digestion changes with it.","Digestive Support · LF-1","See the formula"
"LF1_GI_SPECIFIC_faqCard_clay_0081_1x1.png","0081","GI_SPECIFIC","Digestive specificity","GLP-1 side effects","faqCard","clay","luxe","1x1","1080","1080","facebook_feed,instagram_feed","Everyday digestive support. Every single morning.","Appetite falls on a GLP-1 — digestion changes with it.","Digestive Support · LF-1","See the formula"
"LF1_GI_SPECIFIC_faqCard_clay_0081_4x5.png","0081","GI_SPECIFIC","Digestive specificity","GLP-1 side effects","faqCard","clay","luxe","4x5","1080","1350","facebook_feed,instagram_feed","Everyday digestive support. Every single morning.","Appetite falls on a GLP-1 — digestion changes with it.","Digestive Support · LF-1","See the formula"
"LF1_GI_SPECIFIC_faqCard_clay_0081_9x16.png","0081","GI_SPECIFIC","Digestive specificity","GLP-1 side effects","faqCard","clay","luxe","9x16","1080","1920","instagram_story,facebook_story,instagram_reels","Everyday digestive support. Every single morning.","Appetite falls on a GLP-1 — digestion changes with it.","Digestive Support · LF-1","See the formula"
"LF1_GI_SPECIFIC_faqCard_clay_0102_191x1.png","0102","GI_SPECIFIC","Digestive specificity","GLP-1 side effects","faqCard","clay","luxe","191x1","1200","628","facebook_right_column,audience_network","For the part of the journey nobody posts about.","Made for the routine you’re already keeping.","Digestive Support · LF-1","View LF-1"
"LF1_GI_SPECIFIC_faqCard_clay_0102_1x1.png","0102","GI_SPECIFIC","Digestive specificity","GLP-1 side effects","faqCard","clay","luxe","1x1","1080","1080","facebook_feed,instagram_feed","For the part of the journey nobody posts about.","Made for the routine you’re already keeping.","Digestive Support · LF-1","View LF-1"
"LF1_GI_SPECIFIC_faqCard_clay_0102_4x5.png","0102","GI_SPECIFIC","Digestive specificity","GLP-1 side effects","faqCard","clay","luxe","4x5","1080","1350","facebook_feed,instagram_feed","For the part of the journey nobody posts about.","Made for the routine you’re already keeping.","Digestive Support · LF-1","View LF-1"
"LF1_GI_SPECIFIC_faqCard_clay_0102_9x16.png","0102","GI_SPECIFIC","Digestive specificity","GLP-1 side effects","faqCard","clay","luxe","9x16","1080","1920","instagram_story,facebook_story,instagram_reels","For the part of the journey nobody posts about.","Made for the routine you’re already keeping.","Digestive Support · LF-1","View LF-1"
"LF1_GI_SPECIFIC_faqCard_forest_0067_191x1.png","0067","GI_SPECIFIC","Digestive specificity","GLP-1 side effects","faqCard","forest","editorial","191x1","1200","628","facebook_right_column,audience_network","GLP-1 mornings, made easier.","A daily capsule made for GLP-1 digestion.","Daily regularity support","Learn more"
"LF1_GI_SPECIFIC_faqCard_forest_0067_1x1.png","0067","GI_SPECIFIC","Digestive specificity","GLP-1 side effects","faqCard","forest","editorial","1x1","1080","1080","facebook_feed,instagram_feed","GLP-1 mornings, made easier.","A daily capsule made for GLP-1 digestion.","Daily regularity support","Learn more"
"LF1_GI_SPECIFIC_faqCard_forest_0067_4x5.png","0067","GI_SPECIFIC","Digestive specificity","GLP-1 side effects","faqCard","forest","editorial","4x5","1080","1350","facebook_feed,instagram_feed","GLP-1 mornings, made easier.","A daily capsule made for GLP-1 digestion.","Daily regularity support","Learn more"
"LF1_GI_SPECIFIC_faqCard_forest_0067_9x16.png","0067","GI_SPECIFIC","Digestive specificity","GLP-1 side effects","faqCard","forest","editorial","9x16","1080","1920","instagram_story,facebook_story,instagram_reels","GLP-1 mornings, made easier.","A daily capsule made for GLP-1 digestion.","Daily regularity support","Learn more"
"LF1_GI_SPECIFIC_faqCard_sage_0101_191x1.png","0101","GI_SPECIFIC","Digestive specificity","GLP-1 side effects","faqCard","sage","humanist","191x1","1200","628","facebook_right_column,audience_network","Regularity support, built for this routine.","Designed around slower gastric emptying, not general gut health.","GI comfort, daily","Shop LF-1"
"LF1_GI_SPECIFIC_faqCard_sage_0101_1x1.png","0101","GI_SPECIFIC","Digestive specificity","GLP-1 side effects","faqCard","sage","humanist","1x1","1080","1080","facebook_feed,instagram_feed","Regularity support, built for this routine.","Designed around slower gastric emptying, not general gut health.","GI comfort, daily","Shop LF-1"
"LF1_GI_SPECIFIC_faqCard_sage_0101_4x5.png","0101","GI_SPECIFIC","Digestive specificity","GLP-1 side effects","faqCard","sage","humanist","4x5","1080","1350","facebook_feed,instagram_feed","Regularity support, built for this routine.","Designed around slower gastric emptying, not general gut health.","GI comfort, daily","Shop LF-1"
"LF1_GI_SPECIFIC_faqCard_sage_0101_9x16.png","0101","GI_SPECIFIC","Digestive specificity","GLP-1 side effects","faqCard","sage","humanist","9x16","1080","1920","instagram_story,facebook_story,instagram_reels","Regularity support, built for this routine.","Designed around slower gastric emptying, not general gut health.","GI comfort, daily","Shop LF-1"
"LF1_GI_SPECIFIC_gradientHero_bone_0074_191x1.png","0074","GI_SPECIFIC","Digestive specificity","GLP-1 side effects","gradientHero","bone","luxe","191x1","1200","628","facebook_right_column,audience_network","Comfort is part of progress.","Appetite falls on a GLP-1 — digestion changes with it.","Digestive support","See the formula"
"LF1_GI_SPECIFIC_gradientHero_bone_0074_1x1.png","0074","GI_SPECIFIC","Digestive specificity","GLP-1 side effects","gradientHero","bone","luxe","1x1","1080","1080","facebook_feed,instagram_feed","Comfort is part of progress.","Appetite falls on a GLP-1 — digestion changes with it.","Digestive support","See the formula"
"LF1_GI_SPECIFIC_gradientHero_bone_0074_4x5.png","0074","GI_SPECIFIC","Digestive specificity","GLP-1 side effects","gradientHero","bone","luxe","4x5","1080","1350","facebook_feed,instagram_feed","Comfort is part of progress.","Appetite falls on a GLP-1 — digestion changes with it.","Digestive support","See the formula"
"LF1_GI_SPECIFIC_gradientHero_bone_0074_9x16.png","0074","GI_SPECIFIC","Digestive specificity","GLP-1 side effects","gradientHero","bone","luxe","9x16","1080","1920","instagram_story,facebook_story,instagram_reels","Comfort is part of progress.","Appetite falls on a GLP-1 — digestion changes with it.","Digestive support","See the formula"
"LF1_GI_SPECIFIC_gradientHero_clinical_0070_191x1.png","0070","GI_SPECIFIC","Digestive specificity","GLP-1 side effects","gradientHero","clinical","humanist","191x1","1200","628","facebook_right_column,audience_network","A GLP-1 slows things down. LF-1 supports the rest.","Made for the routine you’re already keeping.","Digestive Support · LF-1","See the formula"
"LF1_GI_SPECIFIC_gradientHero_clinical_0070_1x1.png","0070","GI_SPECIFIC","Digestive specificity","GLP-1 side effects","gradientHero","clinical","humanist","1x1","1080","1080","facebook_feed,instagram_feed","A GLP-1 slows things down. LF-1 supports the rest.","Made for the routine you’re already keeping.","Digestive Support · LF-1","See the formula"
"LF1_GI_SPECIFIC_gradientHero_clinical_0070_4x5.png","0070","GI_SPECIFIC","Digestive specificity","GLP-1 side effects","gradientHero","clinical","humanist","4x5","1080","1350","facebook_feed,instagram_feed","A GLP-1 slows things down. LF-1 supports the rest.","Made for the routine you’re already keeping.","Digestive Support · LF-1","See the formula"
"LF1_GI_SPECIFIC_gradientHero_clinical_0070_9x16.png","0070","GI_SPECIFIC","Digestive specificity","GLP-1 side effects","gradientHero","clinical","humanist","9x16","1080","1920","instagram_story,facebook_story,instagram_reels","A GLP-1 slows things down. LF-1 supports the rest.","Made for the routine you’re already keeping.","Digestive Support · LF-1","See the formula"
"LF1_GI_SPECIFIC_gradientHero_clinical_0084_191x1.png","0084","GI_SPECIFIC","Digestive specificity","GLP-1 side effects","gradientHero","clinical","grotesk","191x1","1200","628","facebook_right_column,audience_network","Daily support for GLP-1 digestion.","Appetite falls on a GLP-1 — digestion changes with it.","Daily regularity support","Shop now"
"LF1_GI_SPECIFIC_gradientHero_clinical_0084_1x1.png","0084","GI_SPECIFIC","Digestive specificity","GLP-1 side effects","gradientHero","clinical","grotesk","1x1","1080","1080","facebook_feed,instagram_feed","Daily support for GLP-1 digestion.","Appetite falls on a GLP-1 — digestion changes with it.","Daily regularity support","Shop now"
"LF1_GI_SPECIFIC_gradientHero_clinical_0084_4x5.png","0084","GI_SPECIFIC","Digestive specificity","GLP-1 side effects","gradientHero","clinical","grotesk","4x5","1080","1350","facebook_feed,instagram_feed","Daily support for GLP-1 digestion.","Appetite falls on a GLP-1 — digestion changes with it.","Daily regularity support","Shop now"
"LF1_GI_SPECIFIC_gradientHero_clinical_0084_9x16.png","0084","GI_SPECIFIC","Digestive specificity","GLP-1 side effects","gradientHero","clinical","grotesk","9x16","1080","1920","instagram_story,facebook_story,instagram_reels","Daily support for GLP-1 digestion.","Appetite falls on a GLP-1 — digestion changes with it.","Daily regularity support","Shop now"
"LF1_GI_SPECIFIC_gradientHero_clinical_0089_191x1.png","0089","GI_SPECIFIC","Digestive specificity","GLP-1 side effects","gradientHero","clinical","humanist","191x1","1200","628","facebook_right_column,audience_network","Your gut is on this journey too.","Category: Digestive Support. Dose: two capsules daily.","GI comfort, daily","Explore LF-1"
"LF1_GI_SPECIFIC_gradientHero_clinical_0089_1x1.png","0089","GI_SPECIFIC","Digestive specificity","GLP-1 side effects","gradientHero","clinical","humanist","1x1","1080","1080","facebook_feed,instagram_feed","Your gut is on this journey too.","Category: Digestive Support. Dose: two capsules daily.","GI comfort, daily","Explore LF-1"
"LF1_GI_SPECIFIC_gradientHero_clinical_0089_4x5.png","0089","GI_SPECIFIC","Digestive specificity","GLP-1 side effects","gradientHero","clinical","humanist","4x5","1080","1350","facebook_feed,instagram_feed","Your gut is on this journey too.","Category: Digestive Support. Dose: two capsules daily.","GI comfort, daily","Explore LF-1"
"LF1_GI_SPECIFIC_gradientHero_clinical_0089_9x16.png","0089","GI_SPECIFIC","Digestive specificity","GLP-1 side effects","gradientHero","clinical","humanist","9x16","1080","1920","instagram_story,facebook_story,instagram_reels","Your gut is on this journey too.","Category: Digestive Support. Dose: two capsules daily.","GI comfort, daily","Explore LF-1"
"LF1_GI_SPECIFIC_gradientHero_mint_0115_191x1.png","0115","GI_SPECIFIC","Digestive specificity","GLP-1 side effects","gradientHero","mint","humanist","191x1","1200","628","facebook_right_column,audience_network","Because comfort shouldn’t be the trade-off.","LF-1 is formulated as daily digestive support for people on a GLP-1.","Daily regularity support","Start with one month"
"LF1_GI_SPECIFIC_gradientHero_mint_0115_1x1.png","0115","GI_SPECIFIC","Digestive specificity","GLP-1 side effects","gradientHero","mint","humanist","1x1","1080","1080","facebook_feed,instagram_feed","Because comfort shouldn’t be the trade-off.","LF-1 is formulated as daily digestive support for people on a GLP-1.","Daily regularity support","Start with one month"
"LF1_GI_SPECIFIC_gradientHero_mint_0115_4x5.png","0115","GI_SPECIFIC","Digestive specificity","GLP-1 side effects","gradientHero","mint","humanist","4x5","1080","1350","facebook_feed,instagram_feed","Because comfort shouldn’t be the trade-off.","LF-1 is formulated as daily digestive support for people on a GLP-1.","Daily regularity support","Start with one month"
"LF1_GI_SPECIFIC_gradientHero_mint_0115_9x16.png","0115","GI_SPECIFIC","Digestive specificity","GLP-1 side effects","gradientHero","mint","humanist","9x16","1080","1920","instagram_story,facebook_story,instagram_reels","Because comfort shouldn’t be the trade-off.","LF-1 is formulated as daily digestive support for people on a GLP-1.","Daily regularity support","Start with one month"
"LF1_GI_SPECIFIC_gradientHero_sand_0117_191x1.png","0117","GI_SPECIFIC","Digestive specificity","GLP-1 side effects","gradientHero","sand","luxe","191x1","1200","628","facebook_right_column,audience_network","Gentle, daily, and built for this.","A daily capsule made for GLP-1 digestion.","Digestive support","Get LF-1"
"LF1_GI_SPECIFIC_gradientHero_sand_0117_1x1.png","0117","GI_SPECIFIC","Digestive specificity","GLP-1 side effects","gradientHero","sand","luxe","1x1","1080","1080","facebook_feed,instagram_feed","Gentle, daily, and built for this.","A daily capsule made for GLP-1 digestion.","Digestive support","Get LF-1"
"LF1_GI_SPECIFIC_gradientHero_sand_0117_4x5.png","0117","GI_SPECIFIC","Digestive specificity","GLP-1 side effects","gradientHero","sand","luxe","4x5","1080","1350","facebook_feed,instagram_feed","Gentle, daily, and built for this.","A daily capsule made for GLP-1 digestion.","Digestive support","Get LF-1"
"LF1_GI_SPECIFIC_gradientHero_sand_0117_9x16.png","0117","GI_SPECIFIC","Digestive specificity","GLP-1 side effects","gradientHero","sand","luxe","9x16","1080","1920","instagram_story,facebook_story,instagram_reels","Gentle, daily, and built for this.","A daily capsule made for GLP-1 digestion.","Digestive support","Get LF-1"
"LF1_GI_SPECIFIC_indexCard_bone_0105_191x1.png","0105","GI_SPECIFIC","Digestive specificity","GLP-1 side effects","indexCard","bone","humanist","191x1","1200","628","facebook_right_column,audience_network","Gut support that understands the assignment.","A daily capsule made for GLP-1 digestion.","GI comfort, daily","See the formula"
"LF1_GI_SPECIFIC_indexCard_clinical_0076_191x1.png","0076","GI_SPECIFIC","Digestive specificity","GLP-1 side effects","indexCard","clinical","condensed","191x1","1200","628","facebook_right_column,audience_network","Digestive support that fits the protocol.","Made for the routine you’re already keeping.","Daily regularity support","Explore LF-1"
"LF1_GI_SPECIFIC_indexCard_clinical_0076_1x1.png","0076","GI_SPECIFIC","Digestive specificity","GLP-1 side effects","indexCard","clinical","condensed","1x1","1080","1080","facebook_feed,instagram_feed","Digestive support that fits the protocol.","Made for the routine you’re already keeping.","Daily regularity support","Explore LF-1"
"LF1_GI_SPECIFIC_indexCard_clinical_0076_4x5.png","0076","GI_SPECIFIC","Digestive specificity","GLP-1 side effects","indexCard","clinical","condensed","4x5","1080","1350","facebook_feed,instagram_feed","Digestive support that fits the protocol.","Made for the routine you’re already keeping.","Daily regularity support","Explore LF-1"
"LF1_GI_SPECIFIC_indexCard_clinical_0076_9x16.png","0076","GI_SPECIFIC","Digestive specificity","GLP-1 side effects","indexCard","clinical","condensed","9x16","1080","1920","instagram_story,facebook_story,instagram_reels","Digestive support that fits the protocol.","Made for the routine you’re already keeping.","Daily regularity support","Explore LF-1"
"LF1_GI_SPECIFIC_indexCard_forest_0082_191x1.png","0082","GI_SPECIFIC","Digestive specificity","GLP-1 side effects","indexCard","forest","impact","191x1","1200","628","facebook_right_column,audience_network","The gut half of GLP-1 support.","Category: Digestive Support. Dose: two capsules daily.","Daily regularity support","Shop LF-1"
"LF1_GI_SPECIFIC_indexCard_sage_0086_191x1.png","0086","GI_SPECIFIC","Digestive specificity","GLP-1 side effects","indexCard","sage","humanist","191x1","1200","628","facebook_right_column,audience_network","Slower gut. Steadier support.","Two capsules with 6–8 oz of water, every morning.","Daily regularity support","Read the label"
"LF1_GI_SPECIFIC_indexCard_sage_0086_1x1.png","0086","GI_SPECIFIC","Digestive specificity","GLP-1 side effects","indexCard","sage","humanist","1x1","1080","1080","facebook_feed,instagram_feed","Slower gut. Steadier support.","Two capsules with 6–8 oz of water, every morning.","Daily regularity support","Read the label"
"LF1_GI_SPECIFIC_indexCard_sage_0086_4x5.png","0086","GI_SPECIFIC","Digestive specificity","GLP-1 side effects","indexCard","sage","humanist","4x5","1080","1350","facebook_feed,instagram_feed","Slower gut. Steadier support.","Two capsules with 6–8 oz of water, every morning.","Daily regularity support","Read the label"
"LF1_GI_SPECIFIC_indexCard_sage_0086_9x16.png","0086","GI_SPECIFIC","Digestive specificity","GLP-1 side effects","indexCard","sage","humanist","9x16","1080","1920","instagram_story,facebook_story,instagram_reels","Slower gut. Steadier support.","Two capsules with 6–8 oz of water, every morning.","Daily regularity support","Read the label"
"LF1_GI_SPECIFIC_indexCard_sand_0120_191x1.png","0120","GI_SPECIFIC","Digestive specificity","GLP-1 side effects","indexCard","sand","luxe","191x1","1200","628","facebook_right_column,audience_network","Made for the mornings in between.","Made for the routine you’re already keeping.","Daily regularity support","Explore LF-1"
"LF1_GI_SPECIFIC_marquee_clay_0110_1x1.png","0110","GI_SPECIFIC","Digestive specificity","GLP-1 side effects","marquee","clay","editorial","1x1","1080","1080","facebook_feed,instagram_feed","When appetite drops, digestion changes. Support it.","Designed around slower gastric emptying, not general gut health.","Gut-first formulation","See the formula"
"LF1_GI_SPECIFIC_marquee_clay_0110_4x5.png","0110","GI_SPECIFIC","Digestive specificity","GLP-1 side effects","marquee","clay","editorial","4x5","1080","1350","facebook_feed,instagram_feed","When appetite drops, digestion changes. Support it.","Designed around slower gastric emptying, not general gut health.","Gut-first formulation","See the formula"
"LF1_GI_SPECIFIC_marquee_clay_0110_9x16.png","0110","GI_SPECIFIC","Digestive specificity","GLP-1 side effects","marquee","clay","editorial","9x16","1080","1920","instagram_story,facebook_story,instagram_reels","When appetite drops, digestion changes. Support it.","Designed around slower gastric emptying, not general gut health.","Gut-first formulation","See the formula"
"LF1_GI_SPECIFIC_mythFact_clinical_0062_191x1.png","0062","GI_SPECIFIC","Digestive specificity","GLP-1 side effects","mythFact","clinical","grotesk","191x1","1200","628","facebook_right_column,audience_network","No laxatives in the formula.","Designed around slower gastric emptying, not general gut health.","Digestive Support · LF-1","View LF-1"
"LF1_GI_SPECIFIC_mythFact_clinical_0062_1x1.png","0062","GI_SPECIFIC","Digestive specificity","GLP-1 side effects","mythFact","clinical","grotesk","1x1","1080","1080","facebook_feed,instagram_feed","No laxatives in the formula.","Designed around slower gastric emptying, not general gut health.","Digestive Support · LF-1","View LF-1"
"LF1_GI_SPECIFIC_mythFact_clinical_0062_4x5.png","0062","GI_SPECIFIC","Digestive specificity","GLP-1 side effects","mythFact","clinical","grotesk","4x5","1080","1350","facebook_feed,instagram_feed","No laxatives in the formula.","Designed around slower gastric emptying, not general gut health.","Digestive Support · LF-1","View LF-1"
"LF1_GI_SPECIFIC_mythFact_clinical_0062_9x16.png","0062","GI_SPECIFIC","Digestive specificity","GLP-1 side effects","mythFact","clinical","grotesk","9x16","1080","1920","instagram_story,facebook_story,instagram_reels","No laxatives in the formula.","Designed around slower gastric emptying, not general gut health.","Digestive Support · LF-1","View LF-1"
"LF1_GI_SPECIFIC_mythFact_forest_0097_191x1.png","0097","GI_SPECIFIC","Digestive specificity","GLP-1 side effects","mythFact","forest","editorial","191x1","1200","628","facebook_right_column,audience_network","Whole ingredients. Zero compromise.","Two capsules with 6–8 oz of water, every morning.","Daily regularity support","See what’s in it"
"LF1_GI_SPECIFIC_mythFact_forest_0097_1x1.png","0097","GI_SPECIFIC","Digestive specificity","GLP-1 side effects","mythFact","forest","editorial","1x1","1080","1080","facebook_feed,instagram_feed","Whole ingredients. Zero compromise.","Two capsules with 6–8 oz of water, every morning.","Daily regularity support","See what’s in it"
"LF1_GI_SPECIFIC_mythFact_forest_0097_4x5.png","0097","GI_SPECIFIC","Digestive specificity","GLP-1 side effects","mythFact","forest","editorial","4x5","1080","1350","facebook_feed,instagram_feed","Whole ingredients. Zero compromise.","Two capsules with 6–8 oz of water, every morning.","Daily regularity support","See what’s in it"
"LF1_GI_SPECIFIC_mythFact_forest_0097_9x16.png","0097","GI_SPECIFIC","Digestive specificity","GLP-1 side effects","mythFact","forest","editorial","9x16","1080","1920","instagram_story,facebook_story,instagram_reels","Whole ingredients. Zero compromise.","Two capsules with 6–8 oz of water, every morning.","Daily regularity support","See what’s in it"
"LF1_GI_SPECIFIC_mythFact_ink_0093_191x1.png","0093","GI_SPECIFIC","Digestive specificity","GLP-1 side effects","mythFact","ink","impact","191x1","1200","628","facebook_right_column,audience_network","The daily step your gut was missing.","Appetite falls on a GLP-1 — digestion changes with it.","Digestive Support · LF-1","Learn more"
"LF1_GI_SPECIFIC_mythFact_ink_0093_1x1.png","0093","GI_SPECIFIC","Digestive specificity","GLP-1 side effects","mythFact","ink","impact","1x1","1080","1080","facebook_feed,instagram_feed","The daily step your gut was missing.","Appetite falls on a GLP-1 — digestion changes with it.","Digestive Support · LF-1","Learn more"
"LF1_GI_SPECIFIC_mythFact_ink_0093_4x5.png","0093","GI_SPECIFIC","Digestive specificity","GLP-1 side effects","mythFact","ink","impact","4x5","1080","1350","facebook_feed,instagram_feed","The daily step your gut was missing.","Appetite falls on a GLP-1 — digestion changes with it.","Digestive Support · LF-1","Learn more"
"LF1_GI_SPECIFIC_mythFact_ink_0093_9x16.png","0093","GI_SPECIFIC","Digestive specificity","GLP-1 side effects","mythFact","ink","impact","9x16","1080","1920","instagram_story,facebook_story,instagram_reels","The daily step your gut was missing.","Appetite falls on a GLP-1 — digestion changes with it.","Digestive Support · LF-1","Learn more"
"LF1_GI_SPECIFIC_mythFact_mint_0075_191x1.png","0075","GI_SPECIFIC","Digestive specificity","GLP-1 side effects","mythFact","mint","humanist","191x1","1200","628","facebook_right_column,audience_network","The unglamorous half of the journey.","Category: Digestive Support. Dose: two capsules daily.","Digestive support","View LF-1"
"LF1_GI_SPECIFIC_mythFact_mint_0075_1x1.png","0075","GI_SPECIFIC","Digestive specificity","GLP-1 side effects","mythFact","mint","humanist","1x1","1080","1080","facebook_feed,instagram_feed","The unglamorous half of the journey.","Category: Digestive Support. Dose: two capsules daily.","Digestive support","View LF-1"
"LF1_GI_SPECIFIC_mythFact_mint_0075_4x5.png","0075","GI_SPECIFIC","Digestive specificity","GLP-1 side effects","mythFact","mint","humanist","4x5","1080","1350","facebook_feed,instagram_feed","The unglamorous half of the journey.","Category: Digestive Support. Dose: two capsules daily.","Digestive support","View LF-1"
"LF1_GI_SPECIFIC_mythFact_mint_0075_9x16.png","0075","GI_SPECIFIC","Digestive specificity","GLP-1 side effects","mythFact","mint","humanist","9x16","1080","1920","instagram_story,facebook_story,instagram_reels","The unglamorous half of the journey.","Category: Digestive Support. Dose: two capsules daily.","Digestive support","View LF-1"
"LF1_GI_SPECIFIC_mythFact_mint_0109_191x1.png","0109","GI_SPECIFIC","Digestive specificity","GLP-1 side effects","mythFact","mint","grotesk","191x1","1200","628","facebook_right_column,audience_network","Digestive support that fits the protocol.","Two capsules with 6–8 oz of water, every morning.","Digestive Support · LF-1","Learn more"
"LF1_GI_SPECIFIC_mythFact_mint_0109_1x1.png","0109","GI_SPECIFIC","Digestive specificity","GLP-1 side effects","mythFact","mint","grotesk","1x1","1080","1080","facebook_feed,instagram_feed","Digestive support that fits the protocol.","Two capsules with 6–8 oz of water, every morning.","Digestive Support · LF-1","Learn more"
"LF1_GI_SPECIFIC_mythFact_mint_0109_4x5.png","0109","GI_SPECIFIC","Digestive specificity","GLP-1 side effects","mythFact","mint","grotesk","4x5","1080","1350","facebook_feed,instagram_feed","Digestive support that fits the protocol.","Two capsules with 6–8 oz of water, every morning.","Digestive Support · LF-1","Learn more"
"LF1_GI_SPECIFIC_mythFact_mint_0109_9x16.png","0109","GI_SPECIFIC","Digestive specificity","GLP-1 side effects","mythFact","mint","grotesk","9x16","1080","1920","instagram_story,facebook_story,instagram_reels","Digestive support that fits the protocol.","Two capsules with 6–8 oz of water, every morning.","Digestive Support · LF-1","Learn more"
"LF1_GI_SPECIFIC_mythFact_mint_0121_191x1.png","0121","GI_SPECIFIC","Digestive specificity","GLP-1 side effects","mythFact","mint","grotesk","191x1","1200","628","facebook_right_column,audience_network","Your gut is on this journey too.","Support the gut through the whole course.","Daily regularity support","Explore LF-1"
"LF1_GI_SPECIFIC_mythFact_mint_0121_1x1.png","0121","GI_SPECIFIC","Digestive specificity","GLP-1 side effects","mythFact","mint","grotesk","1x1","1080","1080","facebook_feed,instagram_feed","Your gut is on this journey too.","Support the gut through the whole course.","Daily regularity support","Explore LF-1"
"LF1_GI_SPECIFIC_mythFact_mint_0121_4x5.png","0121","GI_SPECIFIC","Digestive specificity","GLP-1 side effects","mythFact","mint","grotesk","4x5","1080","1350","facebook_feed,instagram_feed","Your gut is on this journey too.","Support the gut through the whole course.","Daily regularity support","Explore LF-1"
"LF1_GI_SPECIFIC_mythFact_mint_0121_9x16.png","0121","GI_SPECIFIC","Digestive specificity","GLP-1 side effects","mythFact","mint","grotesk","9x16","1080","1920","instagram_story,facebook_story,instagram_reels","Your gut is on this journey too.","Support the gut through the whole course.","Daily regularity support","Explore LF-1"
"LF1_GI_SPECIFIC_mythFact_sand_0090_191x1.png","0090","GI_SPECIFIC","Digestive specificity","GLP-1 side effects","mythFact","sand","luxe","191x1","1200","628","facebook_right_column,audience_network","Support that starts where the appetite stops.","A daily capsule made for GLP-1 digestion.","GI comfort, daily","Learn more"
"LF1_GI_SPECIFIC_mythFact_sand_0090_1x1.png","0090","GI_SPECIFIC","Digestive specificity","GLP-1 side effects","mythFact","sand","luxe","1x1","1080","1080","facebook_feed,instagram_feed","Support that starts where the appetite stops.","A daily capsule made for GLP-1 digestion.","GI comfort, daily","Learn more"
"LF1_GI_SPECIFIC_mythFact_sand_0090_4x5.png","0090","GI_SPECIFIC","Digestive specificity","GLP-1 side effects","mythFact","sand","luxe","4x5","1080","1350","facebook_feed,instagram_feed","Support that starts where the appetite stops.","A daily capsule made for GLP-1 digestion.","GI comfort, daily","Learn more"
"LF1_GI_SPECIFIC_mythFact_sand_0090_9x16.png","0090","GI_SPECIFIC","Digestive specificity","GLP-1 side effects","mythFact","sand","luxe","9x16","1080","1920","instagram_story,facebook_story,instagram_reels","Support that starts where the appetite stops.","A daily capsule made for GLP-1 digestion.","GI comfort, daily","Learn more"
"LF1_GI_SPECIFIC_notesApp_bone_0105_1x1.png","0105","GI_SPECIFIC","Digestive specificity","GLP-1 side effects","notesApp","bone","humanist","1x1","1080","1080","facebook_feed,instagram_feed","Gut support that understands the assignment.","A daily capsule made for GLP-1 digestion.","GI comfort, daily","See the formula"
"LF1_GI_SPECIFIC_notesApp_bone_0105_4x5.png","0105","GI_SPECIFIC","Digestive specificity","GLP-1 side effects","notesApp","bone","humanist","4x5","1080","1350","facebook_feed,instagram_feed","Gut support that understands the assignment.","A daily capsule made for GLP-1 digestion.","GI comfort, daily","See the formula"
"LF1_GI_SPECIFIC_notesApp_bone_0105_9x16.png","0105","GI_SPECIFIC","Digestive specificity","GLP-1 side effects","notesApp","bone","humanist","9x16","1080","1920","instagram_story,facebook_story,instagram_reels","Gut support that understands the assignment.","A daily capsule made for GLP-1 digestion.","GI comfort, daily","See the formula"
"LF1_GI_SPECIFIC_notesApp_forest_0082_1x1.png","0082","GI_SPECIFIC","Digestive specificity","GLP-1 side effects","notesApp","forest","impact","1x1","1080","1080","facebook_feed,instagram_feed","The gut half of GLP-1 support.","Category: Digestive Support. Dose: two capsules daily.","Daily regularity support","Shop LF-1"
"LF1_GI_SPECIFIC_notesApp_forest_0082_4x5.png","0082","GI_SPECIFIC","Digestive specificity","GLP-1 side effects","notesApp","forest","impact","4x5","1080","1350","facebook_feed,instagram_feed","The gut half of GLP-1 support.","Category: Digestive Support. Dose: two capsules daily.","Daily regularity support","Shop LF-1"
"LF1_GI_SPECIFIC_notesApp_forest_0082_9x16.png","0082","GI_SPECIFIC","Digestive specificity","GLP-1 side effects","notesApp","forest","impact","9x16","1080","1920","instagram_story,facebook_story,instagram_reels","The gut half of GLP-1 support.","Category: Digestive Support. Dose: two capsules daily.","Daily regularity support","Shop LF-1"
"LF1_GI_SPECIFIC_notesApp_sand_0120_1x1.png","0120","GI_SPECIFIC","Digestive specificity","GLP-1 side effects","notesApp","sand","luxe","1x1","1080","1080","facebook_feed,instagram_feed","Made for the mornings in between.","Made for the routine you’re already keeping.","Daily regularity support","Explore LF-1"
"LF1_GI_SPECIFIC_notesApp_sand_0120_4x5.png","0120","GI_SPECIFIC","Digestive specificity","GLP-1 side effects","notesApp","sand","luxe","4x5","1080","1350","facebook_feed,instagram_feed","Made for the mornings in between.","Made for the routine you’re already keeping.","Daily regularity support","Explore LF-1"
"LF1_GI_SPECIFIC_notesApp_sand_0120_9x16.png","0120","GI_SPECIFIC","Digestive specificity","GLP-1 side effects","notesApp","sand","luxe","9x16","1080","1920","instagram_story,facebook_story,instagram_reels","Made for the mornings in between.","Made for the routine you’re already keeping.","Daily regularity support","Explore LF-1"
"LF1_GI_SPECIFIC_prescriptionPair_clinical_0066_191x1.png","0066","GI_SPECIFIC","Digestive specificity","GLP-1 side effects","prescriptionPair","clinical","humanist","191x1","1200","628","facebook_right_column,audience_network","Slower digestion deserves smarter support.","LF-1 is formulated as daily digestive support for people on a GLP-1.","Gut-first formulation","Get LF-1"
"LF1_GI_SPECIFIC_prescriptionPair_clinical_0066_1x1.png","0066","GI_SPECIFIC","Digestive specificity","GLP-1 side effects","prescriptionPair","clinical","humanist","1x1","1080","1080","facebook_feed,instagram_feed","Slower digestion deserves smarter support.","LF-1 is formulated as daily digestive support for people on a GLP-1.","Gut-first formulation","Get LF-1"
"LF1_GI_SPECIFIC_prescriptionPair_clinical_0066_4x5.png","0066","GI_SPECIFIC","Digestive specificity","GLP-1 side effects","prescriptionPair","clinical","humanist","4x5","1080","1350","facebook_feed,instagram_feed","Slower digestion deserves smarter support.","LF-1 is formulated as daily digestive support for people on a GLP-1.","Gut-first formulation","Get LF-1"
"LF1_GI_SPECIFIC_prescriptionPair_clinical_0066_9x16.png","0066","GI_SPECIFIC","Digestive specificity","GLP-1 side effects","prescriptionPair","clinical","humanist","9x16","1080","1920","instagram_story,facebook_story,instagram_reels","Slower digestion deserves smarter support.","LF-1 is formulated as daily digestive support for people on a GLP-1.","Gut-first formulation","Get LF-1"
"LF1_GI_SPECIFIC_ruleStack_bone_0072_191x1.png","0072","GI_SPECIFIC","Digestive specificity","GLP-1 side effects","ruleStack","bone","editorial","191x1","1200","628","facebook_right_column,audience_network","Gut support that understands the assignment.","LF-1 is formulated as daily digestive support for people on a GLP-1.","Digestive support","Start with one month"
"LF1_GI_SPECIFIC_ruleStack_bone_0072_1x1.png","0072","GI_SPECIFIC","Digestive specificity","GLP-1 side effects","ruleStack","bone","editorial","1x1","1080","1080","facebook_feed,instagram_feed","Gut support that understands the assignment.","LF-1 is formulated as daily digestive support for people on a GLP-1.","Digestive support","Start with one month"
"LF1_GI_SPECIFIC_ruleStack_bone_0072_4x5.png","0072","GI_SPECIFIC","Digestive specificity","GLP-1 side effects","ruleStack","bone","editorial","4x5","1080","1350","facebook_feed,instagram_feed","Gut support that understands the assignment.","LF-1 is formulated as daily digestive support for people on a GLP-1.","Digestive support","Start with one month"
"LF1_GI_SPECIFIC_ruleStack_bone_0072_9x16.png","0072","GI_SPECIFIC","Digestive specificity","GLP-1 side effects","ruleStack","bone","editorial","9x16","1080","1920","instagram_story,facebook_story,instagram_reels","Gut support that understands the assignment.","LF-1 is formulated as daily digestive support for people on a GLP-1.","Digestive support","Start with one month"
"LF1_GI_SPECIFIC_ruleStack_clay_0068_191x1.png","0068","GI_SPECIFIC","Digestive specificity","GLP-1 side effects","ruleStack","clay","editorial","191x1","1200","628","facebook_right_column,audience_network","Regularity support, built for this routine.","LF-1 is formulated as daily digestive support for people on a GLP-1.","GI comfort, daily","See what’s in it"
"LF1_GI_SPECIFIC_ruleStack_clay_0068_1x1.png","0068","GI_SPECIFIC","Digestive specificity","GLP-1 side effects","ruleStack","clay","editorial","1x1","1080","1080","facebook_feed,instagram_feed","Regularity support, built for this routine.","LF-1 is formulated as daily digestive support for people on a GLP-1.","GI comfort, daily","See what’s in it"
"LF1_GI_SPECIFIC_ruleStack_clay_0068_4x5.png","0068","GI_SPECIFIC","Digestive specificity","GLP-1 side effects","ruleStack","clay","editorial","4x5","1080","1350","facebook_feed,instagram_feed","Regularity support, built for this routine.","LF-1 is formulated as daily digestive support for people on a GLP-1.","GI comfort, daily","See what’s in it"
"LF1_GI_SPECIFIC_ruleStack_clay_0068_9x16.png","0068","GI_SPECIFIC","Digestive specificity","GLP-1 side effects","ruleStack","clay","editorial","9x16","1080","1920","instagram_story,facebook_story,instagram_reels","Regularity support, built for this routine.","LF-1 is formulated as daily digestive support for people on a GLP-1.","GI comfort, daily","See what’s in it"
"LF1_GI_SPECIFIC_ruleStack_clinical_0065_191x1.png","0065","GI_SPECIFIC","Digestive specificity","GLP-1 side effects","ruleStack","clinical","condensed","191x1","1200","628","facebook_right_column,audience_network","Digestive comfort, on a GLP-1 schedule.","LF-1 is formulated as daily digestive support for people on a GLP-1.","Digestive support","Shop now"
"LF1_GI_SPECIFIC_ruleStack_clinical_0065_1x1.png","0065","GI_SPECIFIC","Digestive specificity","GLP-1 side effects","ruleStack","clinical","condensed","1x1","1080","1080","facebook_feed,instagram_feed","Digestive comfort, on a GLP-1 schedule.","LF-1 is formulated as daily digestive support for people on a GLP-1.","Digestive support","Shop now"
"LF1_GI_SPECIFIC_ruleStack_clinical_0065_4x5.png","0065","GI_SPECIFIC","Digestive specificity","GLP-1 side effects","ruleStack","clinical","condensed","4x5","1080","1350","facebook_feed,instagram_feed","Digestive comfort, on a GLP-1 schedule.","LF-1 is formulated as daily digestive support for people on a GLP-1.","Digestive support","Shop now"
"LF1_GI_SPECIFIC_ruleStack_clinical_0065_9x16.png","0065","GI_SPECIFIC","Digestive specificity","GLP-1 side effects","ruleStack","clinical","condensed","9x16","1080","1920","instagram_story,facebook_story,instagram_reels","Digestive comfort, on a GLP-1 schedule.","LF-1 is formulated as daily digestive support for people on a GLP-1.","Digestive support","Shop now"
"LF1_GI_SPECIFIC_ruleStack_clinical_0106_191x1.png","0106","GI_SPECIFIC","Digestive specificity","GLP-1 side effects","ruleStack","clinical","condensed","191x1","1200","628","facebook_right_column,audience_network","Made for how a GLP-1 actually works.","Category: Digestive Support. Dose: two capsules daily.","Digestive support","Get LF-1"
"LF1_GI_SPECIFIC_ruleStack_clinical_0106_1x1.png","0106","GI_SPECIFIC","Digestive specificity","GLP-1 side effects","ruleStack","clinical","condensed","1x1","1080","1080","facebook_feed,instagram_feed","Made for how a GLP-1 actually works.","Category: Digestive Support. Dose: two capsules daily.","Digestive support","Get LF-1"
"LF1_GI_SPECIFIC_ruleStack_clinical_0106_4x5.png","0106","GI_SPECIFIC","Digestive specificity","GLP-1 side effects","ruleStack","clinical","condensed","4x5","1080","1350","facebook_feed,instagram_feed","Made for how a GLP-1 actually works.","Category: Digestive Support. Dose: two capsules daily.","Digestive support","Get LF-1"
"LF1_GI_SPECIFIC_ruleStack_clinical_0106_9x16.png","0106","GI_SPECIFIC","Digestive specificity","GLP-1 side effects","ruleStack","clinical","condensed","9x16","1080","1920","instagram_story,facebook_story,instagram_reels","Made for how a GLP-1 actually works.","Category: Digestive Support. Dose: two capsules daily.","Digestive support","Get LF-1"
"LF1_GI_SPECIFIC_ruleStack_mint_0107_191x1.png","0107","GI_SPECIFIC","Digestive specificity","GLP-1 side effects","ruleStack","mint","grotesk","191x1","1200","628","facebook_right_column,audience_network","Comfort is part of progress.","Support the gut through the whole course.","Digestive Support · LF-1","See the formula"
"LF1_GI_SPECIFIC_ruleStack_mint_0107_1x1.png","0107","GI_SPECIFIC","Digestive specificity","GLP-1 side effects","ruleStack","mint","grotesk","1x1","1080","1080","facebook_feed,instagram_feed","Comfort is part of progress.","Support the gut through the whole course.","Digestive Support · LF-1","See the formula"
"LF1_GI_SPECIFIC_ruleStack_mint_0107_4x5.png","0107","GI_SPECIFIC","Digestive specificity","GLP-1 side effects","ruleStack","mint","grotesk","4x5","1080","1350","facebook_feed,instagram_feed","Comfort is part of progress.","Support the gut through the whole course.","Digestive Support · LF-1","See the formula"
"LF1_GI_SPECIFIC_ruleStack_mint_0107_9x16.png","0107","GI_SPECIFIC","Digestive specificity","GLP-1 side effects","ruleStack","mint","grotesk","9x16","1080","1920","instagram_story,facebook_story,instagram_reels","Comfort is part of progress.","Support the gut through the whole course.","Digestive Support · LF-1","See the formula"
"LF1_GI_SPECIFIC_searchBar_clay_0111_1x1.png","0111","GI_SPECIFIC","Digestive specificity","GLP-1 side effects","searchBar","clay","luxe","1x1","1080","1080","facebook_feed,instagram_feed","For GLP-1 routines that need a steadier gut.","Support the gut through the whole course.","Digestive support","See the formula"
"LF1_GI_SPECIFIC_searchBar_clay_0111_4x5.png","0111","GI_SPECIFIC","Digestive specificity","GLP-1 side effects","searchBar","clay","luxe","4x5","1080","1350","facebook_feed,instagram_feed","For GLP-1 routines that need a steadier gut.","Support the gut through the whole course.","Digestive support","See the formula"
"LF1_GI_SPECIFIC_searchBar_clay_0111_9x16.png","0111","GI_SPECIFIC","Digestive specificity","GLP-1 side effects","searchBar","clay","luxe","9x16","1080","1920","instagram_story,facebook_story,instagram_reels","For GLP-1 routines that need a steadier gut.","Support the gut through the whole course.","Digestive support","See the formula"
"LF1_GI_SPECIFIC_searchBar_clay_0118_1x1.png","0118","GI_SPECIFIC","Digestive specificity","GLP-1 side effects","searchBar","clay","luxe","1x1","1080","1080","facebook_feed,instagram_feed","Slower gut. Steadier support.","Category: Digestive Support. Dose: two capsules daily.","GI comfort, daily","Start with one month"
"LF1_GI_SPECIFIC_searchBar_clay_0118_4x5.png","0118","GI_SPECIFIC","Digestive specificity","GLP-1 side effects","searchBar","clay","luxe","4x5","1080","1350","facebook_feed,instagram_feed","Slower gut. Steadier support.","Category: Digestive Support. Dose: two capsules daily.","GI comfort, daily","Start with one month"
"LF1_GI_SPECIFIC_searchBar_clay_0118_9x16.png","0118","GI_SPECIFIC","Digestive specificity","GLP-1 side effects","searchBar","clay","luxe","9x16","1080","1920","instagram_story,facebook_story,instagram_reels","Slower gut. Steadier support.","Category: Digestive Support. Dose: two capsules daily.","GI comfort, daily","Start with one month"
"LF1_GI_SPECIFIC_searchBar_clay_0123_1x1.png","0123","GI_SPECIFIC","Digestive specificity","GLP-1 side effects","searchBar","clay","luxe","1x1","1080","1080","facebook_feed,instagram_feed","Digestion changes on a GLP-1. Plan for it.","LF-1 is formulated as daily digestive support for people on a GLP-1.","GI comfort, daily","Shop LF-1"
"LF1_GI_SPECIFIC_searchBar_clay_0123_4x5.png","0123","GI_SPECIFIC","Digestive specificity","GLP-1 side effects","searchBar","clay","luxe","4x5","1080","1350","facebook_feed,instagram_feed","Digestion changes on a GLP-1. Plan for it.","LF-1 is formulated as daily digestive support for people on a GLP-1.","GI comfort, daily","Shop LF-1"
"LF1_GI_SPECIFIC_searchBar_clay_0123_9x16.png","0123","GI_SPECIFIC","Digestive specificity","GLP-1 side effects","searchBar","clay","luxe","9x16","1080","1920","instagram_story,facebook_story,instagram_reels","Digestion changes on a GLP-1. Plan for it.","LF-1 is formulated as daily digestive support for people on a GLP-1.","GI comfort, daily","Shop LF-1"
"LF1_GI_SPECIFIC_searchBar_clay_0125_1x1.png","0125","GI_SPECIFIC","Digestive specificity","GLP-1 side effects","searchBar","clay","editorial","1x1","1080","1080","facebook_feed,instagram_feed","The daily step your gut was missing.","LF-1 is formulated as daily digestive support for people on a GLP-1.","GI comfort, daily","Read the label"
"LF1_GI_SPECIFIC_searchBar_clay_0125_4x5.png","0125","GI_SPECIFIC","Digestive specificity","GLP-1 side effects","searchBar","clay","editorial","4x5","1080","1350","facebook_feed,instagram_feed","The daily step your gut was missing.","LF-1 is formulated as daily digestive support for people on a GLP-1.","GI comfort, daily","Read the label"
"LF1_GI_SPECIFIC_searchBar_clay_0125_9x16.png","0125","GI_SPECIFIC","Digestive specificity","GLP-1 side effects","searchBar","clay","editorial","9x16","1080","1920","instagram_story,facebook_story,instagram_reels","The daily step your gut was missing.","LF-1 is formulated as daily digestive support for people on a GLP-1.","GI comfort, daily","Read the label"
"LF1_GI_SPECIFIC_searchBar_forest_0103_1x1.png","0103","GI_SPECIFIC","Digestive specificity","GLP-1 side effects","searchBar","forest","editorial","1x1","1080","1080","facebook_feed,instagram_feed","A GLP-1 slows things down. LF-1 supports the rest.","LF-1 is formulated as daily digestive support for people on a GLP-1.","Gut-first formulation","Learn more"
"LF1_GI_SPECIFIC_searchBar_forest_0103_4x5.png","0103","GI_SPECIFIC","Digestive specificity","GLP-1 side effects","searchBar","forest","editorial","4x5","1080","1350","facebook_feed,instagram_feed","A GLP-1 slows things down. LF-1 supports the rest.","LF-1 is formulated as daily digestive support for people on a GLP-1.","Gut-first formulation","Learn more"
"LF1_GI_SPECIFIC_searchBar_forest_0103_9x16.png","0103","GI_SPECIFIC","Digestive specificity","GLP-1 side effects","searchBar","forest","editorial","9x16","1080","1920","instagram_story,facebook_story,instagram_reels","A GLP-1 slows things down. LF-1 supports the rest.","LF-1 is formulated as daily digestive support for people on a GLP-1.","Gut-first formulation","Learn more"
"LF1_GI_SPECIFIC_searchBar_forest_0104_1x1.png","0104","GI_SPECIFIC","Digestive specificity","GLP-1 side effects","searchBar","forest","editorial","1x1","1080","1080","facebook_feed,instagram_feed","Daily digestive support. Nothing dramatic.","Support the gut through the whole course.","Digestive support","Explore LF-1"
"LF1_GI_SPECIFIC_searchBar_forest_0104_4x5.png","0104","GI_SPECIFIC","Digestive specificity","GLP-1 side effects","searchBar","forest","editorial","4x5","1080","1350","facebook_feed,instagram_feed","Daily digestive support. Nothing dramatic.","Support the gut through the whole course.","Digestive support","Explore LF-1"
"LF1_GI_SPECIFIC_searchBar_forest_0104_9x16.png","0104","GI_SPECIFIC","Digestive specificity","GLP-1 side effects","searchBar","forest","editorial","9x16","1080","1920","instagram_story,facebook_story,instagram_reels","Daily digestive support. Nothing dramatic.","Support the gut through the whole course.","Digestive support","Explore LF-1"
"LF1_GI_SPECIFIC_searchBar_mint_0073_1x1.png","0073","GI_SPECIFIC","Digestive specificity","GLP-1 side effects","searchBar","mint","grotesk","1x1","1080","1080","facebook_feed,instagram_feed","Made for how a GLP-1 actually works.","Category: Digestive Support. Dose: two capsules daily.","Digestive support","View LF-1"
"LF1_GI_SPECIFIC_searchBar_mint_0073_4x5.png","0073","GI_SPECIFIC","Digestive specificity","GLP-1 side effects","searchBar","mint","grotesk","4x5","1080","1350","facebook_feed,instagram_feed","Made for how a GLP-1 actually works.","Category: Digestive Support. Dose: two capsules daily.","Digestive support","View LF-1"
"LF1_GI_SPECIFIC_searchBar_mint_0073_9x16.png","0073","GI_SPECIFIC","Digestive specificity","GLP-1 side effects","searchBar","mint","grotesk","9x16","1080","1920","instagram_story,facebook_story,instagram_reels","Made for how a GLP-1 actually works.","Category: Digestive Support. Dose: two capsules daily.","Digestive support","View LF-1"
"LF1_GI_SPECIFIC_searchBar_sage_0064_1x1.png","0064","GI_SPECIFIC","Digestive specificity","GLP-1 side effects","searchBar","sage","grotesk","1x1","1080","1080","facebook_feed,instagram_feed","Whole ingredients. Zero compromise.","Category: Digestive Support. Dose: two capsules daily.","GI comfort, daily","View LF-1"
"LF1_GI_SPECIFIC_searchBar_sage_0064_4x5.png","0064","GI_SPECIFIC","Digestive specificity","GLP-1 side effects","searchBar","sage","grotesk","4x5","1080","1350","facebook_feed,instagram_feed","Whole ingredients. Zero compromise.","Category: Digestive Support. Dose: two capsules daily.","GI comfort, daily","View LF-1"
"LF1_GI_SPECIFIC_searchBar_sage_0064_9x16.png","0064","GI_SPECIFIC","Digestive specificity","GLP-1 side effects","searchBar","sage","grotesk","9x16","1080","1920","instagram_story,facebook_story,instagram_reels","Whole ingredients. Zero compromise.","Category: Digestive Support. Dose: two capsules daily.","GI comfort, daily","View LF-1"
"LF1_GI_SPECIFIC_searchBar_sage_0083_1x1.png","0083","GI_SPECIFIC","Digestive specificity","GLP-1 side effects","searchBar","sage","humanist","1x1","1080","1080","facebook_feed,instagram_feed","Because comfort shouldn’t be the trade-off.","Designed around slower gastric emptying, not general gut health.","Daily regularity support","Read the label"
"LF1_GI_SPECIFIC_searchBar_sage_0083_4x5.png","0083","GI_SPECIFIC","Digestive specificity","GLP-1 side effects","searchBar","sage","humanist","4x5","1080","1350","facebook_feed,instagram_feed","Because comfort shouldn’t be the trade-off.","Designed around slower gastric emptying, not general gut health.","Daily regularity support","Read the label"
"LF1_GI_SPECIFIC_searchBar_sage_0083_9x16.png","0083","GI_SPECIFIC","Digestive specificity","GLP-1 side effects","searchBar","sage","humanist","9x16","1080","1920","instagram_story,facebook_story,instagram_reels","Because comfort shouldn’t be the trade-off.","Designed around slower gastric emptying, not general gut health.","Daily regularity support","Read the label"
"LF1_GI_SPECIFIC_searchBar_sage_0092_1x1.png","0092","GI_SPECIFIC","Digestive specificity","GLP-1 side effects","searchBar","sage","humanist","1x1","1080","1080","facebook_feed,instagram_feed","Built for GLP-1 digestion, not general wellness.","LF-1 is formulated as daily digestive support for people on a GLP-1.","Digestive support","See the formula"
"LF1_GI_SPECIFIC_searchBar_sage_0092_4x5.png","0092","GI_SPECIFIC","Digestive specificity","GLP-1 side effects","searchBar","sage","humanist","4x5","1080","1350","facebook_feed,instagram_feed","Built for GLP-1 digestion, not general wellness.","LF-1 is formulated as daily digestive support for people on a GLP-1.","Digestive support","See the formula"
"LF1_GI_SPECIFIC_searchBar_sage_0092_9x16.png","0092","GI_SPECIFIC","Digestive specificity","GLP-1 side effects","searchBar","sage","humanist","9x16","1080","1920","instagram_story,facebook_story,instagram_reels","Built for GLP-1 digestion, not general wellness.","LF-1 is formulated as daily digestive support for people on a GLP-1.","Digestive support","See the formula"
"LF1_GI_SPECIFIC_searchBar_sand_0087_1x1.png","0087","GI_SPECIFIC","Digestive specificity","GLP-1 side effects","searchBar","sand","editorial","1x1","1080","1080","facebook_feed,instagram_feed","Digestive support, minus the drama.","LF-1 is formulated as daily digestive support for people on a GLP-1.","Digestive Support · LF-1","Shop LF-1"
"LF1_GI_SPECIFIC_searchBar_sand_0087_4x5.png","0087","GI_SPECIFIC","Digestive specificity","GLP-1 side effects","searchBar","sand","editorial","4x5","1080","1350","facebook_feed,instagram_feed","Digestive support, minus the drama.","LF-1 is formulated as daily digestive support for people on a GLP-1.","Digestive Support · LF-1","Shop LF-1"
"LF1_GI_SPECIFIC_searchBar_sand_0087_9x16.png","0087","GI_SPECIFIC","Digestive specificity","GLP-1 side effects","searchBar","sand","editorial","9x16","1080","1920","instagram_story,facebook_story,instagram_reels","Digestive support, minus the drama.","LF-1 is formulated as daily digestive support for people on a GLP-1.","Digestive Support · LF-1","Shop LF-1"
"LF1_GI_SPECIFIC_searchBar_sand_0094_1x1.png","0094","GI_SPECIFIC","Digestive specificity","GLP-1 side effects","searchBar","sand","luxe","1x1","1080","1080","facebook_feed,instagram_feed","Built for a GLP-1 gut.","Two capsules with 6–8 oz of water, every morning.","Digestive Support · LF-1","See what’s in it"
"LF1_GI_SPECIFIC_searchBar_sand_0094_4x5.png","0094","GI_SPECIFIC","Digestive specificity","GLP-1 side effects","searchBar","sand","luxe","4x5","1080","1350","facebook_feed,instagram_feed","Built for a GLP-1 gut.","Two capsules with 6–8 oz of water, every morning.","Digestive Support · LF-1","See what’s in it"
"LF1_GI_SPECIFIC_searchBar_sand_0094_9x16.png","0094","GI_SPECIFIC","Digestive specificity","GLP-1 side effects","searchBar","sand","luxe","9x16","1080","1920","instagram_story,facebook_story,instagram_reels","Built for a GLP-1 gut.","Two capsules with 6–8 oz of water, every morning.","Digestive Support · LF-1","See what’s in it"
"LF1_GI_SPECIFIC_splitPanel_clay_0069_191x1.png","0069","GI_SPECIFIC","Digestive specificity","GLP-1 side effects","splitPanel","clay","editorial","191x1","1200","628","facebook_right_column,audience_network","For the part of the journey nobody posts about.","Two capsules with 6–8 oz of water, every morning.","GI comfort, daily","See what’s in it"
"LF1_GI_SPECIFIC_splitPanel_clay_0069_1x1.png","0069","GI_SPECIFIC","Digestive specificity","GLP-1 side effects","splitPanel","clay","editorial","1x1","1080","1080","facebook_feed,instagram_feed","For the part of the journey nobody posts about.","Two capsules with 6–8 oz of water, every morning.","GI comfort, daily","See what’s in it"
"LF1_GI_SPECIFIC_splitPanel_clay_0069_4x5.png","0069","GI_SPECIFIC","Digestive specificity","GLP-1 side effects","splitPanel","clay","editorial","4x5","1080","1350","facebook_feed,instagram_feed","For the part of the journey nobody posts about.","Two capsules with 6–8 oz of water, every morning.","GI comfort, daily","See what’s in it"
"LF1_GI_SPECIFIC_splitPanel_clay_0069_9x16.png","0069","GI_SPECIFIC","Digestive specificity","GLP-1 side effects","splitPanel","clay","editorial","9x16","1080","1920","instagram_story,facebook_story,instagram_reels","For the part of the journey nobody posts about.","Two capsules with 6–8 oz of water, every morning.","GI comfort, daily","See what’s in it"
"LF1_GI_SPECIFIC_splitPanel_clay_0110_191x1.png","0110","GI_SPECIFIC","Digestive specificity","GLP-1 side effects","splitPanel","clay","editorial","191x1","1200","628","facebook_right_column,audience_network","When appetite drops, digestion changes. Support it.","Designed around slower gastric emptying, not general gut health.","Gut-first formulation","See the formula"
"LF1_GI_SPECIFIC_splitPanel_clay_0116_191x1.png","0116","GI_SPECIFIC","Digestive specificity","GLP-1 side effects","splitPanel","clay","editorial","191x1","1200","628","facebook_right_column,audience_network","Daily support for GLP-1 digestion.","Two capsules with 6–8 oz of water, every morning.","Digestive Support · LF-1","See the formula"
"LF1_GI_SPECIFIC_splitPanel_clay_0116_1x1.png","0116","GI_SPECIFIC","Digestive specificity","GLP-1 side effects","splitPanel","clay","editorial","1x1","1080","1080","facebook_feed,instagram_feed","Daily support for GLP-1 digestion.","Two capsules with 6–8 oz of water, every morning.","Digestive Support · LF-1","See the formula"
"LF1_GI_SPECIFIC_splitPanel_clay_0116_4x5.png","0116","GI_SPECIFIC","Digestive specificity","GLP-1 side effects","splitPanel","clay","editorial","4x5","1080","1350","facebook_feed,instagram_feed","Daily support for GLP-1 digestion.","Two capsules with 6–8 oz of water, every morning.","Digestive Support · LF-1","See the formula"
"LF1_GI_SPECIFIC_splitPanel_clay_0116_9x16.png","0116","GI_SPECIFIC","Digestive specificity","GLP-1 side effects","splitPanel","clay","editorial","9x16","1080","1920","instagram_story,facebook_story,instagram_reels","Daily support for GLP-1 digestion.","Two capsules with 6–8 oz of water, every morning.","Digestive Support · LF-1","See the formula"
"LF1_GI_SPECIFIC_splitPanel_clay_0122_191x1.png","0122","GI_SPECIFIC","Digestive specificity","GLP-1 side effects","splitPanel","clay","editorial","191x1","1200","628","facebook_right_column,audience_network","Support that starts where the appetite stops.","Designed around slower gastric emptying, not general gut health.","GI comfort, daily","Get LF-1"
"LF1_GI_SPECIFIC_splitPanel_clay_0122_1x1.png","0122","GI_SPECIFIC","Digestive specificity","GLP-1 side effects","splitPanel","clay","editorial","1x1","1080","1080","facebook_feed,instagram_feed","Support that starts where the appetite stops.","Designed around slower gastric emptying, not general gut health.","GI comfort, daily","Get LF-1"
"LF1_GI_SPECIFIC_splitPanel_clay_0122_4x5.png","0122","GI_SPECIFIC","Digestive specificity","GLP-1 side effects","splitPanel","clay","editorial","4x5","1080","1350","facebook_feed,instagram_feed","Support that starts where the appetite stops.","Designed around slower gastric emptying, not general gut health.","GI comfort, daily","Get LF-1"
"LF1_GI_SPECIFIC_splitPanel_clay_0122_9x16.png","0122","GI_SPECIFIC","Digestive specificity","GLP-1 side effects","splitPanel","clay","editorial","9x16","1080","1920","instagram_story,facebook_story,instagram_reels","Support that starts where the appetite stops.","Designed around slower gastric emptying, not general gut health.","GI comfort, daily","Get LF-1"
"LF1_GI_SPECIFIC_splitPanel_clinical_0100_191x1.png","0100","GI_SPECIFIC","Digestive specificity","GLP-1 side effects","splitPanel","clinical","humanist","191x1","1200","628","facebook_right_column,audience_network","GLP-1 mornings, made easier.","Category: Digestive Support. Dose: two capsules daily.","Gut-first formulation","Explore LF-1"
"LF1_GI_SPECIFIC_splitPanel_clinical_0100_1x1.png","0100","GI_SPECIFIC","Digestive specificity","GLP-1 side effects","splitPanel","clinical","humanist","1x1","1080","1080","facebook_feed,instagram_feed","GLP-1 mornings, made easier.","Category: Digestive Support. Dose: two capsules daily.","Gut-first formulation","Explore LF-1"
"LF1_GI_SPECIFIC_splitPanel_clinical_0100_4x5.png","0100","GI_SPECIFIC","Digestive specificity","GLP-1 side effects","splitPanel","clinical","humanist","4x5","1080","1350","facebook_feed,instagram_feed","GLP-1 mornings, made easier.","Category: Digestive Support. Dose: two capsules daily.","Gut-first formulation","Explore LF-1"
"LF1_GI_SPECIFIC_splitPanel_clinical_0100_9x16.png","0100","GI_SPECIFIC","Digestive specificity","GLP-1 side effects","splitPanel","clinical","humanist","9x16","1080","1920","instagram_story,facebook_story,instagram_reels","GLP-1 mornings, made easier.","Category: Digestive Support. Dose: two capsules daily.","Gut-first formulation","Explore LF-1"
"LF1_GI_SPECIFIC_splitPanel_clinical_0112_191x1.png","0112","GI_SPECIFIC","Digestive specificity","GLP-1 side effects","splitPanel","clinical","grotesk","191x1","1200","628","facebook_right_column,audience_network","Formulated for slower digestion.","Category: Digestive Support. Dose: two capsules daily.","Digestive support","Learn more"
"LF1_GI_SPECIFIC_splitPanel_clinical_0112_1x1.png","0112","GI_SPECIFIC","Digestive specificity","GLP-1 side effects","splitPanel","clinical","grotesk","1x1","1080","1080","facebook_feed,instagram_feed","Formulated for slower digestion.","Category: Digestive Support. Dose: two capsules daily.","Digestive support","Learn more"
"LF1_GI_SPECIFIC_splitPanel_clinical_0112_4x5.png","0112","GI_SPECIFIC","Digestive specificity","GLP-1 side effects","splitPanel","clinical","grotesk","4x5","1080","1350","facebook_feed,instagram_feed","Formulated for slower digestion.","Category: Digestive Support. Dose: two capsules daily.","Digestive support","Learn more"
"LF1_GI_SPECIFIC_splitPanel_clinical_0112_9x16.png","0112","GI_SPECIFIC","Digestive specificity","GLP-1 side effects","splitPanel","clinical","grotesk","9x16","1080","1920","instagram_story,facebook_story,instagram_reels","Formulated for slower digestion.","Category: Digestive Support. Dose: two capsules daily.","Digestive support","Learn more"
"LF1_GI_SPECIFIC_splitPanel_forest_0124_191x1.png","0124","GI_SPECIFIC","Digestive specificity","GLP-1 side effects","splitPanel","forest","luxe","191x1","1200","628","facebook_right_column,audience_network","Built for GLP-1 digestion, not general wellness.","A daily capsule made for GLP-1 digestion.","Daily regularity support","Read the label"
"LF1_GI_SPECIFIC_splitPanel_forest_0124_1x1.png","0124","GI_SPECIFIC","Digestive specificity","GLP-1 side effects","splitPanel","forest","luxe","1x1","1080","1080","facebook_feed,instagram_feed","Built for GLP-1 digestion, not general wellness.","A daily capsule made for GLP-1 digestion.","Daily regularity support","Read the label"
"LF1_GI_SPECIFIC_splitPanel_forest_0124_4x5.png","0124","GI_SPECIFIC","Digestive specificity","GLP-1 side effects","splitPanel","forest","luxe","4x5","1080","1350","facebook_feed,instagram_feed","Built for GLP-1 digestion, not general wellness.","A daily capsule made for GLP-1 digestion.","Daily regularity support","Read the label"
"LF1_GI_SPECIFIC_splitPanel_forest_0124_9x16.png","0124","GI_SPECIFIC","Digestive specificity","GLP-1 side effects","splitPanel","forest","luxe","9x16","1080","1920","instagram_story,facebook_story,instagram_reels","Built for GLP-1 digestion, not general wellness.","A daily capsule made for GLP-1 digestion.","Daily regularity support","Read the label"
"LF1_GI_SPECIFIC_splitPanel_mint_0099_191x1.png","0099","GI_SPECIFIC","Digestive specificity","GLP-1 side effects","splitPanel","mint","humanist","191x1","1200","628","facebook_right_column,audience_network","Slower digestion deserves smarter support.","Two capsules with 6–8 oz of water, every morning.","Digestive support","Start with one month"
"LF1_GI_SPECIFIC_splitPanel_mint_0099_1x1.png","0099","GI_SPECIFIC","Digestive specificity","GLP-1 side effects","splitPanel","mint","humanist","1x1","1080","1080","facebook_feed,instagram_feed","Slower digestion deserves smarter support.","Two capsules with 6–8 oz of water, every morning.","Digestive support","Start with one month"
"LF1_GI_SPECIFIC_splitPanel_mint_0099_4x5.png","0099","GI_SPECIFIC","Digestive specificity","GLP-1 side effects","splitPanel","mint","humanist","4x5","1080","1350","facebook_feed,instagram_feed","Slower digestion deserves smarter support.","Two capsules with 6–8 oz of water, every morning.","Digestive support","Start with one month"
"LF1_GI_SPECIFIC_splitPanel_mint_0099_9x16.png","0099","GI_SPECIFIC","Digestive specificity","GLP-1 side effects","splitPanel","mint","humanist","9x16","1080","1920","instagram_story,facebook_story,instagram_reels","Slower digestion deserves smarter support.","Two capsules with 6–8 oz of water, every morning.","Digestive support","Start with one month"
"LF1_GI_SPECIFIC_stickyNote_forest_0119_191x1.png","0119","GI_SPECIFIC","Digestive specificity","GLP-1 side effects","stickyNote","forest","editorial","191x1","1200","628","facebook_right_column,audience_network","Digestive support, minus the drama.","Designed around slower gastric emptying, not general gut health.","Daily regularity support","Get LF-1"
"LF1_GI_SPECIFIC_stickyNote_forest_0119_1x1.png","0119","GI_SPECIFIC","Digestive specificity","GLP-1 side effects","stickyNote","forest","editorial","1x1","1080","1080","facebook_feed,instagram_feed","Digestive support, minus the drama.","Designed around slower gastric emptying, not general gut health.","Daily regularity support","Get LF-1"
"LF1_GI_SPECIFIC_stickyNote_forest_0119_4x5.png","0119","GI_SPECIFIC","Digestive specificity","GLP-1 side effects","stickyNote","forest","editorial","4x5","1080","1350","facebook_feed,instagram_feed","Digestive support, minus the drama.","Designed around slower gastric emptying, not general gut health.","Daily regularity support","Get LF-1"
"LF1_GI_SPECIFIC_stickyNote_forest_0119_9x16.png","0119","GI_SPECIFIC","Digestive specificity","GLP-1 side effects","stickyNote","forest","editorial","9x16","1080","1920","instagram_story,facebook_story,instagram_reels","Digestive support, minus the drama.","Designed around slower gastric emptying, not general gut health.","Daily regularity support","Get LF-1"
"LF1_GI_SPECIFIC_timeline_bone_0063_191x1.png","0063","GI_SPECIFIC","Digestive specificity","GLP-1 side effects","timeline","bone","luxe","191x1","1200","628","facebook_right_column,audience_network","Built for injections and oral GLP-1s alike.","Made for the routine you’re already keeping.","GI comfort, daily","Read the label"
"LF1_GI_SPECIFIC_timeline_bone_0063_1x1.png","0063","GI_SPECIFIC","Digestive specificity","GLP-1 side effects","timeline","bone","luxe","1x1","1080","1080","facebook_feed,instagram_feed","Built for injections and oral GLP-1s alike.","Made for the routine you’re already keeping.","GI comfort, daily","Read the label"
"LF1_GI_SPECIFIC_timeline_bone_0063_4x5.png","0063","GI_SPECIFIC","Digestive specificity","GLP-1 side effects","timeline","bone","luxe","4x5","1080","1350","facebook_feed,instagram_feed","Built for injections and oral GLP-1s alike.","Made for the routine you’re already keeping.","GI comfort, daily","Read the label"
"LF1_GI_SPECIFIC_timeline_bone_0063_9x16.png","0063","GI_SPECIFIC","Digestive specificity","GLP-1 side effects","timeline","bone","luxe","9x16","1080","1920","instagram_story,facebook_story,instagram_reels","Built for injections and oral GLP-1s alike.","Made for the routine you’re already keeping.","GI comfort, daily","Read the label"
"LF1_GI_SPECIFIC_timeline_clay_0079_191x1.png","0079","GI_SPECIFIC","Digestive specificity","GLP-1 side effects","timeline","clay","luxe","191x1","1200","628","facebook_right_column,audience_network","Formulated for slower digestion.","Appetite falls on a GLP-1 — digestion changes with it.","Digestive Support · LF-1","See what’s in it"
"LF1_GI_SPECIFIC_timeline_clay_0079_1x1.png","0079","GI_SPECIFIC","Digestive specificity","GLP-1 side effects","timeline","clay","luxe","1x1","1080","1080","facebook_feed,instagram_feed","Formulated for slower digestion.","Appetite falls on a GLP-1 — digestion changes with it.","Digestive Support · LF-1","See what’s in it"
"LF1_GI_SPECIFIC_timeline_clay_0079_4x5.png","0079","GI_SPECIFIC","Digestive specificity","GLP-1 side effects","timeline","clay","luxe","4x5","1080","1350","facebook_feed,instagram_feed","Formulated for slower digestion.","Appetite falls on a GLP-1 — digestion changes with it.","Digestive Support · LF-1","See what’s in it"
"LF1_GI_SPECIFIC_timeline_clay_0079_9x16.png","0079","GI_SPECIFIC","Digestive specificity","GLP-1 side effects","timeline","clay","luxe","9x16","1080","1920","instagram_story,facebook_story,instagram_reels","Formulated for slower digestion.","Appetite falls on a GLP-1 — digestion changes with it.","Digestive Support · LF-1","See what’s in it"
"LF1_GI_SPECIFIC_timeline_clinical_0114_191x1.png","0114","GI_SPECIFIC","Digestive specificity","GLP-1 side effects","timeline","clinical","condensed","191x1","1200","628","facebook_right_column,audience_network","The gut half of GLP-1 support.","LF-1 is formulated as daily digestive support for people on a GLP-1.","Gut-first formulation","Shop now"
"LF1_GI_SPECIFIC_timeline_clinical_0114_1x1.png","0114","GI_SPECIFIC","Digestive specificity","GLP-1 side effects","timeline","clinical","condensed","1x1","1080","1080","facebook_feed,instagram_feed","The gut half of GLP-1 support.","LF-1 is formulated as daily digestive support for people on a GLP-1.","Gut-first formulation","Shop now"
"LF1_GI_SPECIFIC_timeline_clinical_0114_4x5.png","0114","GI_SPECIFIC","Digestive specificity","GLP-1 side effects","timeline","clinical","condensed","4x5","1080","1350","facebook_feed,instagram_feed","The gut half of GLP-1 support.","LF-1 is formulated as daily digestive support for people on a GLP-1.","Gut-first formulation","Shop now"
"LF1_GI_SPECIFIC_timeline_clinical_0114_9x16.png","0114","GI_SPECIFIC","Digestive specificity","GLP-1 side effects","timeline","clinical","condensed","9x16","1080","1920","instagram_story,facebook_story,instagram_reels","The gut half of GLP-1 support.","LF-1 is formulated as daily digestive support for people on a GLP-1.","Gut-first formulation","Shop now"
"LF1_NO_MANUAL_badgeGrid_clinical_0271_191x1.png","0271","NO_MANUAL","No manual","Support the GLP-1 journey","badgeGrid","clinical","condensed","191x1","1200","628","facebook_right_column,audience_network","What the pamphlet skipped.","Not medical advice — a daily companion. Talk to your clinician.","The missing instructions","Shop now"
"LF1_NO_MANUAL_badgeGrid_sage_0285_191x1.png","0285","NO_MANUAL","No manual","Support the GLP-1 journey","badgeGrid","sage","grotesk","191x1","1200","628","facebook_right_column,audience_network","What the leaflet left out.","LF-1 is daily digestive support for the part of the journey nobody briefs you on.","What nobody mentioned","Shop now"
"LF1_NO_MANUAL_bigType_bone_0258_191x1.png","0258","NO_MANUAL","No manual","Support the GLP-1 journey","bigType","bone","editorial","191x1","1200","628","facebook_right_column,audience_network","No manual. No warning. Just figure it out.","Two capsules daily. A simple answer to an unasked question.","What nobody mentioned","Shop now"
"LF1_NO_MANUAL_bigType_bone_0258_1x1.png","0258","NO_MANUAL","No manual","Support the GLP-1 journey","bigType","bone","editorial","1x1","1080","1080","facebook_feed,instagram_feed","No manual. No warning. Just figure it out.","Two capsules daily. A simple answer to an unasked question.","What nobody mentioned","Shop now"
"LF1_NO_MANUAL_bigType_bone_0258_4x5.png","0258","NO_MANUAL","No manual","Support the GLP-1 journey","bigType","bone","editorial","4x5","1080","1350","facebook_feed,instagram_feed","No manual. No warning. Just figure it out.","Two capsules daily. A simple answer to an unasked question.","What nobody mentioned","Shop now"
"LF1_NO_MANUAL_bigType_bone_0258_9x16.png","0258","NO_MANUAL","No manual","Support the GLP-1 journey","bigType","bone","editorial","9x16","1080","1920","instagram_story,facebook_story,instagram_reels","No manual. No warning. Just figure it out.","Two capsules daily. A simple answer to an unasked question.","What nobody mentioned","Shop now"
"LF1_NO_MANUAL_bigType_clay_0251_191x1.png","0251","NO_MANUAL","No manual","Support the GLP-1 journey","bigType","clay","editorial","191x1","1200","628","facebook_right_column,audience_network","Because a GLP-1 doesn’t come with a manual.","Two capsules daily. A simple answer to an unasked question.","The missing instructions","Explore LF-1"
"LF1_NO_MANUAL_bigType_clay_0251_1x1.png","0251","NO_MANUAL","No manual","Support the GLP-1 journey","bigType","clay","editorial","1x1","1080","1080","facebook_feed,instagram_feed","Because a GLP-1 doesn’t come with a manual.","Two capsules daily. A simple answer to an unasked question.","The missing instructions","Explore LF-1"
"LF1_NO_MANUAL_bigType_clay_0251_4x5.png","0251","NO_MANUAL","No manual","Support the GLP-1 journey","bigType","clay","editorial","4x5","1080","1350","facebook_feed,instagram_feed","Because a GLP-1 doesn’t come with a manual.","Two capsules daily. A simple answer to an unasked question.","The missing instructions","Explore LF-1"
"LF1_NO_MANUAL_bigType_clay_0251_9x16.png","0251","NO_MANUAL","No manual","Support the GLP-1 journey","bigType","clay","editorial","9x16","1080","1920","instagram_story,facebook_story,instagram_reels","Because a GLP-1 doesn’t come with a manual.","Two capsules daily. A simple answer to an unasked question.","The missing instructions","Explore LF-1"
"LF1_NO_MANUAL_bigType_clay_0254_191x1.png","0254","NO_MANUAL","No manual","Support the GLP-1 journey","bigType","clay","editorial","191x1","1200","628","facebook_right_column,audience_network","You got the prescription. Not the playbook.","LF-1 is daily digestive support for the part of the journey nobody briefs you on.","Nobody handed you a manual","Shop LF-1"
"LF1_NO_MANUAL_bigType_clay_0254_1x1.png","0254","NO_MANUAL","No manual","Support the GLP-1 journey","bigType","clay","editorial","1x1","1080","1080","facebook_feed,instagram_feed","You got the prescription. Not the playbook.","LF-1 is daily digestive support for the part of the journey nobody briefs you on.","Nobody handed you a manual","Shop LF-1"
"LF1_NO_MANUAL_bigType_clay_0254_4x5.png","0254","NO_MANUAL","No manual","Support the GLP-1 journey","bigType","clay","editorial","4x5","1080","1350","facebook_feed,instagram_feed","You got the prescription. Not the playbook.","LF-1 is daily digestive support for the part of the journey nobody briefs you on.","Nobody handed you a manual","Shop LF-1"
"LF1_NO_MANUAL_bigType_clay_0254_9x16.png","0254","NO_MANUAL","No manual","Support the GLP-1 journey","bigType","clay","editorial","9x16","1080","1920","instagram_story,facebook_story,instagram_reels","You got the prescription. Not the playbook.","LF-1 is daily digestive support for the part of the journey nobody briefs you on.","Nobody handed you a manual","Shop LF-1"
"LF1_NO_MANUAL_bigType_clay_0261_191x1.png","0261","NO_MANUAL","No manual","Support the GLP-1 journey","bigType","clay","luxe","191x1","1200","628","facebook_right_column,audience_network","Prescribed in ten minutes. Lived for months.","Support for the months after the first appointment.","Nobody handed you a manual","See the formula"
"LF1_NO_MANUAL_bigType_forest_0276_191x1.png","0276","NO_MANUAL","No manual","Support the GLP-1 journey","bigType","forest","impact","191x1","1200","628","facebook_right_column,audience_network","Nobody mentioned this bit.","Two capsules daily. A simple answer to an unasked question.","The missing instructions","View LF-1"
"LF1_NO_MANUAL_bigType_forest_0276_1x1.png","0276","NO_MANUAL","No manual","Support the GLP-1 journey","bigType","forest","impact","1x1","1080","1080","facebook_feed,instagram_feed","Nobody mentioned this bit.","Two capsules daily. A simple answer to an unasked question.","The missing instructions","View LF-1"
"LF1_NO_MANUAL_bigType_forest_0276_4x5.png","0276","NO_MANUAL","No manual","Support the GLP-1 journey","bigType","forest","impact","4x5","1080","1350","facebook_feed,instagram_feed","Nobody mentioned this bit.","Two capsules daily. A simple answer to an unasked question.","The missing instructions","View LF-1"
"LF1_NO_MANUAL_bigType_forest_0276_9x16.png","0276","NO_MANUAL","No manual","Support the GLP-1 journey","bigType","forest","impact","9x16","1080","1920","instagram_story,facebook_story,instagram_reels","Nobody mentioned this bit.","Two capsules daily. A simple answer to an unasked question.","The missing instructions","View LF-1"
"LF1_NO_MANUAL_bigType_sage_0265_191x1.png","0265","NO_MANUAL","No manual","Support the GLP-1 journey","bigType","sage","grotesk","191x1","1200","628","facebook_right_column,audience_network","The follow-up appointment you never got.","Two capsules daily. A simple answer to an unasked question.","The missing instructions","Shop now"
"LF1_NO_MANUAL_bigType_sage_0265_1x1.png","0265","NO_MANUAL","No manual","Support the GLP-1 journey","bigType","sage","grotesk","1x1","1080","1080","facebook_feed,instagram_feed","The follow-up appointment you never got.","Two capsules daily. A simple answer to an unasked question.","The missing instructions","Shop now"
"LF1_NO_MANUAL_bigType_sage_0265_4x5.png","0265","NO_MANUAL","No manual","Support the GLP-1 journey","bigType","sage","grotesk","4x5","1080","1350","facebook_feed,instagram_feed","The follow-up appointment you never got.","Two capsules daily. A simple answer to an unasked question.","The missing instructions","Shop now"
"LF1_NO_MANUAL_bigType_sage_0265_9x16.png","0265","NO_MANUAL","No manual","Support the GLP-1 journey","bigType","sage","grotesk","9x16","1080","1920","instagram_story,facebook_story,instagram_reels","The follow-up appointment you never got.","Two capsules daily. A simple answer to an unasked question.","The missing instructions","Shop now"
"LF1_NO_MANUAL_boxFrame_clinical_0282_191x1.png","0282","NO_MANUAL","No manual","Support the GLP-1 journey","boxFrame","clinical","impact","191x1","1200","628","facebook_right_column,audience_network","Nobody hands you the instructions.","Not medical advice — a daily companion. Talk to your clinician.","The missing instructions","Learn more"
"LF1_NO_MANUAL_boxFrame_clinical_0282_1x1.png","0282","NO_MANUAL","No manual","Support the GLP-1 journey","boxFrame","clinical","impact","1x1","1080","1080","facebook_feed,instagram_feed","Nobody hands you the instructions.","Not medical advice — a daily companion. Talk to your clinician.","The missing instructions","Learn more"
"LF1_NO_MANUAL_boxFrame_clinical_0282_4x5.png","0282","NO_MANUAL","No manual","Support the GLP-1 journey","boxFrame","clinical","impact","4x5","1080","1350","facebook_feed,instagram_feed","Nobody hands you the instructions.","Not medical advice — a daily companion. Talk to your clinician.","The missing instructions","Learn more"
"LF1_NO_MANUAL_boxFrame_clinical_0282_9x16.png","0282","NO_MANUAL","No manual","Support the GLP-1 journey","boxFrame","clinical","impact","9x16","1080","1920","instagram_story,facebook_story,instagram_reels","Nobody hands you the instructions.","Not medical advice — a daily companion. Talk to your clinician.","The missing instructions","Learn more"
"LF1_NO_MANUAL_boxFrame_sand_0264_191x1.png","0264","NO_MANUAL","No manual","Support the GLP-1 journey","boxFrame","sand","editorial","191x1","1200","628","facebook_right_column,audience_network","You were told what it does. Not what to expect.","Support for the months after the first appointment.","The missing instructions","Read the label"
"LF1_NO_MANUAL_boxFrame_sand_0264_1x1.png","0264","NO_MANUAL","No manual","Support the GLP-1 journey","boxFrame","sand","editorial","1x1","1080","1080","facebook_feed,instagram_feed","You were told what it does. Not what to expect.","Support for the months after the first appointment.","The missing instructions","Read the label"
"LF1_NO_MANUAL_boxFrame_sand_0264_4x5.png","0264","NO_MANUAL","No manual","Support the GLP-1 journey","boxFrame","sand","editorial","4x5","1080","1350","facebook_feed,instagram_feed","You were told what it does. Not what to expect.","Support for the months after the first appointment.","The missing instructions","Read the label"
"LF1_NO_MANUAL_boxFrame_sand_0264_9x16.png","0264","NO_MANUAL","No manual","Support the GLP-1 journey","boxFrame","sand","editorial","9x16","1080","1920","instagram_story,facebook_story,instagram_reels","You were told what it does. Not what to expect.","Support for the months after the first appointment.","The missing instructions","Read the label"
"LF1_NO_MANUAL_checklist_clinical_0271_1x1.png","0271","NO_MANUAL","No manual","Support the GLP-1 journey","checklist","clinical","condensed","1x1","1080","1080","facebook_feed,instagram_feed","What the pamphlet skipped.","Not medical advice — a daily companion. Talk to your clinician.","The missing instructions","Shop now"
"LF1_NO_MANUAL_checklist_clinical_0271_4x5.png","0271","NO_MANUAL","No manual","Support the GLP-1 journey","checklist","clinical","condensed","4x5","1080","1350","facebook_feed,instagram_feed","What the pamphlet skipped.","Not medical advice — a daily companion. Talk to your clinician.","The missing instructions","Shop now"
"LF1_NO_MANUAL_checklist_clinical_0271_9x16.png","0271","NO_MANUAL","No manual","Support the GLP-1 journey","checklist","clinical","condensed","9x16","1080","1920","instagram_story,facebook_story,instagram_reels","What the pamphlet skipped.","Not medical advice — a daily companion. Talk to your clinician.","The missing instructions","Shop now"
"LF1_NO_MANUAL_checklist_sage_0285_1x1.png","0285","NO_MANUAL","No manual","Support the GLP-1 journey","checklist","sage","grotesk","1x1","1080","1080","facebook_feed,instagram_feed","What the leaflet left out.","LF-1 is daily digestive support for the part of the journey nobody briefs you on.","What nobody mentioned","Shop now"
"LF1_NO_MANUAL_checklist_sage_0285_4x5.png","0285","NO_MANUAL","No manual","Support the GLP-1 journey","checklist","sage","grotesk","4x5","1080","1350","facebook_feed,instagram_feed","What the leaflet left out.","LF-1 is daily digestive support for the part of the journey nobody briefs you on.","What nobody mentioned","Shop now"
"LF1_NO_MANUAL_checklist_sage_0285_9x16.png","0285","NO_MANUAL","No manual","Support the GLP-1 journey","checklist","sage","grotesk","9x16","1080","1920","instagram_story,facebook_story,instagram_reels","What the leaflet left out.","LF-1 is daily digestive support for the part of the journey nobody briefs you on.","What nobody mentioned","Shop now"
"LF1_NO_MANUAL_faqCard_forest_0256_191x1.png","0256","NO_MANUAL","No manual","Support the GLP-1 journey","faqCard","forest","editorial","191x1","1200","628","facebook_right_column,audience_network","Everybody covers week one. Nobody covers week nine.","Two capsules daily. A simple answer to an unasked question.","The missing instructions","Read the label"
"LF1_NO_MANUAL_faqCard_forest_0256_1x1.png","0256","NO_MANUAL","No manual","Support the GLP-1 journey","faqCard","forest","editorial","1x1","1080","1080","facebook_feed,instagram_feed","Everybody covers week one. Nobody covers week nine.","Two capsules daily. A simple answer to an unasked question.","The missing instructions","Read the label"
"LF1_NO_MANUAL_faqCard_forest_0256_4x5.png","0256","NO_MANUAL","No manual","Support the GLP-1 journey","faqCard","forest","editorial","4x5","1080","1350","facebook_feed,instagram_feed","Everybody covers week one. Nobody covers week nine.","Two capsules daily. A simple answer to an unasked question.","The missing instructions","Read the label"
"LF1_NO_MANUAL_faqCard_forest_0256_9x16.png","0256","NO_MANUAL","No manual","Support the GLP-1 journey","faqCard","forest","editorial","9x16","1080","1920","instagram_story,facebook_story,instagram_reels","Everybody covers week one. Nobody covers week nine.","Two capsules daily. A simple answer to an unasked question.","The missing instructions","Read the label"
"LF1_NO_MANUAL_faqCard_sage_0269_191x1.png","0269","NO_MANUAL","No manual","Support the GLP-1 journey","faqCard","sage","grotesk","191x1","1200","628","facebook_right_column,audience_network","The gap between prescribed and supported.","Not medical advice — a daily companion. Talk to your clinician.","What nobody mentioned","Learn more"
"LF1_NO_MANUAL_faqCard_sage_0269_1x1.png","0269","NO_MANUAL","No manual","Support the GLP-1 journey","faqCard","sage","grotesk","1x1","1080","1080","facebook_feed,instagram_feed","The gap between prescribed and supported.","Not medical advice — a daily companion. Talk to your clinician.","What nobody mentioned","Learn more"
"LF1_NO_MANUAL_faqCard_sage_0269_4x5.png","0269","NO_MANUAL","No manual","Support the GLP-1 journey","faqCard","sage","grotesk","4x5","1080","1350","facebook_feed,instagram_feed","The gap between prescribed and supported.","Not medical advice — a daily companion. Talk to your clinician.","What nobody mentioned","Learn more"
"LF1_NO_MANUAL_faqCard_sage_0269_9x16.png","0269","NO_MANUAL","No manual","Support the GLP-1 journey","faqCard","sage","grotesk","9x16","1080","1920","instagram_story,facebook_story,instagram_reels","The gap between prescribed and supported.","Not medical advice — a daily companion. Talk to your clinician.","What nobody mentioned","Learn more"
"LF1_NO_MANUAL_indexCard_forest_0274_191x1.png","0274","NO_MANUAL","No manual","Support the GLP-1 journey","indexCard","forest","editorial","191x1","1200","628","facebook_right_column,audience_network","Ten minutes of guidance. Months of reality.","LF-1 is daily digestive support for the part of the journey nobody briefs you on.","What nobody mentioned","Explore LF-1"
"LF1_NO_MANUAL_indexCard_forest_0280_191x1.png","0280","NO_MANUAL","No manual","Support the GLP-1 journey","indexCard","forest","luxe","191x1","1200","628","facebook_right_column,audience_network","Between the prescription and real life.","Two capsules daily. A simple answer to an unasked question.","Nobody handed you a manual","Read the label"
"LF1_NO_MANUAL_indexCard_ink_0259_191x1.png","0259","NO_MANUAL","No manual","Support the GLP-1 journey","indexCard","ink","impact","191x1","1200","628","facebook_right_column,audience_network","The missing page of the instructions.","Support for the months after the first appointment.","The missing instructions","Start with one month"
"LF1_NO_MANUAL_indexCard_ink_0259_1x1.png","0259","NO_MANUAL","No manual","Support the GLP-1 journey","indexCard","ink","impact","1x1","1080","1080","facebook_feed,instagram_feed","The missing page of the instructions.","Support for the months after the first appointment.","The missing instructions","Start with one month"
"LF1_NO_MANUAL_indexCard_ink_0259_4x5.png","0259","NO_MANUAL","No manual","Support the GLP-1 journey","indexCard","ink","impact","4x5","1080","1350","facebook_feed,instagram_feed","The missing page of the instructions.","Support for the months after the first appointment.","The missing instructions","Start with one month"
"LF1_NO_MANUAL_indexCard_ink_0259_9x16.png","0259","NO_MANUAL","No manual","Support the GLP-1 journey","indexCard","ink","impact","9x16","1080","1920","instagram_story,facebook_story,instagram_reels","The missing page of the instructions.","Support for the months after the first appointment.","The missing instructions","Start with one month"
"LF1_NO_MANUAL_indexCard_mint_0257_191x1.png","0257","NO_MANUAL","No manual","Support the GLP-1 journey","indexCard","mint","grotesk","191x1","1200","628","facebook_right_column,audience_network","The conversation nobody had with you.","Two capsules daily. A simple answer to an unasked question.","What nobody mentioned","Get LF-1"
"LF1_NO_MANUAL_indexCard_mint_0262_191x1.png","0262","NO_MANUAL","No manual","Support the GLP-1 journey","indexCard","mint","grotesk","191x1","1200","628","facebook_right_column,audience_network","The brief nobody gave you.","Not medical advice — a daily companion. Talk to your clinician.","Nobody handed you a manual","Read the label"
"LF1_NO_MANUAL_indexCard_mint_0266_191x1.png","0266","NO_MANUAL","No manual","Support the GLP-1 journey","indexCard","mint","grotesk","191x1","1200","628","facebook_right_column,audience_network","Consider this the missing instructions.","Two capsules daily. A simple answer to an unasked question.","What nobody mentioned","Shop now"
"LF1_NO_MANUAL_indexCard_mint_0266_1x1.png","0266","NO_MANUAL","No manual","Support the GLP-1 journey","indexCard","mint","grotesk","1x1","1080","1080","facebook_feed,instagram_feed","Consider this the missing instructions.","Two capsules daily. A simple answer to an unasked question.","What nobody mentioned","Shop now"
"LF1_NO_MANUAL_indexCard_mint_0266_4x5.png","0266","NO_MANUAL","No manual","Support the GLP-1 journey","indexCard","mint","grotesk","4x5","1080","1350","facebook_feed,instagram_feed","Consider this the missing instructions.","Two capsules daily. A simple answer to an unasked question.","What nobody mentioned","Shop now"
"LF1_NO_MANUAL_indexCard_mint_0266_9x16.png","0266","NO_MANUAL","No manual","Support the GLP-1 journey","indexCard","mint","grotesk","9x16","1080","1920","instagram_story,facebook_story,instagram_reels","Consider this the missing instructions.","Two capsules daily. A simple answer to an unasked question.","What nobody mentioned","Shop now"
"LF1_NO_MANUAL_indexCard_mint_0270_191x1.png","0270","NO_MANUAL","No manual","Support the GLP-1 journey","indexCard","mint","grotesk","191x1","1200","628","facebook_right_column,audience_network","You figured out the shot. Now the rest.","Not medical advice — a daily companion. Talk to your clinician.","The missing instructions","See the formula"
"LF1_NO_MANUAL_indexCard_mint_0270_1x1.png","0270","NO_MANUAL","No manual","Support the GLP-1 journey","indexCard","mint","grotesk","1x1","1080","1080","facebook_feed,instagram_feed","You figured out the shot. Now the rest.","Not medical advice — a daily companion. Talk to your clinician.","The missing instructions","See the formula"
"LF1_NO_MANUAL_indexCard_mint_0270_4x5.png","0270","NO_MANUAL","No manual","Support the GLP-1 journey","indexCard","mint","grotesk","4x5","1080","1350","facebook_feed,instagram_feed","You figured out the shot. Now the rest.","Not medical advice — a daily companion. Talk to your clinician.","The missing instructions","See the formula"
"LF1_NO_MANUAL_indexCard_mint_0270_9x16.png","0270","NO_MANUAL","No manual","Support the GLP-1 journey","indexCard","mint","grotesk","9x16","1080","1920","instagram_story,facebook_story,instagram_reels","You figured out the shot. Now the rest.","Not medical advice — a daily companion. Talk to your clinician.","The missing instructions","See the formula"
"LF1_NO_MANUAL_indexCard_mint_0278_191x1.png","0278","NO_MANUAL","No manual","Support the GLP-1 journey","indexCard","mint","grotesk","191x1","1200","628","facebook_right_column,audience_network","The missing chapter.","Not medical advice — a daily companion. Talk to your clinician.","What nobody mentioned","Shop LF-1"
"LF1_NO_MANUAL_indexCard_mint_0278_1x1.png","0278","NO_MANUAL","No manual","Support the GLP-1 journey","indexCard","mint","grotesk","1x1","1080","1080","facebook_feed,instagram_feed","The missing chapter.","Not medical advice — a daily companion. Talk to your clinician.","What nobody mentioned","Shop LF-1"
"LF1_NO_MANUAL_indexCard_mint_0278_4x5.png","0278","NO_MANUAL","No manual","Support the GLP-1 journey","indexCard","mint","grotesk","4x5","1080","1350","facebook_feed,instagram_feed","The missing chapter.","Not medical advice — a daily companion. Talk to your clinician.","What nobody mentioned","Shop LF-1"
"LF1_NO_MANUAL_indexCard_mint_0278_9x16.png","0278","NO_MANUAL","No manual","Support the GLP-1 journey","indexCard","mint","grotesk","9x16","1080","1920","instagram_story,facebook_story,instagram_reels","The missing chapter.","Not medical advice — a daily companion. Talk to your clinician.","What nobody mentioned","Shop LF-1"
"LF1_NO_MANUAL_indexCard_sage_0272_191x1.png","0272","NO_MANUAL","No manual","Support the GLP-1 journey","indexCard","sage","humanist","191x1","1200","628","facebook_right_column,audience_network","The support nobody scheduled for you.","Made for people already on a GLP-1 and figuring out the rest.","Nobody handed you a manual","Shop now"
"LF1_NO_MANUAL_indexCard_sage_0272_1x1.png","0272","NO_MANUAL","No manual","Support the GLP-1 journey","indexCard","sage","humanist","1x1","1080","1080","facebook_feed,instagram_feed","The support nobody scheduled for you.","Made for people already on a GLP-1 and figuring out the rest.","Nobody handed you a manual","Shop now"
"LF1_NO_MANUAL_indexCard_sage_0272_4x5.png","0272","NO_MANUAL","No manual","Support the GLP-1 journey","indexCard","sage","humanist","4x5","1080","1350","facebook_feed,instagram_feed","The support nobody scheduled for you.","Made for people already on a GLP-1 and figuring out the rest.","Nobody handed you a manual","Shop now"
"LF1_NO_MANUAL_indexCard_sage_0272_9x16.png","0272","NO_MANUAL","No manual","Support the GLP-1 journey","indexCard","sage","humanist","9x16","1080","1920","instagram_story,facebook_story,instagram_reels","The support nobody scheduled for you.","Made for people already on a GLP-1 and figuring out the rest.","Nobody handed you a manual","Shop now"
"LF1_NO_MANUAL_indexCard_sage_0283_191x1.png","0283","NO_MANUAL","No manual","Support the GLP-1 journey","indexCard","sage","grotesk","191x1","1200","628","facebook_right_column,audience_network","The part of the appointment that got skipped.","Support for the months after the first appointment.","Nobody handed you a manual","Shop LF-1"
"LF1_NO_MANUAL_indexCard_sage_0283_1x1.png","0283","NO_MANUAL","No manual","Support the GLP-1 journey","indexCard","sage","grotesk","1x1","1080","1080","facebook_feed,instagram_feed","The part of the appointment that got skipped.","Support for the months after the first appointment.","Nobody handed you a manual","Shop LF-1"
"LF1_NO_MANUAL_indexCard_sage_0283_4x5.png","0283","NO_MANUAL","No manual","Support the GLP-1 journey","indexCard","sage","grotesk","4x5","1080","1350","facebook_feed,instagram_feed","The part of the appointment that got skipped.","Support for the months after the first appointment.","Nobody handed you a manual","Shop LF-1"
"LF1_NO_MANUAL_indexCard_sage_0283_9x16.png","0283","NO_MANUAL","No manual","Support the GLP-1 journey","indexCard","sage","grotesk","9x16","1080","1920","instagram_story,facebook_story,instagram_reels","The part of the appointment that got skipped.","Support for the months after the first appointment.","Nobody handed you a manual","Shop LF-1"
"LF1_NO_MANUAL_notesApp_forest_0274_1x1.png","0274","NO_MANUAL","No manual","Support the GLP-1 journey","notesApp","forest","editorial","1x1","1080","1080","facebook_feed,instagram_feed","Ten minutes of guidance. Months of reality.","LF-1 is daily digestive support for the part of the journey nobody briefs you on.","What nobody mentioned","Explore LF-1"
"LF1_NO_MANUAL_notesApp_forest_0274_4x5.png","0274","NO_MANUAL","No manual","Support the GLP-1 journey","notesApp","forest","editorial","4x5","1080","1350","facebook_feed,instagram_feed","Ten minutes of guidance. Months of reality.","LF-1 is daily digestive support for the part of the journey nobody briefs you on.","What nobody mentioned","Explore LF-1"
"LF1_NO_MANUAL_notesApp_forest_0274_9x16.png","0274","NO_MANUAL","No manual","Support the GLP-1 journey","notesApp","forest","editorial","9x16","1080","1920","instagram_story,facebook_story,instagram_reels","Ten minutes of guidance. Months of reality.","LF-1 is daily digestive support for the part of the journey nobody briefs you on.","What nobody mentioned","Explore LF-1"
"LF1_NO_MANUAL_notesApp_forest_0280_1x1.png","0280","NO_MANUAL","No manual","Support the GLP-1 journey","notesApp","forest","luxe","1x1","1080","1080","facebook_feed,instagram_feed","Between the prescription and real life.","Two capsules daily. A simple answer to an unasked question.","Nobody handed you a manual","Read the label"
"LF1_NO_MANUAL_notesApp_forest_0280_4x5.png","0280","NO_MANUAL","No manual","Support the GLP-1 journey","notesApp","forest","luxe","4x5","1080","1350","facebook_feed,instagram_feed","Between the prescription and real life.","Two capsules daily. A simple answer to an unasked question.","Nobody handed you a manual","Read the label"
"LF1_NO_MANUAL_notesApp_forest_0280_9x16.png","0280","NO_MANUAL","No manual","Support the GLP-1 journey","notesApp","forest","luxe","9x16","1080","1920","instagram_story,facebook_story,instagram_reels","Between the prescription and real life.","Two capsules daily. A simple answer to an unasked question.","Nobody handed you a manual","Read the label"
"LF1_NO_MANUAL_notesApp_mint_0257_1x1.png","0257","NO_MANUAL","No manual","Support the GLP-1 journey","notesApp","mint","grotesk","1x1","1080","1080","facebook_feed,instagram_feed","The conversation nobody had with you.","Two capsules daily. A simple answer to an unasked question.","What nobody mentioned","Get LF-1"
"LF1_NO_MANUAL_notesApp_mint_0257_4x5.png","0257","NO_MANUAL","No manual","Support the GLP-1 journey","notesApp","mint","grotesk","4x5","1080","1350","facebook_feed,instagram_feed","The conversation nobody had with you.","Two capsules daily. A simple answer to an unasked question.","What nobody mentioned","Get LF-1"
"LF1_NO_MANUAL_notesApp_mint_0257_9x16.png","0257","NO_MANUAL","No manual","Support the GLP-1 journey","notesApp","mint","grotesk","9x16","1080","1920","instagram_story,facebook_story,instagram_reels","The conversation nobody had with you.","Two capsules daily. A simple answer to an unasked question.","What nobody mentioned","Get LF-1"
"LF1_NO_MANUAL_notesApp_mint_0262_1x1.png","0262","NO_MANUAL","No manual","Support the GLP-1 journey","notesApp","mint","grotesk","1x1","1080","1080","facebook_feed,instagram_feed","The brief nobody gave you.","Not medical advice — a daily companion. Talk to your clinician.","Nobody handed you a manual","Read the label"
"LF1_NO_MANUAL_notesApp_mint_0262_4x5.png","0262","NO_MANUAL","No manual","Support the GLP-1 journey","notesApp","mint","grotesk","4x5","1080","1350","facebook_feed,instagram_feed","The brief nobody gave you.","Not medical advice — a daily companion. Talk to your clinician.","Nobody handed you a manual","Read the label"
"LF1_NO_MANUAL_notesApp_mint_0262_9x16.png","0262","NO_MANUAL","No manual","Support the GLP-1 journey","notesApp","mint","grotesk","9x16","1080","1920","instagram_story,facebook_story,instagram_reels","The brief nobody gave you.","Not medical advice — a daily companion. Talk to your clinician.","Nobody handed you a manual","Read the label"
"LF1_NO_MANUAL_prescriptionPair_clinical_0284_191x1.png","0284","NO_MANUAL","No manual","Support the GLP-1 journey","prescriptionPair","clinical","humanist","191x1","1200","628","facebook_right_column,audience_network","You got the prescription. Not the playbook.","Made for people already on a GLP-1 and figuring out the rest.","The missing instructions","Shop LF-1"
"LF1_NO_MANUAL_prescriptionPair_clinical_0284_1x1.png","0284","NO_MANUAL","No manual","Support the GLP-1 journey","prescriptionPair","clinical","humanist","1x1","1080","1080","facebook_feed,instagram_feed","You got the prescription. Not the playbook.","Made for people already on a GLP-1 and figuring out the rest.","The missing instructions","Shop LF-1"
"LF1_NO_MANUAL_prescriptionPair_clinical_0284_4x5.png","0284","NO_MANUAL","No manual","Support the GLP-1 journey","prescriptionPair","clinical","humanist","4x5","1080","1350","facebook_feed,instagram_feed","You got the prescription. Not the playbook.","Made for people already on a GLP-1 and figuring out the rest.","The missing instructions","Shop LF-1"
"LF1_NO_MANUAL_prescriptionPair_clinical_0284_9x16.png","0284","NO_MANUAL","No manual","Support the GLP-1 journey","prescriptionPair","clinical","humanist","9x16","1080","1920","instagram_story,facebook_story,instagram_reels","You got the prescription. Not the playbook.","Made for people already on a GLP-1 and figuring out the rest.","The missing instructions","Shop LF-1"
"LF1_NO_MANUAL_productSlot_clay_0275_191x1.png","0275","NO_MANUAL","No manual","Support the GLP-1 journey","productSlot","clay","editorial","191x1","1200","628","facebook_right_column,audience_network","The instructions you deserved.","Not medical advice — a daily companion. Talk to your clinician.","Nobody handed you a manual","See the formula"
"LF1_NO_MANUAL_productSlot_clay_0275_1x1.png","0275","NO_MANUAL","No manual","Support the GLP-1 journey","productSlot","clay","editorial","1x1","1080","1080","facebook_feed,instagram_feed","The instructions you deserved.","Not medical advice — a daily companion. Talk to your clinician.","Nobody handed you a manual","See the formula"
"LF1_NO_MANUAL_productSlot_clay_0275_4x5.png","0275","NO_MANUAL","No manual","Support the GLP-1 journey","productSlot","clay","editorial","4x5","1080","1350","facebook_feed,instagram_feed","The instructions you deserved.","Not medical advice — a daily companion. Talk to your clinician.","Nobody handed you a manual","See the formula"
"LF1_NO_MANUAL_productSlot_clay_0275_9x16.png","0275","NO_MANUAL","No manual","Support the GLP-1 journey","productSlot","clay","editorial","9x16","1080","1920","instagram_story,facebook_story,instagram_reels","The instructions you deserved.","Not medical advice — a daily companion. Talk to your clinician.","Nobody handed you a manual","See the formula"
"LF1_NO_MANUAL_productSlot_forest_0279_191x1.png","0279","NO_MANUAL","No manual","Support the GLP-1 journey","productSlot","forest","editorial","191x1","1200","628","facebook_right_column,audience_network","You weren’t told. Now you are.","LF-1 is daily digestive support for the part of the journey nobody briefs you on.","The missing instructions","Learn more"
"LF1_NO_MANUAL_productSlot_forest_0279_1x1.png","0279","NO_MANUAL","No manual","Support the GLP-1 journey","productSlot","forest","editorial","1x1","1080","1080","facebook_feed,instagram_feed","You weren’t told. Now you are.","LF-1 is daily digestive support for the part of the journey nobody briefs you on.","The missing instructions","Learn more"
"LF1_NO_MANUAL_productSlot_forest_0279_4x5.png","0279","NO_MANUAL","No manual","Support the GLP-1 journey","productSlot","forest","editorial","4x5","1080","1350","facebook_feed,instagram_feed","You weren’t told. Now you are.","LF-1 is daily digestive support for the part of the journey nobody briefs you on.","The missing instructions","Learn more"
"LF1_NO_MANUAL_productSlot_forest_0279_9x16.png","0279","NO_MANUAL","No manual","Support the GLP-1 journey","productSlot","forest","editorial","9x16","1080","1920","instagram_story,facebook_story,instagram_reels","You weren’t told. Now you are.","LF-1 is daily digestive support for the part of the journey nobody briefs you on.","The missing instructions","Learn more"
"LF1_NO_MANUAL_quoteCard_bone_0252_191x1.png","0252","NO_MANUAL","No manual","Support the GLP-1 journey","quoteCard","bone","editorial","191x1","1200","628","facebook_right_column,audience_network","Nobody hands you the instructions.","Support for the months after the first appointment.","Nobody handed you a manual","Shop now"
"LF1_NO_MANUAL_quoteCard_bone_0252_1x1.png","0252","NO_MANUAL","No manual","Support the GLP-1 journey","quoteCard","bone","editorial","1x1","1080","1080","facebook_feed,instagram_feed","Nobody hands you the instructions.","Support for the months after the first appointment.","Nobody handed you a manual","Shop now"
"LF1_NO_MANUAL_quoteCard_bone_0252_4x5.png","0252","NO_MANUAL","No manual","Support the GLP-1 journey","quoteCard","bone","editorial","4x5","1080","1350","facebook_feed,instagram_feed","Nobody hands you the instructions.","Support for the months after the first appointment.","Nobody handed you a manual","Shop now"
"LF1_NO_MANUAL_quoteCard_bone_0252_9x16.png","0252","NO_MANUAL","No manual","Support the GLP-1 journey","quoteCard","bone","editorial","9x16","1080","1920","instagram_story,facebook_story,instagram_reels","Nobody hands you the instructions.","Support for the months after the first appointment.","Nobody handed you a manual","Shop now"
"LF1_NO_MANUAL_quoteCard_clinical_0273_191x1.png","0273","NO_MANUAL","No manual","Support the GLP-1 journey","quoteCard","clinical","humanist","191x1","1200","628","facebook_right_column,audience_network","Written for the part you’re living now.","Two capsules daily. A simple answer to an unasked question.","What nobody mentioned","View LF-1"
"LF1_NO_MANUAL_quoteCard_clinical_0273_1x1.png","0273","NO_MANUAL","No manual","Support the GLP-1 journey","quoteCard","clinical","humanist","1x1","1080","1080","facebook_feed,instagram_feed","Written for the part you’re living now.","Two capsules daily. A simple answer to an unasked question.","What nobody mentioned","View LF-1"
"LF1_NO_MANUAL_quoteCard_clinical_0273_4x5.png","0273","NO_MANUAL","No manual","Support the GLP-1 journey","quoteCard","clinical","humanist","4x5","1080","1350","facebook_feed,instagram_feed","Written for the part you’re living now.","Two capsules daily. A simple answer to an unasked question.","What nobody mentioned","View LF-1"
"LF1_NO_MANUAL_quoteCard_clinical_0273_9x16.png","0273","NO_MANUAL","No manual","Support the GLP-1 journey","quoteCard","clinical","humanist","9x16","1080","1920","instagram_story,facebook_story,instagram_reels","Written for the part you’re living now.","Two capsules daily. A simple answer to an unasked question.","What nobody mentioned","View LF-1"
"LF1_NO_MANUAL_quoteCard_ink_0281_191x1.png","0281","NO_MANUAL","No manual","Support the GLP-1 journey","quoteCard","ink","grotesk","191x1","1200","628","facebook_right_column,audience_network","Because a GLP-1 doesn’t come with a manual.","Support for the months after the first appointment.","The missing instructions","Shop LF-1"
"LF1_NO_MANUAL_quoteCard_ink_0281_1x1.png","0281","NO_MANUAL","No manual","Support the GLP-1 journey","quoteCard","ink","grotesk","1x1","1080","1080","facebook_feed,instagram_feed","Because a GLP-1 doesn’t come with a manual.","Support for the months after the first appointment.","The missing instructions","Shop LF-1"
"LF1_NO_MANUAL_quoteCard_ink_0281_4x5.png","0281","NO_MANUAL","No manual","Support the GLP-1 journey","quoteCard","ink","grotesk","4x5","1080","1350","facebook_feed,instagram_feed","Because a GLP-1 doesn’t come with a manual.","Support for the months after the first appointment.","The missing instructions","Shop LF-1"
"LF1_NO_MANUAL_quoteCard_ink_0281_9x16.png","0281","NO_MANUAL","No manual","Support the GLP-1 journey","quoteCard","ink","grotesk","9x16","1080","1920","instagram_story,facebook_story,instagram_reels","Because a GLP-1 doesn’t come with a manual.","Support for the months after the first appointment.","The missing instructions","Shop LF-1"
"LF1_NO_MANUAL_ruleStack_sand_0260_191x1.png","0260","NO_MANUAL","No manual","Support the GLP-1 journey","ruleStack","sand","editorial","191x1","1200","628","facebook_right_column,audience_network","What they don’t tell you at the pharmacy.","Support for the months after the first appointment.","Nobody handed you a manual","Shop now"
"LF1_NO_MANUAL_ruleStack_sand_0260_1x1.png","0260","NO_MANUAL","No manual","Support the GLP-1 journey","ruleStack","sand","editorial","1x1","1080","1080","facebook_feed,instagram_feed","What they don’t tell you at the pharmacy.","Support for the months after the first appointment.","Nobody handed you a manual","Shop now"
"LF1_NO_MANUAL_ruleStack_sand_0260_4x5.png","0260","NO_MANUAL","No manual","Support the GLP-1 journey","ruleStack","sand","editorial","4x5","1080","1350","facebook_feed,instagram_feed","What they don’t tell you at the pharmacy.","Support for the months after the first appointment.","Nobody handed you a manual","Shop now"
"LF1_NO_MANUAL_ruleStack_sand_0260_9x16.png","0260","NO_MANUAL","No manual","Support the GLP-1 journey","ruleStack","sand","editorial","9x16","1080","1920","instagram_story,facebook_story,instagram_reels","What they don’t tell you at the pharmacy.","Support for the months after the first appointment.","Nobody handed you a manual","Shop now"
"LF1_NO_MANUAL_searchBar_clay_0261_1x1.png","0261","NO_MANUAL","No manual","Support the GLP-1 journey","searchBar","clay","luxe","1x1","1080","1080","facebook_feed,instagram_feed","Prescribed in ten minutes. Lived for months.","Support for the months after the first appointment.","Nobody handed you a manual","See the formula"
"LF1_NO_MANUAL_searchBar_clay_0261_4x5.png","0261","NO_MANUAL","No manual","Support the GLP-1 journey","searchBar","clay","luxe","4x5","1080","1350","facebook_feed,instagram_feed","Prescribed in ten minutes. Lived for months.","Support for the months after the first appointment.","Nobody handed you a manual","See the formula"
"LF1_NO_MANUAL_searchBar_clay_0261_9x16.png","0261","NO_MANUAL","No manual","Support the GLP-1 journey","searchBar","clay","luxe","9x16","1080","1920","instagram_story,facebook_story,instagram_reels","Prescribed in ten minutes. Lived for months.","Support for the months after the first appointment.","Nobody handed you a manual","See the formula"
"LF1_NO_MANUAL_statBlock_bone_0277_191x1.png","0277","NO_MANUAL","No manual","Support the GLP-1 journey","statBlock","bone","humanist","191x1","1200","628","facebook_right_column,audience_network","Filling in what the leaflet didn’t.","Two capsules daily. A simple answer to an unasked question.","The missing instructions","View LF-1"
"LF1_NO_MANUAL_statBlock_bone_0277_1x1.png","0277","NO_MANUAL","No manual","Support the GLP-1 journey","statBlock","bone","humanist","1x1","1080","1080","facebook_feed,instagram_feed","Filling in what the leaflet didn’t.","Two capsules daily. A simple answer to an unasked question.","The missing instructions","View LF-1"
"LF1_NO_MANUAL_statBlock_bone_0277_4x5.png","0277","NO_MANUAL","No manual","Support the GLP-1 journey","statBlock","bone","humanist","4x5","1080","1350","facebook_feed,instagram_feed","Filling in what the leaflet didn’t.","Two capsules daily. A simple answer to an unasked question.","The missing instructions","View LF-1"
"LF1_NO_MANUAL_statBlock_bone_0277_9x16.png","0277","NO_MANUAL","No manual","Support the GLP-1 journey","statBlock","bone","humanist","9x16","1080","1920","instagram_story,facebook_story,instagram_reels","Filling in what the leaflet didn’t.","Two capsules daily. A simple answer to an unasked question.","The missing instructions","View LF-1"
"LF1_NO_MANUAL_statBlock_mint_0267_191x1.png","0267","NO_MANUAL","No manual","Support the GLP-1 journey","statBlock","mint","humanist","191x1","1200","628","facebook_right_column,audience_network","Nobody prepares you for the middle part.","Support for the months after the first appointment.","The missing instructions","See what’s in it"
"LF1_NO_MANUAL_statBlock_mint_0267_1x1.png","0267","NO_MANUAL","No manual","Support the GLP-1 journey","statBlock","mint","humanist","1x1","1080","1080","facebook_feed,instagram_feed","Nobody prepares you for the middle part.","Support for the months after the first appointment.","The missing instructions","See what’s in it"
"LF1_NO_MANUAL_statBlock_mint_0267_4x5.png","0267","NO_MANUAL","No manual","Support the GLP-1 journey","statBlock","mint","humanist","4x5","1080","1350","facebook_feed,instagram_feed","Nobody prepares you for the middle part.","Support for the months after the first appointment.","The missing instructions","See what’s in it"
"LF1_NO_MANUAL_statBlock_mint_0267_9x16.png","0267","NO_MANUAL","No manual","Support the GLP-1 journey","statBlock","mint","humanist","9x16","1080","1920","instagram_story,facebook_story,instagram_reels","Nobody prepares you for the middle part.","Support for the months after the first appointment.","The missing instructions","See what’s in it"
"LF1_NO_MANUAL_stickyNote_clay_0253_191x1.png","0253","NO_MANUAL","No manual","Support the GLP-1 journey","stickyNote","clay","luxe","191x1","1200","628","facebook_right_column,audience_network","The part of the appointment that got skipped.","Two capsules daily. A simple answer to an unasked question.","The missing instructions","Shop now"
"LF1_NO_MANUAL_stickyNote_clay_0253_1x1.png","0253","NO_MANUAL","No manual","Support the GLP-1 journey","stickyNote","clay","luxe","1x1","1080","1080","facebook_feed,instagram_feed","The part of the appointment that got skipped.","Two capsules daily. A simple answer to an unasked question.","The missing instructions","Shop now"
"LF1_NO_MANUAL_stickyNote_clay_0253_4x5.png","0253","NO_MANUAL","No manual","Support the GLP-1 journey","stickyNote","clay","luxe","4x5","1080","1350","facebook_feed,instagram_feed","The part of the appointment that got skipped.","Two capsules daily. A simple answer to an unasked question.","The missing instructions","Shop now"
"LF1_NO_MANUAL_stickyNote_clay_0253_9x16.png","0253","NO_MANUAL","No manual","Support the GLP-1 journey","stickyNote","clay","luxe","9x16","1080","1920","instagram_story,facebook_story,instagram_reels","The part of the appointment that got skipped.","Two capsules daily. A simple answer to an unasked question.","The missing instructions","Shop now"
"LF1_NO_MANUAL_stickyNote_ink_0263_191x1.png","0263","NO_MANUAL","No manual","Support the GLP-1 journey","stickyNote","ink","condensed","191x1","1200","628","facebook_right_column,audience_network","Here’s the part they left out.","Made for people already on a GLP-1 and figuring out the rest.","The missing instructions","Shop now"
"LF1_NO_MANUAL_stickyNote_ink_0263_1x1.png","0263","NO_MANUAL","No manual","Support the GLP-1 journey","stickyNote","ink","condensed","1x1","1080","1080","facebook_feed,instagram_feed","Here’s the part they left out.","Made for people already on a GLP-1 and figuring out the rest.","The missing instructions","Shop now"
"LF1_NO_MANUAL_stickyNote_ink_0263_4x5.png","0263","NO_MANUAL","No manual","Support the GLP-1 journey","stickyNote","ink","condensed","4x5","1080","1350","facebook_feed,instagram_feed","Here’s the part they left out.","Made for people already on a GLP-1 and figuring out the rest.","The missing instructions","Shop now"
"LF1_NO_MANUAL_stickyNote_ink_0263_9x16.png","0263","NO_MANUAL","No manual","Support the GLP-1 journey","stickyNote","ink","condensed","9x16","1080","1920","instagram_story,facebook_story,instagram_reels","Here’s the part they left out.","Made for people already on a GLP-1 and figuring out the rest.","The missing instructions","Shop now"
"LF1_NO_MANUAL_stickyNote_mint_0255_191x1.png","0255","NO_MANUAL","No manual","Support the GLP-1 journey","stickyNote","mint","humanist","191x1","1200","628","facebook_right_column,audience_network","What the leaflet left out.","LF-1 is daily digestive support for the part of the journey nobody briefs you on.","What nobody mentioned","View LF-1"
"LF1_NO_MANUAL_stickyNote_mint_0255_1x1.png","0255","NO_MANUAL","No manual","Support the GLP-1 journey","stickyNote","mint","humanist","1x1","1080","1080","facebook_feed,instagram_feed","What the leaflet left out.","LF-1 is daily digestive support for the part of the journey nobody briefs you on.","What nobody mentioned","View LF-1"
"LF1_NO_MANUAL_stickyNote_mint_0255_4x5.png","0255","NO_MANUAL","No manual","Support the GLP-1 journey","stickyNote","mint","humanist","4x5","1080","1350","facebook_feed,instagram_feed","What the leaflet left out.","LF-1 is daily digestive support for the part of the journey nobody briefs you on.","What nobody mentioned","View LF-1"
"LF1_NO_MANUAL_stickyNote_mint_0255_9x16.png","0255","NO_MANUAL","No manual","Support the GLP-1 journey","stickyNote","mint","humanist","9x16","1080","1920","instagram_story,facebook_story,instagram_reels","What the leaflet left out.","LF-1 is daily digestive support for the part of the journey nobody briefs you on.","What nobody mentioned","View LF-1"
"LF1_NO_MANUAL_stickyNote_mint_0268_191x1.png","0268","NO_MANUAL","No manual","Support the GLP-1 journey","stickyNote","mint","grotesk","191x1","1200","628","facebook_right_column,audience_network","A prescription isn’t a plan.","LF-1 is daily digestive support for the part of the journey nobody briefs you on.","The missing instructions","Start with one month"
"LF1_NO_MANUAL_stickyNote_mint_0268_1x1.png","0268","NO_MANUAL","No manual","Support the GLP-1 journey","stickyNote","mint","grotesk","1x1","1080","1080","facebook_feed,instagram_feed","A prescription isn’t a plan.","LF-1 is daily digestive support for the part of the journey nobody briefs you on.","The missing instructions","Start with one month"
"LF1_NO_MANUAL_stickyNote_mint_0268_4x5.png","0268","NO_MANUAL","No manual","Support the GLP-1 journey","stickyNote","mint","grotesk","4x5","1080","1350","facebook_feed,instagram_feed","A prescription isn’t a plan.","LF-1 is daily digestive support for the part of the journey nobody briefs you on.","The missing instructions","Start with one month"
"LF1_NO_MANUAL_stickyNote_mint_0268_9x16.png","0268","NO_MANUAL","No manual","Support the GLP-1 journey","stickyNote","mint","grotesk","9x16","1080","1920","instagram_story,facebook_story,instagram_reels","A prescription isn’t a plan.","LF-1 is daily digestive support for the part of the journey nobody briefs you on.","The missing instructions","Start with one month"
"LF1_NUTRIENT_GAP_badgeGrid_forest_0413_191x1.png","0413","NUTRIENT_GAP","The nutrient gap","Specific GLP-1 problems","badgeGrid","forest","luxe","191x1","1200","628","facebook_right_column,audience_network","Your appetite dropped. Your needs didn’t.","Two capsules daily. Contains iron.","Eating less, absorbing less","View LF-1"
"LF1_NUTRIENT_GAP_badgeGrid_forest_0413_1x1.png","0413","NUTRIENT_GAP","The nutrient gap","Specific GLP-1 problems","badgeGrid","forest","luxe","1x1","1080","1080","facebook_feed,instagram_feed","Your appetite dropped. Your needs didn’t.","Two capsules daily. Contains iron.","Eating less, absorbing less","View LF-1"
"LF1_NUTRIENT_GAP_badgeGrid_forest_0413_4x5.png","0413","NUTRIENT_GAP","The nutrient gap","Specific GLP-1 problems","badgeGrid","forest","luxe","4x5","1080","1350","facebook_feed,instagram_feed","Your appetite dropped. Your needs didn’t.","Two capsules daily. Contains iron.","Eating less, absorbing less","View LF-1"
"LF1_NUTRIENT_GAP_badgeGrid_forest_0413_9x16.png","0413","NUTRIENT_GAP","The nutrient gap","Specific GLP-1 problems","badgeGrid","forest","luxe","9x16","1080","1920","instagram_story,facebook_story,instagram_reels","Your appetite dropped. Your needs didn’t.","Two capsules daily. Contains iron.","Eating less, absorbing less","View LF-1"
"LF1_NUTRIENT_GAP_badgeGrid_forest_0419_191x1.png","0419","NUTRIENT_GAP","The nutrient gap","Specific GLP-1 problems","badgeGrid","forest","luxe","191x1","1200","628","facebook_right_column,audience_network","Fewer meals, same daily needs.","LF-1 is a daily supplement taken alongside your routine.","The intake question","Read the label"
"LF1_NUTRIENT_GAP_bigType_bone_0418_191x1.png","0418","NUTRIENT_GAP","The nutrient gap","Specific GLP-1 problems","bigType","bone","humanist","191x1","1200","628","facebook_right_column,audience_network","Appetite is down. Nutrition still counts.","Formulated for people eating substantially less than before.","Smaller plates, same needs","See what’s in it"
"LF1_NUTRIENT_GAP_bigType_bone_0418_1x1.png","0418","NUTRIENT_GAP","The nutrient gap","Specific GLP-1 problems","bigType","bone","humanist","1x1","1080","1080","facebook_feed,instagram_feed","Appetite is down. Nutrition still counts.","Formulated for people eating substantially less than before.","Smaller plates, same needs","See what’s in it"
"LF1_NUTRIENT_GAP_bigType_bone_0418_4x5.png","0418","NUTRIENT_GAP","The nutrient gap","Specific GLP-1 problems","bigType","bone","humanist","4x5","1080","1350","facebook_feed,instagram_feed","Appetite is down. Nutrition still counts.","Formulated for people eating substantially less than before.","Smaller plates, same needs","See what’s in it"
"LF1_NUTRIENT_GAP_bigType_bone_0418_9x16.png","0418","NUTRIENT_GAP","The nutrient gap","Specific GLP-1 problems","bigType","bone","humanist","9x16","1080","1920","instagram_story,facebook_story,instagram_reels","Appetite is down. Nutrition still counts.","Formulated for people eating substantially less than before.","Smaller plates, same needs","See what’s in it"
"LF1_NUTRIENT_GAP_bigType_clinical_0433_191x1.png","0433","NUTRIENT_GAP","The nutrient gap","Specific GLP-1 problems","bigType","clinical","impact","191x1","1200","628","facebook_right_column,audience_network","Smaller meals, same daily maths.","A GLP-1 reduces appetite — and everything that comes in with food.","Eating less, absorbing less","Explore LF-1"
"LF1_NUTRIENT_GAP_bigType_clinical_0433_1x1.png","0433","NUTRIENT_GAP","The nutrient gap","Specific GLP-1 problems","bigType","clinical","impact","1x1","1080","1080","facebook_feed,instagram_feed","Smaller meals, same daily maths.","A GLP-1 reduces appetite — and everything that comes in with food.","Eating less, absorbing less","Explore LF-1"
"LF1_NUTRIENT_GAP_bigType_clinical_0433_4x5.png","0433","NUTRIENT_GAP","The nutrient gap","Specific GLP-1 problems","bigType","clinical","impact","4x5","1080","1350","facebook_feed,instagram_feed","Smaller meals, same daily maths.","A GLP-1 reduces appetite — and everything that comes in with food.","Eating less, absorbing less","Explore LF-1"
"LF1_NUTRIENT_GAP_bigType_clinical_0433_9x16.png","0433","NUTRIENT_GAP","The nutrient gap","Specific GLP-1 problems","bigType","clinical","impact","9x16","1080","1920","instagram_story,facebook_story,instagram_reels","Smaller meals, same daily maths.","A GLP-1 reduces appetite — and everything that comes in with food.","Eating less, absorbing less","Explore LF-1"
"LF1_NUTRIENT_GAP_bigType_forest_0416_191x1.png","0416","NUTRIENT_GAP","The nutrient gap","Specific GLP-1 problems","bigType","forest","impact","191x1","1200","628","facebook_right_column,audience_network","Half the plate. All the same requirements.","Formulated for people eating substantially less than before.","The intake question","See the formula"
"LF1_NUTRIENT_GAP_bigType_forest_0416_1x1.png","0416","NUTRIENT_GAP","The nutrient gap","Specific GLP-1 problems","bigType","forest","impact","1x1","1080","1080","facebook_feed,instagram_feed","Half the plate. All the same requirements.","Formulated for people eating substantially less than before.","The intake question","See the formula"
"LF1_NUTRIENT_GAP_bigType_forest_0416_4x5.png","0416","NUTRIENT_GAP","The nutrient gap","Specific GLP-1 problems","bigType","forest","impact","4x5","1080","1350","facebook_feed,instagram_feed","Half the plate. All the same requirements.","Formulated for people eating substantially less than before.","The intake question","See the formula"
"LF1_NUTRIENT_GAP_bigType_forest_0416_9x16.png","0416","NUTRIENT_GAP","The nutrient gap","Specific GLP-1 problems","bigType","forest","impact","9x16","1080","1920","instagram_story,facebook_story,instagram_reels","Half the plate. All the same requirements.","Formulated for people eating substantially less than before.","The intake question","See the formula"
"LF1_NUTRIENT_GAP_bigType_sage_0459_191x1.png","0459","NUTRIENT_GAP","The nutrient gap","Specific GLP-1 problems","bigType","sage","grotesk","191x1","1200","628","facebook_right_column,audience_network","Appetite suppression works. Nutrition still matters.","LF-1 is a daily supplement taken alongside your routine.","Smaller plates, same needs","Shop now"
"LF1_NUTRIENT_GAP_bigType_sage_0459_1x1.png","0459","NUTRIENT_GAP","The nutrient gap","Specific GLP-1 problems","bigType","sage","grotesk","1x1","1080","1080","facebook_feed,instagram_feed","Appetite suppression works. Nutrition still matters.","LF-1 is a daily supplement taken alongside your routine.","Smaller plates, same needs","Shop now"
"LF1_NUTRIENT_GAP_bigType_sage_0459_4x5.png","0459","NUTRIENT_GAP","The nutrient gap","Specific GLP-1 problems","bigType","sage","grotesk","4x5","1080","1350","facebook_feed,instagram_feed","Appetite suppression works. Nutrition still matters.","LF-1 is a daily supplement taken alongside your routine.","Smaller plates, same needs","Shop now"
"LF1_NUTRIENT_GAP_bigType_sage_0459_9x16.png","0459","NUTRIENT_GAP","The nutrient gap","Specific GLP-1 problems","bigType","sage","grotesk","9x16","1080","1920","instagram_story,facebook_story,instagram_reels","Appetite suppression works. Nutrition still matters.","LF-1 is a daily supplement taken alongside your routine.","Smaller plates, same needs","Shop now"
"LF1_NUTRIENT_GAP_bigType_sand_0412_191x1.png","0412","NUTRIENT_GAP","The nutrient gap","Specific GLP-1 problems","bigType","sand","editorial","191x1","1200","628","facebook_right_column,audience_network","Smaller plates. Same requirements.","A GLP-1 reduces appetite — and everything that comes in with food.","Eating less, absorbing less","Shop LF-1"
"LF1_NUTRIENT_GAP_bigType_sand_0412_1x1.png","0412","NUTRIENT_GAP","The nutrient gap","Specific GLP-1 problems","bigType","sand","editorial","1x1","1080","1080","facebook_feed,instagram_feed","Smaller plates. Same requirements.","A GLP-1 reduces appetite — and everything that comes in with food.","Eating less, absorbing less","Shop LF-1"
"LF1_NUTRIENT_GAP_bigType_sand_0412_4x5.png","0412","NUTRIENT_GAP","The nutrient gap","Specific GLP-1 problems","bigType","sand","editorial","4x5","1080","1350","facebook_feed,instagram_feed","Smaller plates. Same requirements.","A GLP-1 reduces appetite — and everything that comes in with food.","Eating less, absorbing less","Shop LF-1"
"LF1_NUTRIENT_GAP_bigType_sand_0412_9x16.png","0412","NUTRIENT_GAP","The nutrient gap","Specific GLP-1 problems","bigType","sand","editorial","9x16","1080","1920","instagram_story,facebook_story,instagram_reels","Smaller plates. Same requirements.","A GLP-1 reduces appetite — and everything that comes in with food.","Eating less, absorbing less","Shop LF-1"
"LF1_NUTRIENT_GAP_checklist_forest_0419_1x1.png","0419","NUTRIENT_GAP","The nutrient gap","Specific GLP-1 problems","checklist","forest","luxe","1x1","1080","1080","facebook_feed,instagram_feed","Fewer meals, same daily needs.","LF-1 is a daily supplement taken alongside your routine.","The intake question","Read the label"
"LF1_NUTRIENT_GAP_checklist_forest_0419_4x5.png","0419","NUTRIENT_GAP","The nutrient gap","Specific GLP-1 problems","checklist","forest","luxe","4x5","1080","1350","facebook_feed,instagram_feed","Fewer meals, same daily needs.","LF-1 is a daily supplement taken alongside your routine.","The intake question","Read the label"
"LF1_NUTRIENT_GAP_checklist_forest_0419_9x16.png","0419","NUTRIENT_GAP","The nutrient gap","Specific GLP-1 problems","checklist","forest","luxe","9x16","1080","1920","instagram_story,facebook_story,instagram_reels","Fewer meals, same daily needs.","LF-1 is a daily supplement taken alongside your routine.","The intake question","Read the label"
"LF1_NUTRIENT_GAP_compare_clay_0414_191x1.png","0414","NUTRIENT_GAP","The nutrient gap","Specific GLP-1 problems","compare","clay","luxe","191x1","1200","628","facebook_right_column,audience_network","Less food in. Same body to run.","A GLP-1 reduces appetite — and everything that comes in with food.","The intake question","See what’s in it"
"LF1_NUTRIENT_GAP_compare_clay_0414_1x1.png","0414","NUTRIENT_GAP","The nutrient gap","Specific GLP-1 problems","compare","clay","luxe","1x1","1080","1080","facebook_feed,instagram_feed","Less food in. Same body to run.","A GLP-1 reduces appetite — and everything that comes in with food.","The intake question","See what’s in it"
"LF1_NUTRIENT_GAP_compare_clay_0414_4x5.png","0414","NUTRIENT_GAP","The nutrient gap","Specific GLP-1 problems","compare","clay","luxe","4x5","1080","1350","facebook_feed,instagram_feed","Less food in. Same body to run.","A GLP-1 reduces appetite — and everything that comes in with food.","The intake question","See what’s in it"
"LF1_NUTRIENT_GAP_compare_clay_0414_9x16.png","0414","NUTRIENT_GAP","The nutrient gap","Specific GLP-1 problems","compare","clay","luxe","9x16","1080","1920","instagram_story,facebook_story,instagram_reels","Less food in. Same body to run.","A GLP-1 reduces appetite — and everything that comes in with food.","The intake question","See what’s in it"
"LF1_NUTRIENT_GAP_compare_clay_0421_191x1.png","0421","NUTRIENT_GAP","The nutrient gap","Specific GLP-1 problems","compare","clay","editorial","191x1","1200","628","facebook_right_column,audience_network","Your body didn’t lower its requirements.","A GLP-1 reduces appetite — and everything that comes in with food.","Eating less, absorbing less","Shop now"
"LF1_NUTRIENT_GAP_compare_clay_0421_1x1.png","0421","NUTRIENT_GAP","The nutrient gap","Specific GLP-1 problems","compare","clay","editorial","1x1","1080","1080","facebook_feed,instagram_feed","Your body didn’t lower its requirements.","A GLP-1 reduces appetite — and everything that comes in with food.","Eating less, absorbing less","Shop now"
"LF1_NUTRIENT_GAP_compare_clay_0421_4x5.png","0421","NUTRIENT_GAP","The nutrient gap","Specific GLP-1 problems","compare","clay","editorial","4x5","1080","1350","facebook_feed,instagram_feed","Your body didn’t lower its requirements.","A GLP-1 reduces appetite — and everything that comes in with food.","Eating less, absorbing less","Shop now"
"LF1_NUTRIENT_GAP_compare_clay_0421_9x16.png","0421","NUTRIENT_GAP","The nutrient gap","Specific GLP-1 problems","compare","clay","editorial","9x16","1080","1920","instagram_story,facebook_story,instagram_reels","Your body didn’t lower its requirements.","A GLP-1 reduces appetite — and everything that comes in with food.","Eating less, absorbing less","Shop now"
"LF1_NUTRIENT_GAP_compare_ink_0426_191x1.png","0426","NUTRIENT_GAP","The nutrient gap","Specific GLP-1 problems","compare","ink","condensed","191x1","1200","628","facebook_right_column,audience_network","Reduced appetite is the point. Reduced intake is the side effect.","Two capsules daily. Contains iron.","Smaller plates, same needs","View LF-1"
"LF1_NUTRIENT_GAP_compare_ink_0426_1x1.png","0426","NUTRIENT_GAP","The nutrient gap","Specific GLP-1 problems","compare","ink","condensed","1x1","1080","1080","facebook_feed,instagram_feed","Reduced appetite is the point. Reduced intake is the side effect.","Two capsules daily. Contains iron.","Smaller plates, same needs","View LF-1"
"LF1_NUTRIENT_GAP_compare_ink_0426_4x5.png","0426","NUTRIENT_GAP","The nutrient gap","Specific GLP-1 problems","compare","ink","condensed","4x5","1080","1350","facebook_feed,instagram_feed","Reduced appetite is the point. Reduced intake is the side effect.","Two capsules daily. Contains iron.","Smaller plates, same needs","View LF-1"
"LF1_NUTRIENT_GAP_compare_ink_0426_9x16.png","0426","NUTRIENT_GAP","The nutrient gap","Specific GLP-1 problems","compare","ink","condensed","9x16","1080","1920","instagram_story,facebook_story,instagram_reels","Reduced appetite is the point. Reduced intake is the side effect.","Two capsules daily. Contains iron.","Smaller plates, same needs","View LF-1"
"LF1_NUTRIENT_GAP_faqCard_clinical_0411_191x1.png","0411","NUTRIENT_GAP","The nutrient gap","Specific GLP-1 problems","faqCard","clinical","humanist","191x1","1200","628","facebook_right_column,audience_network","Eating less doesn’t mean needing less.","Two capsules daily. Contains iron.","The intake question","Explore LF-1"
"LF1_NUTRIENT_GAP_faqCard_clinical_0411_1x1.png","0411","NUTRIENT_GAP","The nutrient gap","Specific GLP-1 problems","faqCard","clinical","humanist","1x1","1080","1080","facebook_feed,instagram_feed","Eating less doesn’t mean needing less.","Two capsules daily. Contains iron.","The intake question","Explore LF-1"
"LF1_NUTRIENT_GAP_faqCard_clinical_0411_4x5.png","0411","NUTRIENT_GAP","The nutrient gap","Specific GLP-1 problems","faqCard","clinical","humanist","4x5","1080","1350","facebook_feed,instagram_feed","Eating less doesn’t mean needing less.","Two capsules daily. Contains iron.","The intake question","Explore LF-1"
"LF1_NUTRIENT_GAP_faqCard_clinical_0411_9x16.png","0411","NUTRIENT_GAP","The nutrient gap","Specific GLP-1 problems","faqCard","clinical","humanist","9x16","1080","1920","instagram_story,facebook_story,instagram_reels","Eating less doesn’t mean needing less.","Two capsules daily. Contains iron.","The intake question","Explore LF-1"
"LF1_NUTRIENT_GAP_faqCard_clinical_0455_191x1.png","0455","NUTRIENT_GAP","The nutrient gap","Specific GLP-1 problems","faqCard","clinical","humanist","191x1","1200","628","facebook_right_column,audience_network","You’re eating less. That’s working. Now cover the gap.","A GLP-1 reduces appetite — and everything that comes in with food.","Eating less, absorbing less","See the formula"
"LF1_NUTRIENT_GAP_faqCard_clinical_0455_1x1.png","0455","NUTRIENT_GAP","The nutrient gap","Specific GLP-1 problems","faqCard","clinical","humanist","1x1","1080","1080","facebook_feed,instagram_feed","You’re eating less. That’s working. Now cover the gap.","A GLP-1 reduces appetite — and everything that comes in with food.","Eating less, absorbing less","See the formula"
"LF1_NUTRIENT_GAP_faqCard_clinical_0455_4x5.png","0455","NUTRIENT_GAP","The nutrient gap","Specific GLP-1 problems","faqCard","clinical","humanist","4x5","1080","1350","facebook_feed,instagram_feed","You’re eating less. That’s working. Now cover the gap.","A GLP-1 reduces appetite — and everything that comes in with food.","Eating less, absorbing less","See the formula"
"LF1_NUTRIENT_GAP_faqCard_clinical_0455_9x16.png","0455","NUTRIENT_GAP","The nutrient gap","Specific GLP-1 problems","faqCard","clinical","humanist","9x16","1080","1920","instagram_story,facebook_story,instagram_reels","You’re eating less. That’s working. Now cover the gap.","A GLP-1 reduces appetite — and everything that comes in with food.","Eating less, absorbing less","See the formula"
"LF1_NUTRIENT_GAP_faqCard_clinical_0458_191x1.png","0458","NUTRIENT_GAP","The nutrient gap","Specific GLP-1 problems","faqCard","clinical","grotesk","191x1","1200","628","facebook_right_column,audience_network","When you eat half as much, what comes with it?","Two capsules daily. Contains iron.","Eating less, absorbing less","Start with one month"
"LF1_NUTRIENT_GAP_faqCard_clinical_0458_1x1.png","0458","NUTRIENT_GAP","The nutrient gap","Specific GLP-1 problems","faqCard","clinical","grotesk","1x1","1080","1080","facebook_feed,instagram_feed","When you eat half as much, what comes with it?","Two capsules daily. Contains iron.","Eating less, absorbing less","Start with one month"
"LF1_NUTRIENT_GAP_faqCard_clinical_0458_4x5.png","0458","NUTRIENT_GAP","The nutrient gap","Specific GLP-1 problems","faqCard","clinical","grotesk","4x5","1080","1350","facebook_feed,instagram_feed","When you eat half as much, what comes with it?","Two capsules daily. Contains iron.","Eating less, absorbing less","Start with one month"
"LF1_NUTRIENT_GAP_faqCard_clinical_0458_9x16.png","0458","NUTRIENT_GAP","The nutrient gap","Specific GLP-1 problems","faqCard","clinical","grotesk","9x16","1080","1920","instagram_story,facebook_story,instagram_reels","When you eat half as much, what comes with it?","Two capsules daily. Contains iron.","Eating less, absorbing less","Start with one month"
"LF1_NUTRIENT_GAP_faqCard_ink_0450_191x1.png","0450","NUTRIENT_GAP","The nutrient gap","Specific GLP-1 problems","faqCard","ink","impact","191x1","1200","628","facebook_right_column,audience_network","Your body didn’t lower its requirements.","Two capsules daily. Contains iron.","Eating less, absorbing less","Shop now"
"LF1_NUTRIENT_GAP_faqCard_ink_0450_1x1.png","0450","NUTRIENT_GAP","The nutrient gap","Specific GLP-1 problems","faqCard","ink","impact","1x1","1080","1080","facebook_feed,instagram_feed","Your body didn’t lower its requirements.","Two capsules daily. Contains iron.","Eating less, absorbing less","Shop now"
"LF1_NUTRIENT_GAP_faqCard_ink_0450_4x5.png","0450","NUTRIENT_GAP","The nutrient gap","Specific GLP-1 problems","faqCard","ink","impact","4x5","1080","1350","facebook_feed,instagram_feed","Your body didn’t lower its requirements.","Two capsules daily. Contains iron.","Eating less, absorbing less","Shop now"
"LF1_NUTRIENT_GAP_faqCard_ink_0450_9x16.png","0450","NUTRIENT_GAP","The nutrient gap","Specific GLP-1 problems","faqCard","ink","impact","9x16","1080","1920","instagram_story,facebook_story,instagram_reels","Your body didn’t lower its requirements.","Two capsules daily. Contains iron.","Eating less, absorbing less","Shop now"
"LF1_NUTRIENT_GAP_faqCard_ink_0457_191x1.png","0457","NUTRIENT_GAP","The nutrient gap","Specific GLP-1 problems","faqCard","ink","impact","191x1","1200","628","facebook_right_column,audience_network","Less on the plate. More reason to supplement.","Formulated for people eating substantially less than before.","Eating less, absorbing less","Explore LF-1"
"LF1_NUTRIENT_GAP_faqCard_ink_0457_1x1.png","0457","NUTRIENT_GAP","The nutrient gap","Specific GLP-1 problems","faqCard","ink","impact","1x1","1080","1080","facebook_feed,instagram_feed","Less on the plate. More reason to supplement.","Formulated for people eating substantially less than before.","Eating less, absorbing less","Explore LF-1"
"LF1_NUTRIENT_GAP_faqCard_ink_0457_4x5.png","0457","NUTRIENT_GAP","The nutrient gap","Specific GLP-1 problems","faqCard","ink","impact","4x5","1080","1350","facebook_feed,instagram_feed","Less on the plate. More reason to supplement.","Formulated for people eating substantially less than before.","Eating less, absorbing less","Explore LF-1"
"LF1_NUTRIENT_GAP_faqCard_ink_0457_9x16.png","0457","NUTRIENT_GAP","The nutrient gap","Specific GLP-1 problems","faqCard","ink","impact","9x16","1080","1920","instagram_story,facebook_story,instagram_reels","Less on the plate. More reason to supplement.","Formulated for people eating substantially less than before.","Eating less, absorbing less","Explore LF-1"
"LF1_NUTRIENT_GAP_faqCard_sand_0438_191x1.png","0438","NUTRIENT_GAP","The nutrient gap","Specific GLP-1 problems","faqCard","sand","luxe","191x1","1200","628","facebook_right_column,audience_network","Eat less. Cover the difference.","Formulated for people eating substantially less than before.","Eating less, absorbing less","See the formula"
"LF1_NUTRIENT_GAP_faqCard_sand_0438_1x1.png","0438","NUTRIENT_GAP","The nutrient gap","Specific GLP-1 problems","faqCard","sand","luxe","1x1","1080","1080","facebook_feed,instagram_feed","Eat less. Cover the difference.","Formulated for people eating substantially less than before.","Eating less, absorbing less","See the formula"
"LF1_NUTRIENT_GAP_faqCard_sand_0438_4x5.png","0438","NUTRIENT_GAP","The nutrient gap","Specific GLP-1 problems","faqCard","sand","luxe","4x5","1080","1350","facebook_feed,instagram_feed","Eat less. Cover the difference.","Formulated for people eating substantially less than before.","Eating less, absorbing less","See the formula"
"LF1_NUTRIENT_GAP_faqCard_sand_0438_9x16.png","0438","NUTRIENT_GAP","The nutrient gap","Specific GLP-1 problems","faqCard","sand","luxe","9x16","1080","1920","instagram_story,facebook_story,instagram_reels","Eat less. Cover the difference.","Formulated for people eating substantially less than before.","Eating less, absorbing less","See the formula"
"LF1_NUTRIENT_GAP_gradientHero_forest_0417_191x1.png","0417","NUTRIENT_GAP","The nutrient gap","Specific GLP-1 problems","gradientHero","forest","editorial","191x1","1200","628","facebook_right_column,audience_network","The maths nobody does on a GLP-1.","LF-1 is a daily supplement taken alongside your routine.","Eating less, absorbing less","Learn more"
"LF1_NUTRIENT_GAP_gradientHero_forest_0417_1x1.png","0417","NUTRIENT_GAP","The nutrient gap","Specific GLP-1 problems","gradientHero","forest","editorial","1x1","1080","1080","facebook_feed,instagram_feed","The maths nobody does on a GLP-1.","LF-1 is a daily supplement taken alongside your routine.","Eating less, absorbing less","Learn more"
"LF1_NUTRIENT_GAP_gradientHero_forest_0417_4x5.png","0417","NUTRIENT_GAP","The nutrient gap","Specific GLP-1 problems","gradientHero","forest","editorial","4x5","1080","1350","facebook_feed,instagram_feed","The maths nobody does on a GLP-1.","LF-1 is a daily supplement taken alongside your routine.","Eating less, absorbing less","Learn more"
"LF1_NUTRIENT_GAP_gradientHero_forest_0417_9x16.png","0417","NUTRIENT_GAP","The nutrient gap","Specific GLP-1 problems","gradientHero","forest","editorial","9x16","1080","1920","instagram_story,facebook_story,instagram_reels","The maths nobody does on a GLP-1.","LF-1 is a daily supplement taken alongside your routine.","Eating less, absorbing less","Learn more"
"LF1_NUTRIENT_GAP_indexCard_clay_0437_191x1.png","0437","NUTRIENT_GAP","The nutrient gap","Specific GLP-1 problems","indexCard","clay","editorial","191x1","1200","628","facebook_right_column,audience_network","The trade-off worth planning for.","Formulated for people eating substantially less than before.","Smaller plates, same needs","Shop now"
"LF1_NUTRIENT_GAP_labelPanel_ink_0436_1x1.png","0436","NUTRIENT_GAP","The nutrient gap","Specific GLP-1 problems","labelPanel","ink","condensed","1x1","1080","1080","facebook_feed,instagram_feed","Fewer calories in means fewer of everything in.","Formulated for people eating substantially less than before.","The intake question","See the formula"
"LF1_NUTRIENT_GAP_labelPanel_ink_0436_4x5.png","0436","NUTRIENT_GAP","The nutrient gap","Specific GLP-1 problems","labelPanel","ink","condensed","4x5","1080","1350","facebook_feed,instagram_feed","Fewer calories in means fewer of everything in.","Formulated for people eating substantially less than before.","The intake question","See the formula"
"LF1_NUTRIENT_GAP_labelPanel_ink_0436_9x16.png","0436","NUTRIENT_GAP","The nutrient gap","Specific GLP-1 problems","labelPanel","ink","condensed","9x16","1080","1920","instagram_story,facebook_story,instagram_reels","Fewer calories in means fewer of everything in.","Formulated for people eating substantially less than before.","The intake question","See the formula"
"LF1_NUTRIENT_GAP_labelPanel_sage_0452_1x1.png","0452","NUTRIENT_GAP","The nutrient gap","Specific GLP-1 problems","labelPanel","sage","grotesk","1x1","1080","1080","facebook_feed,instagram_feed","The gap between eating less and needing less.","Two capsules daily. Contains iron.","Smaller plates, same needs","Read the label"
"LF1_NUTRIENT_GAP_labelPanel_sage_0452_4x5.png","0452","NUTRIENT_GAP","The nutrient gap","Specific GLP-1 problems","labelPanel","sage","grotesk","4x5","1080","1350","facebook_feed,instagram_feed","The gap between eating less and needing less.","Two capsules daily. Contains iron.","Smaller plates, same needs","Read the label"
"LF1_NUTRIENT_GAP_labelPanel_sage_0452_9x16.png","0452","NUTRIENT_GAP","The nutrient gap","Specific GLP-1 problems","labelPanel","sage","grotesk","9x16","1080","1920","instagram_story,facebook_story,instagram_reels","The gap between eating less and needing less.","Two capsules daily. Contains iron.","Smaller plates, same needs","Read the label"
"LF1_NUTRIENT_GAP_mythFact_clinical_0443_191x1.png","0443","NUTRIENT_GAP","The nutrient gap","Specific GLP-1 problems","mythFact","clinical","grotesk","191x1","1200","628","facebook_right_column,audience_network","Your appetite dropped. Your needs didn’t.","Formulated for people eating substantially less than before.","Smaller plates, same needs","Get LF-1"
"LF1_NUTRIENT_GAP_mythFact_clinical_0443_1x1.png","0443","NUTRIENT_GAP","The nutrient gap","Specific GLP-1 problems","mythFact","clinical","grotesk","1x1","1080","1080","facebook_feed,instagram_feed","Your appetite dropped. Your needs didn’t.","Formulated for people eating substantially less than before.","Smaller plates, same needs","Get LF-1"
"LF1_NUTRIENT_GAP_mythFact_clinical_0443_4x5.png","0443","NUTRIENT_GAP","The nutrient gap","Specific GLP-1 problems","mythFact","clinical","grotesk","4x5","1080","1350","facebook_feed,instagram_feed","Your appetite dropped. Your needs didn’t.","Formulated for people eating substantially less than before.","Smaller plates, same needs","Get LF-1"
"LF1_NUTRIENT_GAP_mythFact_clinical_0443_9x16.png","0443","NUTRIENT_GAP","The nutrient gap","Specific GLP-1 problems","mythFact","clinical","grotesk","9x16","1080","1920","instagram_story,facebook_story,instagram_reels","Your appetite dropped. Your needs didn’t.","Formulated for people eating substantially less than before.","Smaller plates, same needs","Get LF-1"
"LF1_NUTRIENT_GAP_mythFact_mint_0422_191x1.png","0422","NUTRIENT_GAP","The nutrient gap","Specific GLP-1 problems","mythFact","mint","humanist","191x1","1200","628","facebook_right_column,audience_network","Eating like a bird. Still built like a person.","A GLP-1 reduces appetite — and everything that comes in with food.","Smaller plates, same needs","Read the label"
"LF1_NUTRIENT_GAP_mythFact_mint_0422_1x1.png","0422","NUTRIENT_GAP","The nutrient gap","Specific GLP-1 problems","mythFact","mint","humanist","1x1","1080","1080","facebook_feed,instagram_feed","Eating like a bird. Still built like a person.","A GLP-1 reduces appetite — and everything that comes in with food.","Smaller plates, same needs","Read the label"
"LF1_NUTRIENT_GAP_mythFact_mint_0422_4x5.png","0422","NUTRIENT_GAP","The nutrient gap","Specific GLP-1 problems","mythFact","mint","humanist","4x5","1080","1350","facebook_feed,instagram_feed","Eating like a bird. Still built like a person.","A GLP-1 reduces appetite — and everything that comes in with food.","Smaller plates, same needs","Read the label"
"LF1_NUTRIENT_GAP_mythFact_mint_0422_9x16.png","0422","NUTRIENT_GAP","The nutrient gap","Specific GLP-1 problems","mythFact","mint","humanist","9x16","1080","1920","instagram_story,facebook_story,instagram_reels","Eating like a bird. Still built like a person.","A GLP-1 reduces appetite — and everything that comes in with food.","Smaller plates, same needs","Read the label"
"LF1_NUTRIENT_GAP_mythFact_sand_0432_191x1.png","0432","NUTRIENT_GAP","The nutrient gap","Specific GLP-1 problems","mythFact","sand","luxe","191x1","1200","628","facebook_right_column,audience_network","The intake question nobody asks.","Two capsules daily. Contains iron.","Smaller plates, same needs","Learn more"
"LF1_NUTRIENT_GAP_mythFact_sand_0432_1x1.png","0432","NUTRIENT_GAP","The nutrient gap","Specific GLP-1 problems","mythFact","sand","luxe","1x1","1080","1080","facebook_feed,instagram_feed","The intake question nobody asks.","Two capsules daily. Contains iron.","Smaller plates, same needs","Learn more"
"LF1_NUTRIENT_GAP_mythFact_sand_0432_4x5.png","0432","NUTRIENT_GAP","The nutrient gap","Specific GLP-1 problems","mythFact","sand","luxe","4x5","1080","1350","facebook_feed,instagram_feed","The intake question nobody asks.","Two capsules daily. Contains iron.","Smaller plates, same needs","Learn more"
"LF1_NUTRIENT_GAP_mythFact_sand_0432_9x16.png","0432","NUTRIENT_GAP","The nutrient gap","Specific GLP-1 problems","mythFact","sand","luxe","9x16","1080","1920","instagram_story,facebook_story,instagram_reels","The intake question nobody asks.","Two capsules daily. Contains iron.","Smaller plates, same needs","Learn more"
"LF1_NUTRIENT_GAP_mythFact_sand_0447_191x1.png","0447","NUTRIENT_GAP","The nutrient gap","Specific GLP-1 problems","mythFact","sand","editorial","191x1","1200","628","facebook_right_column,audience_network","The maths nobody does on a GLP-1.","Two capsules daily. Contains iron.","The intake question","See what’s in it"
"LF1_NUTRIENT_GAP_mythFact_sand_0447_1x1.png","0447","NUTRIENT_GAP","The nutrient gap","Specific GLP-1 problems","mythFact","sand","editorial","1x1","1080","1080","facebook_feed,instagram_feed","The maths nobody does on a GLP-1.","Two capsules daily. Contains iron.","The intake question","See what’s in it"
"LF1_NUTRIENT_GAP_mythFact_sand_0447_4x5.png","0447","NUTRIENT_GAP","The nutrient gap","Specific GLP-1 problems","mythFact","sand","editorial","4x5","1080","1350","facebook_feed,instagram_feed","The maths nobody does on a GLP-1.","Two capsules daily. Contains iron.","The intake question","See what’s in it"
"LF1_NUTRIENT_GAP_mythFact_sand_0447_9x16.png","0447","NUTRIENT_GAP","The nutrient gap","Specific GLP-1 problems","mythFact","sand","editorial","9x16","1080","1920","instagram_story,facebook_story,instagram_reels","The maths nobody does on a GLP-1.","Two capsules daily. Contains iron.","The intake question","See what’s in it"
"LF1_NUTRIENT_GAP_mythFact_sand_0456_191x1.png","0456","NUTRIENT_GAP","The nutrient gap","Specific GLP-1 problems","mythFact","sand","luxe","191x1","1200","628","facebook_right_column,audience_network","The quiet arithmetic of a smaller appetite.","LF-1 is a daily supplement taken alongside your routine.","Smaller plates, same needs","View LF-1"
"LF1_NUTRIENT_GAP_mythFact_sand_0456_1x1.png","0456","NUTRIENT_GAP","The nutrient gap","Specific GLP-1 problems","mythFact","sand","luxe","1x1","1080","1080","facebook_feed,instagram_feed","The quiet arithmetic of a smaller appetite.","LF-1 is a daily supplement taken alongside your routine.","Smaller plates, same needs","View LF-1"
"LF1_NUTRIENT_GAP_mythFact_sand_0456_4x5.png","0456","NUTRIENT_GAP","The nutrient gap","Specific GLP-1 problems","mythFact","sand","luxe","4x5","1080","1350","facebook_feed,instagram_feed","The quiet arithmetic of a smaller appetite.","LF-1 is a daily supplement taken alongside your routine.","Smaller plates, same needs","View LF-1"
"LF1_NUTRIENT_GAP_mythFact_sand_0456_9x16.png","0456","NUTRIENT_GAP","The nutrient gap","Specific GLP-1 problems","mythFact","sand","luxe","9x16","1080","1920","instagram_story,facebook_story,instagram_reels","The quiet arithmetic of a smaller appetite.","LF-1 is a daily supplement taken alongside your routine.","Smaller plates, same needs","View LF-1"
"LF1_NUTRIENT_GAP_notesApp_clay_0437_1x1.png","0437","NUTRIENT_GAP","The nutrient gap","Specific GLP-1 problems","notesApp","clay","editorial","1x1","1080","1080","facebook_feed,instagram_feed","The trade-off worth planning for.","Formulated for people eating substantially less than before.","Smaller plates, same needs","Shop now"
"LF1_NUTRIENT_GAP_notesApp_clay_0437_4x5.png","0437","NUTRIENT_GAP","The nutrient gap","Specific GLP-1 problems","notesApp","clay","editorial","4x5","1080","1350","facebook_feed,instagram_feed","The trade-off worth planning for.","Formulated for people eating substantially less than before.","Smaller plates, same needs","Shop now"
"LF1_NUTRIENT_GAP_notesApp_clay_0437_9x16.png","0437","NUTRIENT_GAP","The nutrient gap","Specific GLP-1 problems","notesApp","clay","editorial","9x16","1080","1920","instagram_story,facebook_story,instagram_reels","The trade-off worth planning for.","Formulated for people eating substantially less than before.","Smaller plates, same needs","Shop now"
"LF1_NUTRIENT_GAP_prescriptionPair_clay_0444_191x1.png","0444","NUTRIENT_GAP","The nutrient gap","Specific GLP-1 problems","prescriptionPair","clay","editorial","191x1","1200","628","facebook_right_column,audience_network","Less food in. Same body to run.","LF-1 is a daily supplement taken alongside your routine.","Smaller plates, same needs","Shop now"
"LF1_NUTRIENT_GAP_prescriptionPair_clay_0444_1x1.png","0444","NUTRIENT_GAP","The nutrient gap","Specific GLP-1 problems","prescriptionPair","clay","editorial","1x1","1080","1080","facebook_feed,instagram_feed","Less food in. Same body to run.","LF-1 is a daily supplement taken alongside your routine.","Smaller plates, same needs","Shop now"
"LF1_NUTRIENT_GAP_prescriptionPair_clay_0444_4x5.png","0444","NUTRIENT_GAP","The nutrient gap","Specific GLP-1 problems","prescriptionPair","clay","editorial","4x5","1080","1350","facebook_feed,instagram_feed","Less food in. Same body to run.","LF-1 is a daily supplement taken alongside your routine.","Smaller plates, same needs","Shop now"
"LF1_NUTRIENT_GAP_prescriptionPair_clay_0444_9x16.png","0444","NUTRIENT_GAP","The nutrient gap","Specific GLP-1 problems","prescriptionPair","clay","editorial","9x16","1080","1920","instagram_story,facebook_story,instagram_reels","Less food in. Same body to run.","LF-1 is a daily supplement taken alongside your routine.","Smaller plates, same needs","Shop now"
"LF1_NUTRIENT_GAP_productSlot_bone_0453_191x1.png","0453","NUTRIENT_GAP","The nutrient gap","Specific GLP-1 problems","productSlot","bone","luxe","191x1","1200","628","facebook_right_column,audience_network","A GLP-1 changes intake. Plan for it.","LF-1 is a daily supplement taken alongside your routine.","Eating less, absorbing less","See what’s in it"
"LF1_NUTRIENT_GAP_productSlot_bone_0453_1x1.png","0453","NUTRIENT_GAP","The nutrient gap","Specific GLP-1 problems","productSlot","bone","luxe","1x1","1080","1080","facebook_feed,instagram_feed","A GLP-1 changes intake. Plan for it.","LF-1 is a daily supplement taken alongside your routine.","Eating less, absorbing less","See what’s in it"
"LF1_NUTRIENT_GAP_productSlot_bone_0453_4x5.png","0453","NUTRIENT_GAP","The nutrient gap","Specific GLP-1 problems","productSlot","bone","luxe","4x5","1080","1350","facebook_feed,instagram_feed","A GLP-1 changes intake. Plan for it.","LF-1 is a daily supplement taken alongside your routine.","Eating less, absorbing less","See what’s in it"
"LF1_NUTRIENT_GAP_productSlot_bone_0453_9x16.png","0453","NUTRIENT_GAP","The nutrient gap","Specific GLP-1 problems","productSlot","bone","luxe","9x16","1080","1920","instagram_story,facebook_story,instagram_reels","A GLP-1 changes intake. Plan for it.","LF-1 is a daily supplement taken alongside your routine.","Eating less, absorbing less","See what’s in it"
"LF1_NUTRIENT_GAP_productSlot_clay_0429_191x1.png","0429","NUTRIENT_GAP","The nutrient gap","Specific GLP-1 problems","productSlot","clay","luxe","191x1","1200","628","facebook_right_column,audience_network","Less on the plate. More reason to supplement.","Two capsules daily. Contains iron.","Smaller plates, same needs","See what’s in it"
"LF1_NUTRIENT_GAP_productSlot_clay_0429_1x1.png","0429","NUTRIENT_GAP","The nutrient gap","Specific GLP-1 problems","productSlot","clay","luxe","1x1","1080","1080","facebook_feed,instagram_feed","Less on the plate. More reason to supplement.","Two capsules daily. Contains iron.","Smaller plates, same needs","See what’s in it"
"LF1_NUTRIENT_GAP_productSlot_clay_0429_4x5.png","0429","NUTRIENT_GAP","The nutrient gap","Specific GLP-1 problems","productSlot","clay","luxe","4x5","1080","1350","facebook_feed,instagram_feed","Less on the plate. More reason to supplement.","Two capsules daily. Contains iron.","Smaller plates, same needs","See what’s in it"
"LF1_NUTRIENT_GAP_productSlot_clay_0429_9x16.png","0429","NUTRIENT_GAP","The nutrient gap","Specific GLP-1 problems","productSlot","clay","luxe","9x16","1080","1920","instagram_story,facebook_story,instagram_reels","Less on the plate. More reason to supplement.","Two capsules daily. Contains iron.","Smaller plates, same needs","See what’s in it"
"LF1_NUTRIENT_GAP_quoteCard_bone_0415_191x1.png","0415","NUTRIENT_GAP","The nutrient gap","Specific GLP-1 problems","quoteCard","bone","editorial","191x1","1200","628","facebook_right_column,audience_network","When portions shrink, intake shrinks with them.","Two capsules daily. Contains iron.","Smaller plates, same needs","View LF-1"
"LF1_NUTRIENT_GAP_quoteCard_bone_0415_1x1.png","0415","NUTRIENT_GAP","The nutrient gap","Specific GLP-1 problems","quoteCard","bone","editorial","1x1","1080","1080","facebook_feed,instagram_feed","When portions shrink, intake shrinks with them.","Two capsules daily. Contains iron.","Smaller plates, same needs","View LF-1"
"LF1_NUTRIENT_GAP_quoteCard_bone_0415_4x5.png","0415","NUTRIENT_GAP","The nutrient gap","Specific GLP-1 problems","quoteCard","bone","editorial","4x5","1080","1350","facebook_feed,instagram_feed","When portions shrink, intake shrinks with them.","Two capsules daily. Contains iron.","Smaller plates, same needs","View LF-1"
"LF1_NUTRIENT_GAP_quoteCard_bone_0415_9x16.png","0415","NUTRIENT_GAP","The nutrient gap","Specific GLP-1 problems","quoteCard","bone","editorial","9x16","1080","1920","instagram_story,facebook_story,instagram_reels","When portions shrink, intake shrinks with them.","Two capsules daily. Contains iron.","Smaller plates, same needs","View LF-1"
"LF1_NUTRIENT_GAP_ruleStack_bone_0420_191x1.png","0420","NUTRIENT_GAP","The nutrient gap","Specific GLP-1 problems","ruleStack","bone","editorial","191x1","1200","628","facebook_right_column,audience_network","What happens when you simply eat less.","Two capsules daily. Contains iron.","The intake question","Learn more"
"LF1_NUTRIENT_GAP_ruleStack_bone_0420_1x1.png","0420","NUTRIENT_GAP","The nutrient gap","Specific GLP-1 problems","ruleStack","bone","editorial","1x1","1080","1080","facebook_feed,instagram_feed","What happens when you simply eat less.","Two capsules daily. Contains iron.","The intake question","Learn more"
"LF1_NUTRIENT_GAP_ruleStack_bone_0420_4x5.png","0420","NUTRIENT_GAP","The nutrient gap","Specific GLP-1 problems","ruleStack","bone","editorial","4x5","1080","1350","facebook_feed,instagram_feed","What happens when you simply eat less.","Two capsules daily. Contains iron.","The intake question","Learn more"
"LF1_NUTRIENT_GAP_ruleStack_bone_0420_9x16.png","0420","NUTRIENT_GAP","The nutrient gap","Specific GLP-1 problems","ruleStack","bone","editorial","9x16","1080","1920","instagram_story,facebook_story,instagram_reels","What happens when you simply eat less.","Two capsules daily. Contains iron.","The intake question","Learn more"
"LF1_NUTRIENT_GAP_ruleStack_ink_0430_191x1.png","0430","NUTRIENT_GAP","The nutrient gap","Specific GLP-1 problems","ruleStack","ink","grotesk","191x1","1200","628","facebook_right_column,audience_network","When you eat half as much, what comes with it?","Formulated for people eating substantially less than before.","Eating less, absorbing less","See what’s in it"
"LF1_NUTRIENT_GAP_ruleStack_ink_0430_1x1.png","0430","NUTRIENT_GAP","The nutrient gap","Specific GLP-1 problems","ruleStack","ink","grotesk","1x1","1080","1080","facebook_feed,instagram_feed","When you eat half as much, what comes with it?","Formulated for people eating substantially less than before.","Eating less, absorbing less","See what’s in it"
"LF1_NUTRIENT_GAP_ruleStack_ink_0430_4x5.png","0430","NUTRIENT_GAP","The nutrient gap","Specific GLP-1 problems","ruleStack","ink","grotesk","4x5","1080","1350","facebook_feed,instagram_feed","When you eat half as much, what comes with it?","Formulated for people eating substantially less than before.","Eating less, absorbing less","See what’s in it"
"LF1_NUTRIENT_GAP_ruleStack_ink_0430_9x16.png","0430","NUTRIENT_GAP","The nutrient gap","Specific GLP-1 problems","ruleStack","ink","grotesk","9x16","1080","1920","instagram_story,facebook_story,instagram_reels","When you eat half as much, what comes with it?","Formulated for people eating substantially less than before.","Eating less, absorbing less","See what’s in it"
"LF1_NUTRIENT_GAP_ruleStack_ink_0436_191x1.png","0436","NUTRIENT_GAP","The nutrient gap","Specific GLP-1 problems","ruleStack","ink","condensed","191x1","1200","628","facebook_right_column,audience_network","Fewer calories in means fewer of everything in.","Formulated for people eating substantially less than before.","The intake question","See the formula"
"LF1_NUTRIENT_GAP_ruleStack_ink_0451_191x1.png","0451","NUTRIENT_GAP","The nutrient gap","Specific GLP-1 problems","ruleStack","ink","condensed","191x1","1200","628","facebook_right_column,audience_network","Eating like a bird. Still built like a person.","A GLP-1 reduces appetite — and everything that comes in with food.","Smaller plates, same needs","Learn more"
"LF1_NUTRIENT_GAP_ruleStack_ink_0451_1x1.png","0451","NUTRIENT_GAP","The nutrient gap","Specific GLP-1 problems","ruleStack","ink","condensed","1x1","1080","1080","facebook_feed,instagram_feed","Eating like a bird. Still built like a person.","A GLP-1 reduces appetite — and everything that comes in with food.","Smaller plates, same needs","Learn more"
"LF1_NUTRIENT_GAP_ruleStack_ink_0451_4x5.png","0451","NUTRIENT_GAP","The nutrient gap","Specific GLP-1 problems","ruleStack","ink","condensed","4x5","1080","1350","facebook_feed,instagram_feed","Eating like a bird. Still built like a person.","A GLP-1 reduces appetite — and everything that comes in with food.","Smaller plates, same needs","Learn more"
"LF1_NUTRIENT_GAP_ruleStack_ink_0451_9x16.png","0451","NUTRIENT_GAP","The nutrient gap","Specific GLP-1 problems","ruleStack","ink","condensed","9x16","1080","1920","instagram_story,facebook_story,instagram_reels","Eating like a bird. Still built like a person.","A GLP-1 reduces appetite — and everything that comes in with food.","Smaller plates, same needs","Learn more"
"LF1_NUTRIENT_GAP_ruleStack_sage_0452_191x1.png","0452","NUTRIENT_GAP","The nutrient gap","Specific GLP-1 problems","ruleStack","sage","grotesk","191x1","1200","628","facebook_right_column,audience_network","The gap between eating less and needing less.","Two capsules daily. Contains iron.","Smaller plates, same needs","Read the label"
"LF1_NUTRIENT_GAP_ruleStack_sand_0427_191x1.png","0427","NUTRIENT_GAP","The nutrient gap","Specific GLP-1 problems","ruleStack","sand","editorial","191x1","1200","628","facebook_right_column,audience_network","You’re eating less. That’s working. Now cover the gap.","A GLP-1 reduces appetite — and everything that comes in with food.","Smaller plates, same needs","View LF-1"
"LF1_NUTRIENT_GAP_ruleStack_sand_0427_1x1.png","0427","NUTRIENT_GAP","The nutrient gap","Specific GLP-1 problems","ruleStack","sand","editorial","1x1","1080","1080","facebook_feed,instagram_feed","You’re eating less. That’s working. Now cover the gap.","A GLP-1 reduces appetite — and everything that comes in with food.","Smaller plates, same needs","View LF-1"
"LF1_NUTRIENT_GAP_ruleStack_sand_0427_4x5.png","0427","NUTRIENT_GAP","The nutrient gap","Specific GLP-1 problems","ruleStack","sand","editorial","4x5","1080","1350","facebook_feed,instagram_feed","You’re eating less. That’s working. Now cover the gap.","A GLP-1 reduces appetite — and everything that comes in with food.","Smaller plates, same needs","View LF-1"
"LF1_NUTRIENT_GAP_ruleStack_sand_0427_9x16.png","0427","NUTRIENT_GAP","The nutrient gap","Specific GLP-1 problems","ruleStack","sand","editorial","9x16","1080","1920","instagram_story,facebook_story,instagram_reels","You’re eating less. That’s working. Now cover the gap.","A GLP-1 reduces appetite — and everything that comes in with food.","Smaller plates, same needs","View LF-1"
"LF1_NUTRIENT_GAP_ruleStack_sand_0442_191x1.png","0442","NUTRIENT_GAP","The nutrient gap","Specific GLP-1 problems","ruleStack","sand","luxe","191x1","1200","628","facebook_right_column,audience_network","Smaller plates. Same requirements.","A GLP-1 reduces appetite — and everything that comes in with food.","The intake question","View LF-1"
"LF1_NUTRIENT_GAP_ruleStack_sand_0442_1x1.png","0442","NUTRIENT_GAP","The nutrient gap","Specific GLP-1 problems","ruleStack","sand","luxe","1x1","1080","1080","facebook_feed,instagram_feed","Smaller plates. Same requirements.","A GLP-1 reduces appetite — and everything that comes in with food.","The intake question","View LF-1"
"LF1_NUTRIENT_GAP_ruleStack_sand_0442_4x5.png","0442","NUTRIENT_GAP","The nutrient gap","Specific GLP-1 problems","ruleStack","sand","luxe","4x5","1080","1350","facebook_feed,instagram_feed","Smaller plates. Same requirements.","A GLP-1 reduces appetite — and everything that comes in with food.","The intake question","View LF-1"
"LF1_NUTRIENT_GAP_ruleStack_sand_0442_9x16.png","0442","NUTRIENT_GAP","The nutrient gap","Specific GLP-1 problems","ruleStack","sand","luxe","9x16","1080","1920","instagram_story,facebook_story,instagram_reels","Smaller plates. Same requirements.","A GLP-1 reduces appetite — and everything that comes in with food.","The intake question","View LF-1"
"LF1_NUTRIENT_GAP_splitPanel_ink_0445_191x1.png","0445","NUTRIENT_GAP","The nutrient gap","Specific GLP-1 problems","splitPanel","ink","condensed","191x1","1200","628","facebook_right_column,audience_network","When portions shrink, intake shrinks with them.","LF-1 is a daily supplement taken alongside your routine.","Smaller plates, same needs","View LF-1"
"LF1_NUTRIENT_GAP_splitPanel_ink_0445_1x1.png","0445","NUTRIENT_GAP","The nutrient gap","Specific GLP-1 problems","splitPanel","ink","condensed","1x1","1080","1080","facebook_feed,instagram_feed","When portions shrink, intake shrinks with them.","LF-1 is a daily supplement taken alongside your routine.","Smaller plates, same needs","View LF-1"
"LF1_NUTRIENT_GAP_splitPanel_ink_0445_4x5.png","0445","NUTRIENT_GAP","The nutrient gap","Specific GLP-1 problems","splitPanel","ink","condensed","4x5","1080","1350","facebook_feed,instagram_feed","When portions shrink, intake shrinks with them.","LF-1 is a daily supplement taken alongside your routine.","Smaller plates, same needs","View LF-1"
"LF1_NUTRIENT_GAP_splitPanel_ink_0445_9x16.png","0445","NUTRIENT_GAP","The nutrient gap","Specific GLP-1 problems","splitPanel","ink","condensed","9x16","1080","1920","instagram_story,facebook_story,instagram_reels","When portions shrink, intake shrinks with them.","LF-1 is a daily supplement taken alongside your routine.","Smaller plates, same needs","View LF-1"
"LF1_NUTRIENT_GAP_splitPanel_ink_0446_191x1.png","0446","NUTRIENT_GAP","The nutrient gap","Specific GLP-1 problems","splitPanel","ink","impact","191x1","1200","628","facebook_right_column,audience_network","Half the plate. All the same requirements.","Two capsules daily. Contains iron.","The intake question","Shop now"
"LF1_NUTRIENT_GAP_splitPanel_ink_0446_1x1.png","0446","NUTRIENT_GAP","The nutrient gap","Specific GLP-1 problems","splitPanel","ink","impact","1x1","1080","1080","facebook_feed,instagram_feed","Half the plate. All the same requirements.","Two capsules daily. Contains iron.","The intake question","Shop now"
"LF1_NUTRIENT_GAP_splitPanel_ink_0446_4x5.png","0446","NUTRIENT_GAP","The nutrient gap","Specific GLP-1 problems","splitPanel","ink","impact","4x5","1080","1350","facebook_feed,instagram_feed","Half the plate. All the same requirements.","Two capsules daily. Contains iron.","The intake question","Shop now"
"LF1_NUTRIENT_GAP_splitPanel_ink_0446_9x16.png","0446","NUTRIENT_GAP","The nutrient gap","Specific GLP-1 problems","splitPanel","ink","impact","9x16","1080","1920","instagram_story,facebook_story,instagram_reels","Half the plate. All the same requirements.","Two capsules daily. Contains iron.","The intake question","Shop now"
"LF1_NUTRIENT_GAP_splitPanel_mint_0428_191x1.png","0428","NUTRIENT_GAP","The nutrient gap","Specific GLP-1 problems","splitPanel","mint","humanist","191x1","1200","628","facebook_right_column,audience_network","The quiet arithmetic of a smaller appetite.","Formulated for people eating substantially less than before.","The intake question","See the formula"
"LF1_NUTRIENT_GAP_splitPanel_mint_0428_1x1.png","0428","NUTRIENT_GAP","The nutrient gap","Specific GLP-1 problems","splitPanel","mint","humanist","1x1","1080","1080","facebook_feed,instagram_feed","The quiet arithmetic of a smaller appetite.","Formulated for people eating substantially less than before.","The intake question","See the formula"
"LF1_NUTRIENT_GAP_splitPanel_mint_0428_4x5.png","0428","NUTRIENT_GAP","The nutrient gap","Specific GLP-1 problems","splitPanel","mint","humanist","4x5","1080","1350","facebook_feed,instagram_feed","The quiet arithmetic of a smaller appetite.","Formulated for people eating substantially less than before.","The intake question","See the formula"
"LF1_NUTRIENT_GAP_splitPanel_mint_0428_9x16.png","0428","NUTRIENT_GAP","The nutrient gap","Specific GLP-1 problems","splitPanel","mint","humanist","9x16","1080","1920","instagram_story,facebook_story,instagram_reels","The quiet arithmetic of a smaller appetite.","Formulated for people eating substantially less than before.","The intake question","See the formula"
"LF1_NUTRIENT_GAP_splitPanel_mint_0434_191x1.png","0434","NUTRIENT_GAP","The nutrient gap","Specific GLP-1 problems","splitPanel","mint","grotesk","191x1","1200","628","facebook_right_column,audience_network","Mind the gap between appetite and requirement.","A GLP-1 reduces appetite — and everything that comes in with food.","The intake question","Explore LF-1"
"LF1_NUTRIENT_GAP_splitPanel_mint_0434_1x1.png","0434","NUTRIENT_GAP","The nutrient gap","Specific GLP-1 problems","splitPanel","mint","grotesk","1x1","1080","1080","facebook_feed,instagram_feed","Mind the gap between appetite and requirement.","A GLP-1 reduces appetite — and everything that comes in with food.","The intake question","Explore LF-1"
"LF1_NUTRIENT_GAP_splitPanel_mint_0434_4x5.png","0434","NUTRIENT_GAP","The nutrient gap","Specific GLP-1 problems","splitPanel","mint","grotesk","4x5","1080","1350","facebook_feed,instagram_feed","Mind the gap between appetite and requirement.","A GLP-1 reduces appetite — and everything that comes in with food.","The intake question","Explore LF-1"
"LF1_NUTRIENT_GAP_splitPanel_mint_0434_9x16.png","0434","NUTRIENT_GAP","The nutrient gap","Specific GLP-1 problems","splitPanel","mint","grotesk","9x16","1080","1920","instagram_story,facebook_story,instagram_reels","Mind the gap between appetite and requirement.","A GLP-1 reduces appetite — and everything that comes in with food.","The intake question","Explore LF-1"
"LF1_NUTRIENT_GAP_splitPanel_sage_0460_191x1.png","0460","NUTRIENT_GAP","The nutrient gap","Specific GLP-1 problems","splitPanel","sage","humanist","191x1","1200","628","facebook_right_column,audience_network","The intake question nobody asks.","Two capsules daily. Contains iron.","Eating less, absorbing less","Shop LF-1"
"LF1_NUTRIENT_GAP_splitPanel_sage_0460_1x1.png","0460","NUTRIENT_GAP","The nutrient gap","Specific GLP-1 problems","splitPanel","sage","humanist","1x1","1080","1080","facebook_feed,instagram_feed","The intake question nobody asks.","Two capsules daily. Contains iron.","Eating less, absorbing less","Shop LF-1"
"LF1_NUTRIENT_GAP_splitPanel_sage_0460_4x5.png","0460","NUTRIENT_GAP","The nutrient gap","Specific GLP-1 problems","splitPanel","sage","humanist","4x5","1080","1350","facebook_feed,instagram_feed","The intake question nobody asks.","Two capsules daily. Contains iron.","Eating less, absorbing less","Shop LF-1"
"LF1_NUTRIENT_GAP_splitPanel_sage_0460_9x16.png","0460","NUTRIENT_GAP","The nutrient gap","Specific GLP-1 problems","splitPanel","sage","humanist","9x16","1080","1920","instagram_story,facebook_story,instagram_reels","The intake question nobody asks.","Two capsules daily. Contains iron.","Eating less, absorbing less","Shop LF-1"
"LF1_NUTRIENT_GAP_splitPanel_sand_0439_191x1.png","0439","NUTRIENT_GAP","The nutrient gap","Specific GLP-1 problems","splitPanel","sand","luxe","191x1","1200","628","facebook_right_column,audience_network","What a shrinking appetite quietly takes with it.","Two capsules daily. Contains iron.","Eating less, absorbing less","See the formula"
"LF1_NUTRIENT_GAP_splitPanel_sand_0439_1x1.png","0439","NUTRIENT_GAP","The nutrient gap","Specific GLP-1 problems","splitPanel","sand","luxe","1x1","1080","1080","facebook_feed,instagram_feed","What a shrinking appetite quietly takes with it.","Two capsules daily. Contains iron.","Eating less, absorbing less","See the formula"
"LF1_NUTRIENT_GAP_splitPanel_sand_0439_4x5.png","0439","NUTRIENT_GAP","The nutrient gap","Specific GLP-1 problems","splitPanel","sand","luxe","4x5","1080","1350","facebook_feed,instagram_feed","What a shrinking appetite quietly takes with it.","Two capsules daily. Contains iron.","Eating less, absorbing less","See the formula"
"LF1_NUTRIENT_GAP_splitPanel_sand_0439_9x16.png","0439","NUTRIENT_GAP","The nutrient gap","Specific GLP-1 problems","splitPanel","sand","luxe","9x16","1080","1920","instagram_story,facebook_story,instagram_reels","What a shrinking appetite quietly takes with it.","Two capsules daily. Contains iron.","Eating less, absorbing less","See the formula"
"LF1_NUTRIENT_GAP_statBlock_bone_0435_191x1.png","0435","NUTRIENT_GAP","The nutrient gap","Specific GLP-1 problems","statBlock","bone","humanist","191x1","1200","628","facebook_right_column,audience_network","Your plate got smaller. Your needs stayed put.","A GLP-1 reduces appetite — and everything that comes in with food.","Smaller plates, same needs","See what’s in it"
"LF1_NUTRIENT_GAP_statBlock_bone_0435_1x1.png","0435","NUTRIENT_GAP","The nutrient gap","Specific GLP-1 problems","statBlock","bone","humanist","1x1","1080","1080","facebook_feed,instagram_feed","Your plate got smaller. Your needs stayed put.","A GLP-1 reduces appetite — and everything that comes in with food.","Smaller plates, same needs","See what’s in it"
"LF1_NUTRIENT_GAP_statBlock_bone_0435_4x5.png","0435","NUTRIENT_GAP","The nutrient gap","Specific GLP-1 problems","statBlock","bone","humanist","4x5","1080","1350","facebook_feed,instagram_feed","Your plate got smaller. Your needs stayed put.","A GLP-1 reduces appetite — and everything that comes in with food.","Smaller plates, same needs","See what’s in it"
"LF1_NUTRIENT_GAP_statBlock_bone_0435_9x16.png","0435","NUTRIENT_GAP","The nutrient gap","Specific GLP-1 problems","statBlock","bone","humanist","9x16","1080","1920","instagram_story,facebook_story,instagram_reels","Your plate got smaller. Your needs stayed put.","A GLP-1 reduces appetite — and everything that comes in with food.","Smaller plates, same needs","See what’s in it"
"LF1_NUTRIENT_GAP_statBlock_clay_0425_191x1.png","0425","NUTRIENT_GAP","The nutrient gap","Specific GLP-1 problems","statBlock","clay","luxe","191x1","1200","628","facebook_right_column,audience_network","A GLP-1 changes intake. Plan for it.","LF-1 is a daily supplement taken alongside your routine.","Smaller plates, same needs","Shop LF-1"
"LF1_NUTRIENT_GAP_statBlock_clay_0425_1x1.png","0425","NUTRIENT_GAP","The nutrient gap","Specific GLP-1 problems","statBlock","clay","luxe","1x1","1080","1080","facebook_feed,instagram_feed","A GLP-1 changes intake. Plan for it.","LF-1 is a daily supplement taken alongside your routine.","Smaller plates, same needs","Shop LF-1"
"LF1_NUTRIENT_GAP_statBlock_clay_0425_4x5.png","0425","NUTRIENT_GAP","The nutrient gap","Specific GLP-1 problems","statBlock","clay","luxe","4x5","1080","1350","facebook_feed,instagram_feed","A GLP-1 changes intake. Plan for it.","LF-1 is a daily supplement taken alongside your routine.","Smaller plates, same needs","Shop LF-1"
"LF1_NUTRIENT_GAP_statBlock_clay_0425_9x16.png","0425","NUTRIENT_GAP","The nutrient gap","Specific GLP-1 problems","statBlock","clay","luxe","9x16","1080","1920","instagram_story,facebook_story,instagram_reels","A GLP-1 changes intake. Plan for it.","LF-1 is a daily supplement taken alongside your routine.","Smaller plates, same needs","Shop LF-1"
"LF1_NUTRIENT_GAP_statBlock_forest_0440_191x1.png","0440","NUTRIENT_GAP","The nutrient gap","Specific GLP-1 problems","statBlock","forest","editorial","191x1","1200","628","facebook_right_column,audience_network","The gap is real. Close it daily.","Two capsules daily. Contains iron.","The intake question","Learn more"
"LF1_NUTRIENT_GAP_statBlock_forest_0440_1x1.png","0440","NUTRIENT_GAP","The nutrient gap","Specific GLP-1 problems","statBlock","forest","editorial","1x1","1080","1080","facebook_feed,instagram_feed","The gap is real. Close it daily.","Two capsules daily. Contains iron.","The intake question","Learn more"
"LF1_NUTRIENT_GAP_statBlock_forest_0440_4x5.png","0440","NUTRIENT_GAP","The nutrient gap","Specific GLP-1 problems","statBlock","forest","editorial","4x5","1080","1350","facebook_feed,instagram_feed","The gap is real. Close it daily.","Two capsules daily. Contains iron.","The intake question","Learn more"
"LF1_NUTRIENT_GAP_statBlock_forest_0440_9x16.png","0440","NUTRIENT_GAP","The nutrient gap","Specific GLP-1 problems","statBlock","forest","editorial","9x16","1080","1920","instagram_story,facebook_story,instagram_reels","The gap is real. Close it daily.","Two capsules daily. Contains iron.","The intake question","Learn more"
"LF1_NUTRIENT_GAP_statBlock_ink_0423_191x1.png","0423","NUTRIENT_GAP","The nutrient gap","Specific GLP-1 problems","statBlock","ink","condensed","191x1","1200","628","facebook_right_column,audience_network","The gap between eating less and needing less.","LF-1 is a daily supplement taken alongside your routine.","Smaller plates, same needs","Read the label"
"LF1_NUTRIENT_GAP_statBlock_ink_0423_1x1.png","0423","NUTRIENT_GAP","The nutrient gap","Specific GLP-1 problems","statBlock","ink","condensed","1x1","1080","1080","facebook_feed,instagram_feed","The gap between eating less and needing less.","LF-1 is a daily supplement taken alongside your routine.","Smaller plates, same needs","Read the label"
"LF1_NUTRIENT_GAP_statBlock_ink_0423_4x5.png","0423","NUTRIENT_GAP","The nutrient gap","Specific GLP-1 problems","statBlock","ink","condensed","4x5","1080","1350","facebook_feed,instagram_feed","The gap between eating less and needing less.","LF-1 is a daily supplement taken alongside your routine.","Smaller plates, same needs","Read the label"
"LF1_NUTRIENT_GAP_statBlock_ink_0423_9x16.png","0423","NUTRIENT_GAP","The nutrient gap","Specific GLP-1 problems","statBlock","ink","condensed","9x16","1080","1920","instagram_story,facebook_story,instagram_reels","The gap between eating less and needing less.","LF-1 is a daily supplement taken alongside your routine.","Smaller plates, same needs","Read the label"
"LF1_NUTRIENT_GAP_statBlock_ink_0441_191x1.png","0441","NUTRIENT_GAP","The nutrient gap","Specific GLP-1 problems","statBlock","ink","grotesk","191x1","1200","628","facebook_right_column,audience_network","Eating less doesn’t mean needing less.","Two capsules daily. Contains iron.","Smaller plates, same needs","See what’s in it"
"LF1_NUTRIENT_GAP_statBlock_ink_0441_1x1.png","0441","NUTRIENT_GAP","The nutrient gap","Specific GLP-1 problems","statBlock","ink","grotesk","1x1","1080","1080","facebook_feed,instagram_feed","Eating less doesn’t mean needing less.","Two capsules daily. Contains iron.","Smaller plates, same needs","See what’s in it"
"LF1_NUTRIENT_GAP_statBlock_ink_0441_4x5.png","0441","NUTRIENT_GAP","The nutrient gap","Specific GLP-1 problems","statBlock","ink","grotesk","4x5","1080","1350","facebook_feed,instagram_feed","Eating less doesn’t mean needing less.","Two capsules daily. Contains iron.","Smaller plates, same needs","See what’s in it"
"LF1_NUTRIENT_GAP_statBlock_ink_0441_9x16.png","0441","NUTRIENT_GAP","The nutrient gap","Specific GLP-1 problems","statBlock","ink","grotesk","9x16","1080","1920","instagram_story,facebook_story,instagram_reels","Eating less doesn’t mean needing less.","Two capsules daily. Contains iron.","Smaller plates, same needs","See what’s in it"
"LF1_NUTRIENT_GAP_statBlock_mint_0424_191x1.png","0424","NUTRIENT_GAP","The nutrient gap","Specific GLP-1 problems","statBlock","mint","grotesk","191x1","1200","628","facebook_right_column,audience_network","Smaller portions, unchanged nutrition targets.","LF-1 is a daily supplement taken alongside your routine.","The intake question","Read the label"
"LF1_NUTRIENT_GAP_statBlock_mint_0424_1x1.png","0424","NUTRIENT_GAP","The nutrient gap","Specific GLP-1 problems","statBlock","mint","grotesk","1x1","1080","1080","facebook_feed,instagram_feed","Smaller portions, unchanged nutrition targets.","LF-1 is a daily supplement taken alongside your routine.","The intake question","Read the label"
"LF1_NUTRIENT_GAP_statBlock_mint_0424_4x5.png","0424","NUTRIENT_GAP","The nutrient gap","Specific GLP-1 problems","statBlock","mint","grotesk","4x5","1080","1350","facebook_feed,instagram_feed","Smaller portions, unchanged nutrition targets.","LF-1 is a daily supplement taken alongside your routine.","The intake question","Read the label"
"LF1_NUTRIENT_GAP_statBlock_mint_0424_9x16.png","0424","NUTRIENT_GAP","The nutrient gap","Specific GLP-1 problems","statBlock","mint","grotesk","9x16","1080","1920","instagram_story,facebook_story,instagram_reels","Smaller portions, unchanged nutrition targets.","LF-1 is a daily supplement taken alongside your routine.","The intake question","Read the label"
"LF1_NUTRIENT_GAP_statBlock_mint_0431_191x1.png","0431","NUTRIENT_GAP","The nutrient gap","Specific GLP-1 problems","statBlock","mint","grotesk","191x1","1200","628","facebook_right_column,audience_network","Appetite suppression works. Nutrition still matters.","Two capsules daily. Contains iron.","The intake question","Start with one month"
"LF1_NUTRIENT_GAP_statBlock_mint_0431_1x1.png","0431","NUTRIENT_GAP","The nutrient gap","Specific GLP-1 problems","statBlock","mint","grotesk","1x1","1080","1080","facebook_feed,instagram_feed","Appetite suppression works. Nutrition still matters.","Two capsules daily. Contains iron.","The intake question","Start with one month"
"LF1_NUTRIENT_GAP_statBlock_mint_0431_4x5.png","0431","NUTRIENT_GAP","The nutrient gap","Specific GLP-1 problems","statBlock","mint","grotesk","4x5","1080","1350","facebook_feed,instagram_feed","Appetite suppression works. Nutrition still matters.","Two capsules daily. Contains iron.","The intake question","Start with one month"
"LF1_NUTRIENT_GAP_statBlock_mint_0431_9x16.png","0431","NUTRIENT_GAP","The nutrient gap","Specific GLP-1 problems","statBlock","mint","grotesk","9x16","1080","1920","instagram_story,facebook_story,instagram_reels","Appetite suppression works. Nutrition still matters.","Two capsules daily. Contains iron.","The intake question","Start with one month"
"LF1_NUTRIENT_GAP_statBlock_sage_0449_191x1.png","0449","NUTRIENT_GAP","The nutrient gap","Specific GLP-1 problems","statBlock","sage","humanist","191x1","1200","628","facebook_right_column,audience_network","What happens when you simply eat less.","Two capsules daily. Contains iron.","The intake question","Shop now"
"LF1_NUTRIENT_GAP_statBlock_sage_0449_1x1.png","0449","NUTRIENT_GAP","The nutrient gap","Specific GLP-1 problems","statBlock","sage","humanist","1x1","1080","1080","facebook_feed,instagram_feed","What happens when you simply eat less.","Two capsules daily. Contains iron.","The intake question","Shop now"
"LF1_NUTRIENT_GAP_statBlock_sage_0449_4x5.png","0449","NUTRIENT_GAP","The nutrient gap","Specific GLP-1 problems","statBlock","sage","humanist","4x5","1080","1350","facebook_feed,instagram_feed","What happens when you simply eat less.","Two capsules daily. Contains iron.","The intake question","Shop now"
"LF1_NUTRIENT_GAP_statBlock_sage_0449_9x16.png","0449","NUTRIENT_GAP","The nutrient gap","Specific GLP-1 problems","statBlock","sage","humanist","9x16","1080","1920","instagram_story,facebook_story,instagram_reels","What happens when you simply eat less.","Two capsules daily. Contains iron.","The intake question","Shop now"
"LF1_NUTRIENT_GAP_statBlock_sand_0448_191x1.png","0448","NUTRIENT_GAP","The nutrient gap","Specific GLP-1 problems","statBlock","sand","luxe","191x1","1200","628","facebook_right_column,audience_network","Fewer meals, same daily needs.","A GLP-1 reduces appetite — and everything that comes in with food.","Eating less, absorbing less","Start with one month"
"LF1_NUTRIENT_GAP_statBlock_sand_0448_1x1.png","0448","NUTRIENT_GAP","The nutrient gap","Specific GLP-1 problems","statBlock","sand","luxe","1x1","1080","1080","facebook_feed,instagram_feed","Fewer meals, same daily needs.","A GLP-1 reduces appetite — and everything that comes in with food.","Eating less, absorbing less","Start with one month"
"LF1_NUTRIENT_GAP_statBlock_sand_0448_4x5.png","0448","NUTRIENT_GAP","The nutrient gap","Specific GLP-1 problems","statBlock","sand","luxe","4x5","1080","1350","facebook_feed,instagram_feed","Fewer meals, same daily needs.","A GLP-1 reduces appetite — and everything that comes in with food.","Eating less, absorbing less","Start with one month"
"LF1_NUTRIENT_GAP_statBlock_sand_0448_9x16.png","0448","NUTRIENT_GAP","The nutrient gap","Specific GLP-1 problems","statBlock","sand","luxe","9x16","1080","1920","instagram_story,facebook_story,instagram_reels","Fewer meals, same daily needs.","A GLP-1 reduces appetite — and everything that comes in with food.","Eating less, absorbing less","Start with one month"
"LF1_NUTRIENT_GAP_stickyNote_forest_0454_191x1.png","0454","NUTRIENT_GAP","The nutrient gap","Specific GLP-1 problems","stickyNote","forest","luxe","191x1","1200","628","facebook_right_column,audience_network","Reduced appetite is the point. Reduced intake is the side effect.","LF-1 is a daily supplement taken alongside your routine.","Smaller plates, same needs","Start with one month"
"LF1_NUTRIENT_GAP_stickyNote_forest_0454_1x1.png","0454","NUTRIENT_GAP","The nutrient gap","Specific GLP-1 problems","stickyNote","forest","luxe","1x1","1080","1080","facebook_feed,instagram_feed","Reduced appetite is the point. Reduced intake is the side effect.","LF-1 is a daily supplement taken alongside your routine.","Smaller plates, same needs","Start with one month"
"LF1_NUTRIENT_GAP_stickyNote_forest_0454_4x5.png","0454","NUTRIENT_GAP","The nutrient gap","Specific GLP-1 problems","stickyNote","forest","luxe","4x5","1080","1350","facebook_feed,instagram_feed","Reduced appetite is the point. Reduced intake is the side effect.","LF-1 is a daily supplement taken alongside your routine.","Smaller plates, same needs","Start with one month"
"LF1_NUTRIENT_GAP_stickyNote_forest_0454_9x16.png","0454","NUTRIENT_GAP","The nutrient gap","Specific GLP-1 problems","stickyNote","forest","luxe","9x16","1080","1920","instagram_story,facebook_story,instagram_reels","Reduced appetite is the point. Reduced intake is the side effect.","LF-1 is a daily supplement taken alongside your routine.","Smaller plates, same needs","Start with one month"
"LF1_OFFER_badgeGrid_bone_0488_191x1.png","0488","OFFER","Offer & starting point","Conversion","badgeGrid","bone","editorial","191x1","1200","628","facebook_right_column,audience_network","Start with a single month.","Subscription available, never required.","One month supply","Shop now"
"LF1_OFFER_badgeGrid_clay_0497_191x1.png","0497","OFFER","Offer & starting point","Conversion","badgeGrid","clay","editorial","191x1","1200","628","facebook_right_column,audience_network","Thirty mornings in every bottle.","LF-1 — 60 capsules. Two capsules daily. Available at leaf-pure.com.","One month supply","Read the label"
"LF1_OFFER_badgeGrid_forest_0500_191x1.png","0500","OFFER","Offer & starting point","Conversion","badgeGrid","forest","editorial","191x1","1200","628","facebook_right_column,audience_network","One bottle. Sixty capsules. That’s the unit.","Subscription available, never required.","60 capsules","Shop LF-1"
"LF1_OFFER_badgeGrid_ink_0489_191x1.png","0489","OFFER","Offer & starting point","Conversion","badgeGrid","ink","condensed","191x1","1200","628","facebook_right_column,audience_network","One month at a time.","LF-1 — 60 capsules. Two capsules daily. Available at leaf-pure.com.","Direct from LEAF","Explore LF-1"
"LF1_OFFER_boxFrame_sage_0495_191x1.png","0495","OFFER","Offer & starting point","Conversion","boxFrame","sage","grotesk","191x1","1200","628","facebook_right_column,audience_network","Order one. See how the month goes.","Ships from the USA. Free shipping within the USA.","One bottle, one month","Learn more"
"LF1_OFFER_boxFrame_sage_0495_1x1.png","0495","OFFER","Offer & starting point","Conversion","boxFrame","sage","grotesk","1x1","1080","1080","facebook_feed,instagram_feed","Order one. See how the month goes.","Ships from the USA. Free shipping within the USA.","One bottle, one month","Learn more"
"LF1_OFFER_boxFrame_sage_0495_4x5.png","0495","OFFER","Offer & starting point","Conversion","boxFrame","sage","grotesk","4x5","1080","1350","facebook_feed,instagram_feed","Order one. See how the month goes.","Ships from the USA. Free shipping within the USA.","One bottle, one month","Learn more"
"LF1_OFFER_boxFrame_sage_0495_9x16.png","0495","OFFER","Offer & starting point","Conversion","boxFrame","sage","grotesk","9x16","1080","1920","instagram_story,facebook_story,instagram_reels","Order one. See how the month goes.","Ships from the USA. Free shipping within the USA.","One bottle, one month","Learn more"
"LF1_OFFER_checklist_bone_0488_1x1.png","0488","OFFER","Offer & starting point","Conversion","checklist","bone","editorial","1x1","1080","1080","facebook_feed,instagram_feed","Start with a single month.","Subscription available, never required.","One month supply","Shop now"
"LF1_OFFER_checklist_bone_0488_4x5.png","0488","OFFER","Offer & starting point","Conversion","checklist","bone","editorial","4x5","1080","1350","facebook_feed,instagram_feed","Start with a single month.","Subscription available, never required.","One month supply","Shop now"
"LF1_OFFER_checklist_bone_0488_9x16.png","0488","OFFER","Offer & starting point","Conversion","checklist","bone","editorial","9x16","1080","1920","instagram_story,facebook_story,instagram_reels","Start with a single month.","Subscription available, never required.","One month supply","Shop now"
"LF1_OFFER_checklist_clay_0497_1x1.png","0497","OFFER","Offer & starting point","Conversion","checklist","clay","editorial","1x1","1080","1080","facebook_feed,instagram_feed","Thirty mornings in every bottle.","LF-1 — 60 capsules. Two capsules daily. Available at leaf-pure.com.","One month supply","Read the label"
"LF1_OFFER_checklist_clay_0497_4x5.png","0497","OFFER","Offer & starting point","Conversion","checklist","clay","editorial","4x5","1080","1350","facebook_feed,instagram_feed","Thirty mornings in every bottle.","LF-1 — 60 capsules. Two capsules daily. Available at leaf-pure.com.","One month supply","Read the label"
"LF1_OFFER_checklist_clay_0497_9x16.png","0497","OFFER","Offer & starting point","Conversion","checklist","clay","editorial","9x16","1080","1920","instagram_story,facebook_story,instagram_reels","Thirty mornings in every bottle.","LF-1 — 60 capsules. Two capsules daily. Available at leaf-pure.com.","One month supply","Read the label"
"LF1_OFFER_checklist_forest_0500_1x1.png","0500","OFFER","Offer & starting point","Conversion","checklist","forest","editorial","1x1","1080","1080","facebook_feed,instagram_feed","One bottle. Sixty capsules. That’s the unit.","Subscription available, never required.","60 capsules","Shop LF-1"
"LF1_OFFER_checklist_forest_0500_4x5.png","0500","OFFER","Offer & starting point","Conversion","checklist","forest","editorial","4x5","1080","1350","facebook_feed,instagram_feed","One bottle. Sixty capsules. That’s the unit.","Subscription available, never required.","60 capsules","Shop LF-1"
"LF1_OFFER_checklist_forest_0500_9x16.png","0500","OFFER","Offer & starting point","Conversion","checklist","forest","editorial","9x16","1080","1920","instagram_story,facebook_story,instagram_reels","One bottle. Sixty capsules. That’s the unit.","Subscription available, never required.","60 capsules","Shop LF-1"
"LF1_OFFER_checklist_ink_0489_1x1.png","0489","OFFER","Offer & starting point","Conversion","checklist","ink","condensed","1x1","1080","1080","facebook_feed,instagram_feed","One month at a time.","LF-1 — 60 capsules. Two capsules daily. Available at leaf-pure.com.","Direct from LEAF","Explore LF-1"
"LF1_OFFER_checklist_ink_0489_4x5.png","0489","OFFER","Offer & starting point","Conversion","checklist","ink","condensed","4x5","1080","1350","facebook_feed,instagram_feed","One month at a time.","LF-1 — 60 capsules. Two capsules daily. Available at leaf-pure.com.","Direct from LEAF","Explore LF-1"
"LF1_OFFER_checklist_ink_0489_9x16.png","0489","OFFER","Offer & starting point","Conversion","checklist","ink","condensed","9x16","1080","1920","instagram_story,facebook_story,instagram_reels","One month at a time.","LF-1 — 60 capsules. Two capsules daily. Available at leaf-pure.com.","Direct from LEAF","Explore LF-1"
"LF1_OFFER_faqCard_ink_0490_191x1.png","0490","OFFER","Offer & starting point","Conversion","faqCard","ink","condensed","191x1","1200","628","facebook_right_column,audience_network","Begin with one bottle.","One bottle is one month. Start there.","60 capsules","See what’s in it"
"LF1_OFFER_faqCard_ink_0490_1x1.png","0490","OFFER","Offer & starting point","Conversion","faqCard","ink","condensed","1x1","1080","1080","facebook_feed,instagram_feed","Begin with one bottle.","One bottle is one month. Start there.","60 capsules","See what’s in it"
"LF1_OFFER_faqCard_ink_0490_4x5.png","0490","OFFER","Offer & starting point","Conversion","faqCard","ink","condensed","4x5","1080","1350","facebook_feed,instagram_feed","Begin with one bottle.","One bottle is one month. Start there.","60 capsules","See what’s in it"
"LF1_OFFER_faqCard_ink_0490_9x16.png","0490","OFFER","Offer & starting point","Conversion","faqCard","ink","condensed","9x16","1080","1920","instagram_story,facebook_story,instagram_reels","Begin with one bottle.","One bottle is one month. Start there.","60 capsules","See what’s in it"
"LF1_OFFER_gradientHero_mint_0486_191x1.png","0486","OFFER","Offer & starting point","Conversion","gradientHero","mint","grotesk","191x1","1200","628","facebook_right_column,audience_network","One bottle. One month. Start there.","Sold by LEAF, a Netherlands-based brand.","Direct from LEAF","See the formula"
"LF1_OFFER_gradientHero_mint_0486_1x1.png","0486","OFFER","Offer & starting point","Conversion","gradientHero","mint","grotesk","1x1","1080","1080","facebook_feed,instagram_feed","One bottle. One month. Start there.","Sold by LEAF, a Netherlands-based brand.","Direct from LEAF","See the formula"
"LF1_OFFER_gradientHero_mint_0486_4x5.png","0486","OFFER","Offer & starting point","Conversion","gradientHero","mint","grotesk","4x5","1080","1350","facebook_feed,instagram_feed","One bottle. One month. Start there.","Sold by LEAF, a Netherlands-based brand.","Direct from LEAF","See the formula"
"LF1_OFFER_gradientHero_mint_0486_9x16.png","0486","OFFER","Offer & starting point","Conversion","gradientHero","mint","grotesk","9x16","1080","1920","instagram_story,facebook_story,instagram_reels","One bottle. One month. Start there.","Sold by LEAF, a Netherlands-based brand.","Direct from LEAF","See the formula"
"LF1_OFFER_marquee_bone_0498_1x1.png","0498","OFFER","Offer & starting point","Conversion","marquee","bone","humanist","1x1","1080","1080","facebook_feed,instagram_feed","Take one month at a time.","One bottle is one month. Start there.","60 capsules","Start with one month"
"LF1_OFFER_marquee_bone_0498_4x5.png","0498","OFFER","Offer & starting point","Conversion","marquee","bone","humanist","4x5","1080","1350","facebook_feed,instagram_feed","Take one month at a time.","One bottle is one month. Start there.","60 capsules","Start with one month"
"LF1_OFFER_marquee_bone_0498_9x16.png","0498","OFFER","Offer & starting point","Conversion","marquee","bone","humanist","9x16","1080","1920","instagram_story,facebook_story,instagram_reels","Take one month at a time.","One bottle is one month. Start there.","60 capsules","Start with one month"
"LF1_OFFER_marquee_clay_0494_1x1.png","0494","OFFER","Offer & starting point","Conversion","marquee","clay","luxe","1x1","1080","1080","facebook_feed,instagram_feed","One bottle is enough to begin.","Ships from the USA. Free shipping within the USA.","Direct from LEAF","Start with one month"
"LF1_OFFER_marquee_clay_0494_4x5.png","0494","OFFER","Offer & starting point","Conversion","marquee","clay","luxe","4x5","1080","1350","facebook_feed,instagram_feed","One bottle is enough to begin.","Ships from the USA. Free shipping within the USA.","Direct from LEAF","Start with one month"
"LF1_OFFER_marquee_clay_0494_9x16.png","0494","OFFER","Offer & starting point","Conversion","marquee","clay","luxe","9x16","1080","1920","instagram_story,facebook_story,instagram_reels","One bottle is enough to begin.","Ships from the USA. Free shipping within the USA.","Direct from LEAF","Start with one month"
"LF1_OFFER_marquee_clinical_0496_1x1.png","0496","OFFER","Offer & starting point","Conversion","marquee","clinical","grotesk","1x1","1080","1080","facebook_feed,instagram_feed","Start here: one bottle, one month.","Sold by LEAF, a Netherlands-based brand.","One bottle, one month","Read the label"
"LF1_OFFER_marquee_clinical_0496_4x5.png","0496","OFFER","Offer & starting point","Conversion","marquee","clinical","grotesk","4x5","1080","1350","facebook_feed,instagram_feed","Start here: one bottle, one month.","Sold by LEAF, a Netherlands-based brand.","One bottle, one month","Read the label"
"LF1_OFFER_marquee_clinical_0496_9x16.png","0496","OFFER","Offer & starting point","Conversion","marquee","clinical","grotesk","9x16","1080","1920","instagram_story,facebook_story,instagram_reels","Start here: one bottle, one month.","Sold by LEAF, a Netherlands-based brand.","One bottle, one month","Read the label"
"LF1_OFFER_marquee_clinical_0499_1x1.png","0499","OFFER","Offer & starting point","Conversion","marquee","clinical","condensed","1x1","1080","1080","facebook_feed,instagram_feed","A month’s supply, plainly described.","One bottle is one month. Start there.","One bottle, one month","Shop LF-1"
"LF1_OFFER_marquee_clinical_0499_4x5.png","0499","OFFER","Offer & starting point","Conversion","marquee","clinical","condensed","4x5","1080","1350","facebook_feed,instagram_feed","A month’s supply, plainly described.","One bottle is one month. Start there.","One bottle, one month","Shop LF-1"
"LF1_OFFER_marquee_clinical_0499_9x16.png","0499","OFFER","Offer & starting point","Conversion","marquee","clinical","condensed","9x16","1080","1920","instagram_story,facebook_story,instagram_reels","A month’s supply, plainly described.","One bottle is one month. Start there.","One bottle, one month","Shop LF-1"
"LF1_OFFER_marquee_forest_0487_1x1.png","0487","OFFER","Offer & starting point","Conversion","marquee","forest","impact","1x1","1080","1080","facebook_feed,instagram_feed","Sixty capsules. Thirty mornings.","Sold by LEAF, a Netherlands-based brand.","60 capsules","Get LF-1"
"LF1_OFFER_marquee_forest_0487_4x5.png","0487","OFFER","Offer & starting point","Conversion","marquee","forest","impact","4x5","1080","1350","facebook_feed,instagram_feed","Sixty capsules. Thirty mornings.","Sold by LEAF, a Netherlands-based brand.","60 capsules","Get LF-1"
"LF1_OFFER_marquee_forest_0487_9x16.png","0487","OFFER","Offer & starting point","Conversion","marquee","forest","impact","9x16","1080","1920","instagram_story,facebook_story,instagram_reels","Sixty capsules. Thirty mornings.","Sold by LEAF, a Netherlands-based brand.","60 capsules","Get LF-1"
"LF1_OFFER_marquee_sand_0493_1x1.png","0493","OFFER","Offer & starting point","Conversion","marquee","sand","editorial","1x1","1080","1080","facebook_feed,instagram_feed","Try one month before anything else.","Subscription available, never required.","One month supply","Shop LF-1"
"LF1_OFFER_marquee_sand_0493_4x5.png","0493","OFFER","Offer & starting point","Conversion","marquee","sand","editorial","4x5","1080","1350","facebook_feed,instagram_feed","Try one month before anything else.","Subscription available, never required.","One month supply","Shop LF-1"
"LF1_OFFER_marquee_sand_0493_9x16.png","0493","OFFER","Offer & starting point","Conversion","marquee","sand","editorial","9x16","1080","1920","instagram_story,facebook_story,instagram_reels","Try one month before anything else.","Subscription available, never required.","One month supply","Shop LF-1"
"LF1_OFFER_ruleStack_clay_0492_191x1.png","0492","OFFER","Offer & starting point","Conversion","ruleStack","clay","luxe","191x1","1200","628","facebook_right_column,audience_network","No subscription required to start.","One bottle is one month. Start there.","Direct from LEAF","Explore LF-1"
"LF1_OFFER_ruleStack_clay_0492_1x1.png","0492","OFFER","Offer & starting point","Conversion","ruleStack","clay","luxe","1x1","1080","1080","facebook_feed,instagram_feed","No subscription required to start.","One bottle is one month. Start there.","Direct from LEAF","Explore LF-1"
"LF1_OFFER_ruleStack_clay_0492_4x5.png","0492","OFFER","Offer & starting point","Conversion","ruleStack","clay","luxe","4x5","1080","1350","facebook_feed,instagram_feed","No subscription required to start.","One bottle is one month. Start there.","Direct from LEAF","Explore LF-1"
"LF1_OFFER_ruleStack_clay_0492_9x16.png","0492","OFFER","Offer & starting point","Conversion","ruleStack","clay","luxe","9x16","1080","1920","instagram_story,facebook_story,instagram_reels","No subscription required to start.","One bottle is one month. Start there.","Direct from LEAF","Explore LF-1"
"LF1_OFFER_splitPanel_bone_0498_191x1.png","0498","OFFER","Offer & starting point","Conversion","splitPanel","bone","humanist","191x1","1200","628","facebook_right_column,audience_network","Take one month at a time.","One bottle is one month. Start there.","60 capsules","Start with one month"
"LF1_OFFER_splitPanel_clay_0494_191x1.png","0494","OFFER","Offer & starting point","Conversion","splitPanel","clay","luxe","191x1","1200","628","facebook_right_column,audience_network","One bottle is enough to begin.","Ships from the USA. Free shipping within the USA.","Direct from LEAF","Start with one month"
"LF1_OFFER_splitPanel_clinical_0496_191x1.png","0496","OFFER","Offer & starting point","Conversion","splitPanel","clinical","grotesk","191x1","1200","628","facebook_right_column,audience_network","Start here: one bottle, one month.","Sold by LEAF, a Netherlands-based brand.","One bottle, one month","Read the label"
"LF1_OFFER_splitPanel_clinical_0499_191x1.png","0499","OFFER","Offer & starting point","Conversion","splitPanel","clinical","condensed","191x1","1200","628","facebook_right_column,audience_network","A month’s supply, plainly described.","One bottle is one month. Start there.","One bottle, one month","Shop LF-1"
"LF1_OFFER_splitPanel_forest_0487_191x1.png","0487","OFFER","Offer & starting point","Conversion","splitPanel","forest","impact","191x1","1200","628","facebook_right_column,audience_network","Sixty capsules. Thirty mornings.","Sold by LEAF, a Netherlands-based brand.","60 capsules","Get LF-1"
"LF1_OFFER_splitPanel_sand_0493_191x1.png","0493","OFFER","Offer & starting point","Conversion","splitPanel","sand","editorial","191x1","1200","628","facebook_right_column,audience_network","Try one month before anything else.","Subscription available, never required.","One month supply","Shop LF-1"
"LF1_OFFER_statBlock_clay_0491_191x1.png","0491","OFFER","Offer & starting point","Conversion","statBlock","clay","editorial","191x1","1200","628","facebook_right_column,audience_network","A month of support, one bottle.","Subscription available, never required.","One month supply","See the formula"
"LF1_OFFER_statBlock_clay_0491_1x1.png","0491","OFFER","Offer & starting point","Conversion","statBlock","clay","editorial","1x1","1080","1080","facebook_feed,instagram_feed","A month of support, one bottle.","Subscription available, never required.","One month supply","See the formula"
"LF1_OFFER_statBlock_clay_0491_4x5.png","0491","OFFER","Offer & starting point","Conversion","statBlock","clay","editorial","4x5","1080","1350","facebook_feed,instagram_feed","A month of support, one bottle.","Subscription available, never required.","One month supply","See the formula"
"LF1_OFFER_statBlock_clay_0491_9x16.png","0491","OFFER","Offer & starting point","Conversion","statBlock","clay","editorial","9x16","1080","1920","instagram_story,facebook_story,instagram_reels","A month of support, one bottle.","Subscription available, never required.","One month supply","See the formula"
"LF1_PRACTITIONER_bigType_clay_0400_191x1.png","0400","PRACTITIONER","Clinician conversation","Support the GLP-1 journey","bigType","clay","luxe","191x1","1200","628","facebook_right_column,audience_network","A better question than ""is this normal?""","Consult a physician if pregnant, nursing, under 18, or managing a medical condition.","Bring it to your next appointment","Shop LF-1"
"LF1_PRACTITIONER_bigType_sand_0402_191x1.png","0402","PRACTITIONER","Clinician conversation","Support the GLP-1 journey","bigType","sand","editorial","191x1","1200","628","facebook_right_column,audience_network","Worth a conversation, not a guess.","LF-1 is a food supplement, not medical advice. Talk to your healthcare professional.","Bring it to your next appointment","Shop now"
"LF1_PRACTITIONER_boxFrame_clinical_0408_191x1.png","0408","PRACTITIONER","Clinician conversation","Support the GLP-1 journey","boxFrame","clinical","grotesk","191x1","1200","628","facebook_right_column,audience_network","Put digestive support on the agenda.","Consult a physician if pregnant, nursing, under 18, or managing a medical condition.","A question for your clinician","Read the label"
"LF1_PRACTITIONER_boxFrame_clinical_0408_1x1.png","0408","PRACTITIONER","Clinician conversation","Support the GLP-1 journey","boxFrame","clinical","grotesk","1x1","1080","1080","facebook_feed,instagram_feed","Put digestive support on the agenda.","Consult a physician if pregnant, nursing, under 18, or managing a medical condition.","A question for your clinician","Read the label"
"LF1_PRACTITIONER_boxFrame_clinical_0408_4x5.png","0408","PRACTITIONER","Clinician conversation","Support the GLP-1 journey","boxFrame","clinical","grotesk","4x5","1080","1350","facebook_feed,instagram_feed","Put digestive support on the agenda.","Consult a physician if pregnant, nursing, under 18, or managing a medical condition.","A question for your clinician","Read the label"
"LF1_PRACTITIONER_boxFrame_clinical_0408_9x16.png","0408","PRACTITIONER","Clinician conversation","Support the GLP-1 journey","boxFrame","clinical","grotesk","9x16","1080","1920","instagram_story,facebook_story,instagram_reels","Put digestive support on the agenda.","Consult a physician if pregnant, nursing, under 18, or managing a medical condition.","A question for your clinician","Read the label"
"LF1_PRACTITIONER_boxFrame_sage_0410_191x1.png","0410","PRACTITIONER","Clinician conversation","Support the GLP-1 journey","boxFrame","sage","humanist","191x1","1200","628","facebook_right_column,audience_network","What would you ask if you had more time?","LF-1 is a food supplement, not medical advice. Talk to your healthcare professional.","Bring it to your next appointment","Get LF-1"
"LF1_PRACTITIONER_boxFrame_sage_0410_1x1.png","0410","PRACTITIONER","Clinician conversation","Support the GLP-1 journey","boxFrame","sage","humanist","1x1","1080","1080","facebook_feed,instagram_feed","What would you ask if you had more time?","LF-1 is a food supplement, not medical advice. Talk to your healthcare professional.","Bring it to your next appointment","Get LF-1"
"LF1_PRACTITIONER_boxFrame_sage_0410_4x5.png","0410","PRACTITIONER","Clinician conversation","Support the GLP-1 journey","boxFrame","sage","humanist","4x5","1080","1350","facebook_feed,instagram_feed","What would you ask if you had more time?","LF-1 is a food supplement, not medical advice. Talk to your healthcare professional.","Bring it to your next appointment","Get LF-1"
"LF1_PRACTITIONER_boxFrame_sage_0410_9x16.png","0410","PRACTITIONER","Clinician conversation","Support the GLP-1 journey","boxFrame","sage","humanist","9x16","1080","1920","instagram_story,facebook_story,instagram_reels","What would you ask if you had more time?","LF-1 is a food supplement, not medical advice. Talk to your healthcare professional.","Bring it to your next appointment","Get LF-1"
"LF1_PRACTITIONER_circleSeal_mint_0394_191x1.png","0394","PRACTITIONER","Clinician conversation","Support the GLP-1 journey","circleSeal","mint","grotesk","191x1","1200","628","facebook_right_column,audience_network","One question changes the conversation.","Always discuss changes to your GLP-1 routine with the clinician who prescribed it.","A question for your clinician","See what’s in it"
"LF1_PRACTITIONER_circleSeal_mint_0394_1x1.png","0394","PRACTITIONER","Clinician conversation","Support the GLP-1 journey","circleSeal","mint","grotesk","1x1","1080","1080","facebook_feed,instagram_feed","One question changes the conversation.","Always discuss changes to your GLP-1 routine with the clinician who prescribed it.","A question for your clinician","See what’s in it"
"LF1_PRACTITIONER_circleSeal_mint_0394_4x5.png","0394","PRACTITIONER","Clinician conversation","Support the GLP-1 journey","circleSeal","mint","grotesk","4x5","1080","1350","facebook_feed,instagram_feed","One question changes the conversation.","Always discuss changes to your GLP-1 routine with the clinician who prescribed it.","A question for your clinician","See what’s in it"
"LF1_PRACTITIONER_circleSeal_mint_0394_9x16.png","0394","PRACTITIONER","Clinician conversation","Support the GLP-1 journey","circleSeal","mint","grotesk","9x16","1080","1920","instagram_story,facebook_story,instagram_reels","One question changes the conversation.","Always discuss changes to your GLP-1 routine with the clinician who prescribed it.","A question for your clinician","See what’s in it"
"LF1_PRACTITIONER_compare_clinical_0396_191x1.png","0396","PRACTITIONER","Clinician conversation","Support the GLP-1 journey","compare","clinical","grotesk","191x1","1200","628","facebook_right_column,audience_network","Ten minutes with your clinician. Spend one on this.","Always discuss changes to your GLP-1 routine with the clinician who prescribed it.","Bring it to your next appointment","Shop LF-1"
"LF1_PRACTITIONER_compare_clinical_0396_1x1.png","0396","PRACTITIONER","Clinician conversation","Support the GLP-1 journey","compare","clinical","grotesk","1x1","1080","1080","facebook_feed,instagram_feed","Ten minutes with your clinician. Spend one on this.","Always discuss changes to your GLP-1 routine with the clinician who prescribed it.","Bring it to your next appointment","Shop LF-1"
"LF1_PRACTITIONER_compare_clinical_0396_4x5.png","0396","PRACTITIONER","Clinician conversation","Support the GLP-1 journey","compare","clinical","grotesk","4x5","1080","1350","facebook_feed,instagram_feed","Ten minutes with your clinician. Spend one on this.","Always discuss changes to your GLP-1 routine with the clinician who prescribed it.","Bring it to your next appointment","Shop LF-1"
"LF1_PRACTITIONER_compare_clinical_0396_9x16.png","0396","PRACTITIONER","Clinician conversation","Support the GLP-1 journey","compare","clinical","grotesk","9x16","1080","1920","instagram_story,facebook_story,instagram_reels","Ten minutes with your clinician. Spend one on this.","Always discuss changes to your GLP-1 routine with the clinician who prescribed it.","Bring it to your next appointment","Shop LF-1"
"LF1_PRACTITIONER_indexCard_bone_0390_191x1.png","0390","PRACTITIONER","Clinician conversation","Support the GLP-1 journey","indexCard","bone","editorial","191x1","1200","628","facebook_right_column,audience_network","Worth raising at the three-month check-in.","LF-1 is a food supplement, not medical advice. Talk to your healthcare professional.","A question for your clinician","See what’s in it"
"LF1_PRACTITIONER_indexCard_bone_0390_1x1.png","0390","PRACTITIONER","Clinician conversation","Support the GLP-1 journey","indexCard","bone","editorial","1x1","1080","1080","facebook_feed,instagram_feed","Worth raising at the three-month check-in.","LF-1 is a food supplement, not medical advice. Talk to your healthcare professional.","A question for your clinician","See what’s in it"
"LF1_PRACTITIONER_indexCard_bone_0390_4x5.png","0390","PRACTITIONER","Clinician conversation","Support the GLP-1 journey","indexCard","bone","editorial","4x5","1080","1350","facebook_feed,instagram_feed","Worth raising at the three-month check-in.","LF-1 is a food supplement, not medical advice. Talk to your healthcare professional.","A question for your clinician","See what’s in it"
"LF1_PRACTITIONER_indexCard_bone_0390_9x16.png","0390","PRACTITIONER","Clinician conversation","Support the GLP-1 journey","indexCard","bone","editorial","9x16","1080","1920","instagram_story,facebook_story,instagram_reels","Worth raising at the three-month check-in.","LF-1 is a food supplement, not medical advice. Talk to your healthcare professional.","A question for your clinician","See what’s in it"
"LF1_PRACTITIONER_indexCard_clay_0401_191x1.png","0401","PRACTITIONER","Clinician conversation","Support the GLP-1 journey","indexCard","clay","luxe","191x1","1200","628","facebook_right_column,audience_network","Take the question with you.","LF-1 is a food supplement, not medical advice. Talk to your healthcare professional.","Worth asking about","Explore LF-1"
"LF1_PRACTITIONER_indexCard_forest_0388_191x1.png","0388","PRACTITIONER","Clinician conversation","Support the GLP-1 journey","indexCard","forest","editorial","191x1","1200","628","facebook_right_column,audience_network","Ask about digestive support. Specifically.","Consult a physician if pregnant, nursing, under 18, or managing a medical condition.","Bring it to your next appointment","Start with one month"
"LF1_PRACTITIONER_indexCard_ink_0406_191x1.png","0406","PRACTITIONER","Clinician conversation","Support the GLP-1 journey","indexCard","ink","grotesk","191x1","1200","628","facebook_right_column,audience_network","Ask, don’t assume.","LF-1 is a food supplement, not medical advice. Talk to your healthcare professional.","A question for your clinician","Get LF-1"
"LF1_PRACTITIONER_indexCard_ink_0406_1x1.png","0406","PRACTITIONER","Clinician conversation","Support the GLP-1 journey","indexCard","ink","grotesk","1x1","1080","1080","facebook_feed,instagram_feed","Ask, don’t assume.","LF-1 is a food supplement, not medical advice. Talk to your healthcare professional.","A question for your clinician","Get LF-1"
"LF1_PRACTITIONER_indexCard_ink_0406_4x5.png","0406","PRACTITIONER","Clinician conversation","Support the GLP-1 journey","indexCard","ink","grotesk","4x5","1080","1350","facebook_feed,instagram_feed","Ask, don’t assume.","LF-1 is a food supplement, not medical advice. Talk to your healthcare professional.","A question for your clinician","Get LF-1"
"LF1_PRACTITIONER_indexCard_ink_0406_9x16.png","0406","PRACTITIONER","Clinician conversation","Support the GLP-1 journey","indexCard","ink","grotesk","9x16","1080","1920","instagram_story,facebook_story,instagram_reels","Ask, don’t assume.","LF-1 is a food supplement, not medical advice. Talk to your healthcare professional.","A question for your clinician","Get LF-1"
"LF1_PRACTITIONER_indexCard_sage_0387_191x1.png","0387","PRACTITIONER","Clinician conversation","Support the GLP-1 journey","indexCard","sage","grotesk","191x1","1200","628","facebook_right_column,audience_network","Bring this up with your clinician.","Consult a physician if pregnant, nursing, under 18, or managing a medical condition.","Worth asking about","See what’s in it"
"LF1_PRACTITIONER_indexCard_sage_0407_191x1.png","0407","PRACTITIONER","Clinician conversation","Support the GLP-1 journey","indexCard","sage","humanist","191x1","1200","628","facebook_right_column,audience_network","A five-second question with a long answer.","A daily digestive companion — bring it up at your next appointment.","Worth asking about","See what’s in it"
"LF1_PRACTITIONER_indexCard_sage_0407_1x1.png","0407","PRACTITIONER","Clinician conversation","Support the GLP-1 journey","indexCard","sage","humanist","1x1","1080","1080","facebook_feed,instagram_feed","A five-second question with a long answer.","A daily digestive companion — bring it up at your next appointment.","Worth asking about","See what’s in it"
"LF1_PRACTITIONER_indexCard_sage_0407_4x5.png","0407","PRACTITIONER","Clinician conversation","Support the GLP-1 journey","indexCard","sage","humanist","4x5","1080","1350","facebook_feed,instagram_feed","A five-second question with a long answer.","A daily digestive companion — bring it up at your next appointment.","Worth asking about","See what’s in it"
"LF1_PRACTITIONER_indexCard_sage_0407_9x16.png","0407","PRACTITIONER","Clinician conversation","Support the GLP-1 journey","indexCard","sage","humanist","9x16","1080","1920","instagram_story,facebook_story,instagram_reels","A five-second question with a long answer.","A daily digestive companion — bring it up at your next appointment.","Worth asking about","See what’s in it"
"LF1_PRACTITIONER_indexCard_sand_0405_191x1.png","0405","PRACTITIONER","Clinician conversation","Support the GLP-1 journey","indexCard","sand","editorial","191x1","1200","628","facebook_right_column,audience_network","Bring the bottle. Ask the question.","LF-1 is a food supplement, not medical advice. Talk to your healthcare professional.","Bring it to your next appointment","View LF-1"
"LF1_PRACTITIONER_indexCard_sand_0405_1x1.png","0405","PRACTITIONER","Clinician conversation","Support the GLP-1 journey","indexCard","sand","editorial","1x1","1080","1080","facebook_feed,instagram_feed","Bring the bottle. Ask the question.","LF-1 is a food supplement, not medical advice. Talk to your healthcare professional.","Bring it to your next appointment","View LF-1"
"LF1_PRACTITIONER_indexCard_sand_0405_4x5.png","0405","PRACTITIONER","Clinician conversation","Support the GLP-1 journey","indexCard","sand","editorial","4x5","1080","1350","facebook_feed,instagram_feed","Bring the bottle. Ask the question.","LF-1 is a food supplement, not medical advice. Talk to your healthcare professional.","Bring it to your next appointment","View LF-1"
"LF1_PRACTITIONER_indexCard_sand_0405_9x16.png","0405","PRACTITIONER","Clinician conversation","Support the GLP-1 journey","indexCard","sand","editorial","9x16","1080","1920","instagram_story,facebook_story,instagram_reels","Bring the bottle. Ask the question.","LF-1 is a food supplement, not medical advice. Talk to your healthcare professional.","Bring it to your next appointment","View LF-1"
"LF1_PRACTITIONER_marquee_forest_0398_1x1.png","0398","PRACTITIONER","Clinician conversation","Support the GLP-1 journey","marquee","forest","luxe","1x1","1080","1080","facebook_feed,instagram_feed","Ask about the gut half of the plan.","LF-1 is a food supplement, not medical advice. Talk to your healthcare professional.","A question for your clinician","Shop LF-1"
"LF1_PRACTITIONER_marquee_forest_0398_4x5.png","0398","PRACTITIONER","Clinician conversation","Support the GLP-1 journey","marquee","forest","luxe","4x5","1080","1350","facebook_feed,instagram_feed","Ask about the gut half of the plan.","LF-1 is a food supplement, not medical advice. Talk to your healthcare professional.","A question for your clinician","Shop LF-1"
"LF1_PRACTITIONER_marquee_forest_0398_9x16.png","0398","PRACTITIONER","Clinician conversation","Support the GLP-1 journey","marquee","forest","luxe","9x16","1080","1920","instagram_story,facebook_story,instagram_reels","Ask about the gut half of the plan.","LF-1 is a food supplement, not medical advice. Talk to your healthcare professional.","A question for your clinician","Shop LF-1"
"LF1_PRACTITIONER_notesApp_clay_0401_1x1.png","0401","PRACTITIONER","Clinician conversation","Support the GLP-1 journey","notesApp","clay","luxe","1x1","1080","1080","facebook_feed,instagram_feed","Take the question with you.","LF-1 is a food supplement, not medical advice. Talk to your healthcare professional.","Worth asking about","Explore LF-1"
"LF1_PRACTITIONER_notesApp_clay_0401_4x5.png","0401","PRACTITIONER","Clinician conversation","Support the GLP-1 journey","notesApp","clay","luxe","4x5","1080","1350","facebook_feed,instagram_feed","Take the question with you.","LF-1 is a food supplement, not medical advice. Talk to your healthcare professional.","Worth asking about","Explore LF-1"
"LF1_PRACTITIONER_notesApp_clay_0401_9x16.png","0401","PRACTITIONER","Clinician conversation","Support the GLP-1 journey","notesApp","clay","luxe","9x16","1080","1920","instagram_story,facebook_story,instagram_reels","Take the question with you.","LF-1 is a food supplement, not medical advice. Talk to your healthcare professional.","Worth asking about","Explore LF-1"
"LF1_PRACTITIONER_notesApp_forest_0388_1x1.png","0388","PRACTITIONER","Clinician conversation","Support the GLP-1 journey","notesApp","forest","editorial","1x1","1080","1080","facebook_feed,instagram_feed","Ask about digestive support. Specifically.","Consult a physician if pregnant, nursing, under 18, or managing a medical condition.","Bring it to your next appointment","Start with one month"
"LF1_PRACTITIONER_notesApp_forest_0388_4x5.png","0388","PRACTITIONER","Clinician conversation","Support the GLP-1 journey","notesApp","forest","editorial","4x5","1080","1350","facebook_feed,instagram_feed","Ask about digestive support. Specifically.","Consult a physician if pregnant, nursing, under 18, or managing a medical condition.","Bring it to your next appointment","Start with one month"
"LF1_PRACTITIONER_notesApp_forest_0388_9x16.png","0388","PRACTITIONER","Clinician conversation","Support the GLP-1 journey","notesApp","forest","editorial","9x16","1080","1920","instagram_story,facebook_story,instagram_reels","Ask about digestive support. Specifically.","Consult a physician if pregnant, nursing, under 18, or managing a medical condition.","Bring it to your next appointment","Start with one month"
"LF1_PRACTITIONER_notesApp_sage_0387_1x1.png","0387","PRACTITIONER","Clinician conversation","Support the GLP-1 journey","notesApp","sage","grotesk","1x1","1080","1080","facebook_feed,instagram_feed","Bring this up with your clinician.","Consult a physician if pregnant, nursing, under 18, or managing a medical condition.","Worth asking about","See what’s in it"
"LF1_PRACTITIONER_notesApp_sage_0387_4x5.png","0387","PRACTITIONER","Clinician conversation","Support the GLP-1 journey","notesApp","sage","grotesk","4x5","1080","1350","facebook_feed,instagram_feed","Bring this up with your clinician.","Consult a physician if pregnant, nursing, under 18, or managing a medical condition.","Worth asking about","See what’s in it"
"LF1_PRACTITIONER_notesApp_sage_0387_9x16.png","0387","PRACTITIONER","Clinician conversation","Support the GLP-1 journey","notesApp","sage","grotesk","9x16","1080","1920","instagram_story,facebook_story,instagram_reels","Bring this up with your clinician.","Consult a physician if pregnant, nursing, under 18, or managing a medical condition.","Worth asking about","See what’s in it"
"LF1_PRACTITIONER_quoteCard_bone_0404_191x1.png","0404","PRACTITIONER","Clinician conversation","Support the GLP-1 journey","quoteCard","bone","luxe","191x1","1200","628","facebook_right_column,audience_network","The part of the plan worth discussing.","A daily digestive companion — bring it up at your next appointment.","Bring it to your next appointment","See the formula"
"LF1_PRACTITIONER_quoteCard_bone_0404_1x1.png","0404","PRACTITIONER","Clinician conversation","Support the GLP-1 journey","quoteCard","bone","luxe","1x1","1080","1080","facebook_feed,instagram_feed","The part of the plan worth discussing.","A daily digestive companion — bring it up at your next appointment.","Bring it to your next appointment","See the formula"
"LF1_PRACTITIONER_quoteCard_bone_0404_4x5.png","0404","PRACTITIONER","Clinician conversation","Support the GLP-1 journey","quoteCard","bone","luxe","4x5","1080","1350","facebook_feed,instagram_feed","The part of the plan worth discussing.","A daily digestive companion — bring it up at your next appointment.","Bring it to your next appointment","See the formula"
"LF1_PRACTITIONER_quoteCard_bone_0404_9x16.png","0404","PRACTITIONER","Clinician conversation","Support the GLP-1 journey","quoteCard","bone","luxe","9x16","1080","1920","instagram_story,facebook_story,instagram_reels","The part of the plan worth discussing.","A daily digestive companion — bring it up at your next appointment.","Bring it to your next appointment","See the formula"
"LF1_PRACTITIONER_quoteCard_ink_0409_191x1.png","0409","PRACTITIONER","Clinician conversation","Support the GLP-1 journey","quoteCard","ink","impact","191x1","1200","628","facebook_right_column,audience_network","Prepared patients get better appointments.","A daily digestive companion — bring it up at your next appointment.","A question for your clinician","See the formula"
"LF1_PRACTITIONER_quoteCard_ink_0409_1x1.png","0409","PRACTITIONER","Clinician conversation","Support the GLP-1 journey","quoteCard","ink","impact","1x1","1080","1080","facebook_feed,instagram_feed","Prepared patients get better appointments.","A daily digestive companion — bring it up at your next appointment.","A question for your clinician","See the formula"
"LF1_PRACTITIONER_quoteCard_ink_0409_4x5.png","0409","PRACTITIONER","Clinician conversation","Support the GLP-1 journey","quoteCard","ink","impact","4x5","1080","1350","facebook_feed,instagram_feed","Prepared patients get better appointments.","A daily digestive companion — bring it up at your next appointment.","A question for your clinician","See the formula"
"LF1_PRACTITIONER_quoteCard_ink_0409_9x16.png","0409","PRACTITIONER","Clinician conversation","Support the GLP-1 journey","quoteCard","ink","impact","9x16","1080","1920","instagram_story,facebook_story,instagram_reels","Prepared patients get better appointments.","A daily digestive companion — bring it up at your next appointment.","A question for your clinician","See the formula"
"LF1_PRACTITIONER_quoteCard_mint_0403_191x1.png","0403","PRACTITIONER","Clinician conversation","Support the GLP-1 journey","quoteCard","mint","humanist","191x1","1200","628","facebook_right_column,audience_network","Talk to someone before you change anything.","Consult a physician if pregnant, nursing, under 18, or managing a medical condition.","A question for your clinician","View LF-1"
"LF1_PRACTITIONER_quoteCard_mint_0403_1x1.png","0403","PRACTITIONER","Clinician conversation","Support the GLP-1 journey","quoteCard","mint","humanist","1x1","1080","1080","facebook_feed,instagram_feed","Talk to someone before you change anything.","Consult a physician if pregnant, nursing, under 18, or managing a medical condition.","A question for your clinician","View LF-1"
"LF1_PRACTITIONER_quoteCard_mint_0403_4x5.png","0403","PRACTITIONER","Clinician conversation","Support the GLP-1 journey","quoteCard","mint","humanist","4x5","1080","1350","facebook_feed,instagram_feed","Talk to someone before you change anything.","Consult a physician if pregnant, nursing, under 18, or managing a medical condition.","A question for your clinician","View LF-1"
"LF1_PRACTITIONER_quoteCard_mint_0403_9x16.png","0403","PRACTITIONER","Clinician conversation","Support the GLP-1 journey","quoteCard","mint","humanist","9x16","1080","1920","instagram_story,facebook_story,instagram_reels","Talk to someone before you change anything.","Consult a physician if pregnant, nursing, under 18, or managing a medical condition.","A question for your clinician","View LF-1"
"LF1_PRACTITIONER_ruleStack_bone_0399_191x1.png","0399","PRACTITIONER","Clinician conversation","Support the GLP-1 journey","ruleStack","bone","editorial","191x1","1200","628","facebook_right_column,audience_network","Your next appointment, better prepared.","Always discuss changes to your GLP-1 routine with the clinician who prescribed it.","Bring it to your next appointment","Get LF-1"
"LF1_PRACTITIONER_ruleStack_bone_0399_1x1.png","0399","PRACTITIONER","Clinician conversation","Support the GLP-1 journey","ruleStack","bone","editorial","1x1","1080","1080","facebook_feed,instagram_feed","Your next appointment, better prepared.","Always discuss changes to your GLP-1 routine with the clinician who prescribed it.","Bring it to your next appointment","Get LF-1"
"LF1_PRACTITIONER_ruleStack_bone_0399_4x5.png","0399","PRACTITIONER","Clinician conversation","Support the GLP-1 journey","ruleStack","bone","editorial","4x5","1080","1350","facebook_feed,instagram_feed","Your next appointment, better prepared.","Always discuss changes to your GLP-1 routine with the clinician who prescribed it.","Bring it to your next appointment","Get LF-1"
"LF1_PRACTITIONER_ruleStack_bone_0399_9x16.png","0399","PRACTITIONER","Clinician conversation","Support the GLP-1 journey","ruleStack","bone","editorial","9x16","1080","1920","instagram_story,facebook_story,instagram_reels","Your next appointment, better prepared.","Always discuss changes to your GLP-1 routine with the clinician who prescribed it.","Bring it to your next appointment","Get LF-1"
"LF1_PRACTITIONER_ruleStack_clinical_0391_191x1.png","0391","PRACTITIONER","Clinician conversation","Support the GLP-1 journey","ruleStack","clinical","condensed","191x1","1200","628","facebook_right_column,audience_network","The thing to ask before you consider stopping.","Consult a physician if pregnant, nursing, under 18, or managing a medical condition.","Worth asking about","See what’s in it"
"LF1_PRACTITIONER_ruleStack_clinical_0391_1x1.png","0391","PRACTITIONER","Clinician conversation","Support the GLP-1 journey","ruleStack","clinical","condensed","1x1","1080","1080","facebook_feed,instagram_feed","The thing to ask before you consider stopping.","Consult a physician if pregnant, nursing, under 18, or managing a medical condition.","Worth asking about","See what’s in it"
"LF1_PRACTITIONER_ruleStack_clinical_0391_4x5.png","0391","PRACTITIONER","Clinician conversation","Support the GLP-1 journey","ruleStack","clinical","condensed","4x5","1080","1350","facebook_feed,instagram_feed","The thing to ask before you consider stopping.","Consult a physician if pregnant, nursing, under 18, or managing a medical condition.","Worth asking about","See what’s in it"
"LF1_PRACTITIONER_ruleStack_clinical_0391_9x16.png","0391","PRACTITIONER","Clinician conversation","Support the GLP-1 journey","ruleStack","clinical","condensed","9x16","1080","1920","instagram_story,facebook_story,instagram_reels","The thing to ask before you consider stopping.","Consult a physician if pregnant, nursing, under 18, or managing a medical condition.","Worth asking about","See what’s in it"
"LF1_PRACTITIONER_ruleStack_forest_0393_191x1.png","0393","PRACTITIONER","Clinician conversation","Support the GLP-1 journey","ruleStack","forest","editorial","191x1","1200","628","facebook_right_column,audience_network","Most appointments cover the dose. Ask about the rest.","A daily digestive companion — bring it up at your next appointment.","Worth asking about","View LF-1"
"LF1_PRACTITIONER_ruleStack_forest_0393_1x1.png","0393","PRACTITIONER","Clinician conversation","Support the GLP-1 journey","ruleStack","forest","editorial","1x1","1080","1080","facebook_feed,instagram_feed","Most appointments cover the dose. Ask about the rest.","A daily digestive companion — bring it up at your next appointment.","Worth asking about","View LF-1"
"LF1_PRACTITIONER_ruleStack_forest_0393_4x5.png","0393","PRACTITIONER","Clinician conversation","Support the GLP-1 journey","ruleStack","forest","editorial","4x5","1080","1350","facebook_feed,instagram_feed","Most appointments cover the dose. Ask about the rest.","A daily digestive companion — bring it up at your next appointment.","Worth asking about","View LF-1"
"LF1_PRACTITIONER_ruleStack_forest_0393_9x16.png","0393","PRACTITIONER","Clinician conversation","Support the GLP-1 journey","ruleStack","forest","editorial","9x16","1080","1920","instagram_story,facebook_story,instagram_reels","Most appointments cover the dose. Ask about the rest.","A daily digestive companion — bring it up at your next appointment.","Worth asking about","View LF-1"
"LF1_PRACTITIONER_ruleStack_ink_0386_191x1.png","0386","PRACTITIONER","Clinician conversation","Support the GLP-1 journey","ruleStack","ink","condensed","191x1","1200","628","facebook_right_column,audience_network","The question worth asking at your next appointment.","Consult a physician if pregnant, nursing, under 18, or managing a medical condition.","Worth asking about","Get LF-1"
"LF1_PRACTITIONER_ruleStack_ink_0386_1x1.png","0386","PRACTITIONER","Clinician conversation","Support the GLP-1 journey","ruleStack","ink","condensed","1x1","1080","1080","facebook_feed,instagram_feed","The question worth asking at your next appointment.","Consult a physician if pregnant, nursing, under 18, or managing a medical condition.","Worth asking about","Get LF-1"
"LF1_PRACTITIONER_ruleStack_ink_0386_4x5.png","0386","PRACTITIONER","Clinician conversation","Support the GLP-1 journey","ruleStack","ink","condensed","4x5","1080","1350","facebook_feed,instagram_feed","The question worth asking at your next appointment.","Consult a physician if pregnant, nursing, under 18, or managing a medical condition.","Worth asking about","Get LF-1"
"LF1_PRACTITIONER_ruleStack_ink_0386_9x16.png","0386","PRACTITIONER","Clinician conversation","Support the GLP-1 journey","ruleStack","ink","condensed","9x16","1080","1920","instagram_story,facebook_story,instagram_reels","The question worth asking at your next appointment.","Consult a physician if pregnant, nursing, under 18, or managing a medical condition.","Worth asking about","Get LF-1"
"LF1_PRACTITIONER_ruleStack_mint_0397_191x1.png","0397","PRACTITIONER","Clinician conversation","Support the GLP-1 journey","ruleStack","mint","grotesk","191x1","1200","628","facebook_right_column,audience_network","The follow-up question that matters.","LF-1 is a food supplement, not medical advice. Talk to your healthcare professional.","Worth asking about","Explore LF-1"
"LF1_PRACTITIONER_ruleStack_mint_0397_1x1.png","0397","PRACTITIONER","Clinician conversation","Support the GLP-1 journey","ruleStack","mint","grotesk","1x1","1080","1080","facebook_feed,instagram_feed","The follow-up question that matters.","LF-1 is a food supplement, not medical advice. Talk to your healthcare professional.","Worth asking about","Explore LF-1"
"LF1_PRACTITIONER_ruleStack_mint_0397_4x5.png","0397","PRACTITIONER","Clinician conversation","Support the GLP-1 journey","ruleStack","mint","grotesk","4x5","1080","1350","facebook_feed,instagram_feed","The follow-up question that matters.","LF-1 is a food supplement, not medical advice. Talk to your healthcare professional.","Worth asking about","Explore LF-1"
"LF1_PRACTITIONER_ruleStack_mint_0397_9x16.png","0397","PRACTITIONER","Clinician conversation","Support the GLP-1 journey","ruleStack","mint","grotesk","9x16","1080","1920","instagram_story,facebook_story,instagram_reels","The follow-up question that matters.","LF-1 is a food supplement, not medical advice. Talk to your healthcare professional.","Worth asking about","Explore LF-1"
"LF1_PRACTITIONER_searchBar_clay_0400_1x1.png","0400","PRACTITIONER","Clinician conversation","Support the GLP-1 journey","searchBar","clay","luxe","1x1","1080","1080","facebook_feed,instagram_feed","A better question than ""is this normal?""","Consult a physician if pregnant, nursing, under 18, or managing a medical condition.","Bring it to your next appointment","Shop LF-1"
"LF1_PRACTITIONER_searchBar_clay_0400_4x5.png","0400","PRACTITIONER","Clinician conversation","Support the GLP-1 journey","searchBar","clay","luxe","4x5","1080","1350","facebook_feed,instagram_feed","A better question than ""is this normal?""","Consult a physician if pregnant, nursing, under 18, or managing a medical condition.","Bring it to your next appointment","Shop LF-1"
"LF1_PRACTITIONER_searchBar_clay_0400_9x16.png","0400","PRACTITIONER","Clinician conversation","Support the GLP-1 journey","searchBar","clay","luxe","9x16","1080","1920","instagram_story,facebook_story,instagram_reels","A better question than ""is this normal?""","Consult a physician if pregnant, nursing, under 18, or managing a medical condition.","Bring it to your next appointment","Shop LF-1"
"LF1_PRACTITIONER_searchBar_sand_0402_1x1.png","0402","PRACTITIONER","Clinician conversation","Support the GLP-1 journey","searchBar","sand","editorial","1x1","1080","1080","facebook_feed,instagram_feed","Worth a conversation, not a guess.","LF-1 is a food supplement, not medical advice. Talk to your healthcare professional.","Bring it to your next appointment","Shop now"
"LF1_PRACTITIONER_searchBar_sand_0402_4x5.png","0402","PRACTITIONER","Clinician conversation","Support the GLP-1 journey","searchBar","sand","editorial","4x5","1080","1350","facebook_feed,instagram_feed","Worth a conversation, not a guess.","LF-1 is a food supplement, not medical advice. Talk to your healthcare professional.","Bring it to your next appointment","Shop now"
"LF1_PRACTITIONER_searchBar_sand_0402_9x16.png","0402","PRACTITIONER","Clinician conversation","Support the GLP-1 journey","searchBar","sand","editorial","9x16","1080","1920","instagram_story,facebook_story,instagram_reels","Worth a conversation, not a guess.","LF-1 is a food supplement, not medical advice. Talk to your healthcare professional.","Bring it to your next appointment","Shop now"
"LF1_PRACTITIONER_splitPanel_forest_0398_191x1.png","0398","PRACTITIONER","Clinician conversation","Support the GLP-1 journey","splitPanel","forest","luxe","191x1","1200","628","facebook_right_column,audience_network","Ask about the gut half of the plan.","LF-1 is a food supplement, not medical advice. Talk to your healthcare professional.","A question for your clinician","Shop LF-1"
"LF1_PRACTITIONER_stickyNote_bone_0389_191x1.png","0389","PRACTITIONER","Clinician conversation","Support the GLP-1 journey","stickyNote","bone","luxe","191x1","1200","628","facebook_right_column,audience_network","A question most people don’t think to ask.","Consult a physician if pregnant, nursing, under 18, or managing a medical condition.","Bring it to your next appointment","Explore LF-1"
"LF1_PRACTITIONER_stickyNote_bone_0389_1x1.png","0389","PRACTITIONER","Clinician conversation","Support the GLP-1 journey","stickyNote","bone","luxe","1x1","1080","1080","facebook_feed,instagram_feed","A question most people don’t think to ask.","Consult a physician if pregnant, nursing, under 18, or managing a medical condition.","Bring it to your next appointment","Explore LF-1"
"LF1_PRACTITIONER_stickyNote_bone_0389_4x5.png","0389","PRACTITIONER","Clinician conversation","Support the GLP-1 journey","stickyNote","bone","luxe","4x5","1080","1350","facebook_feed,instagram_feed","A question most people don’t think to ask.","Consult a physician if pregnant, nursing, under 18, or managing a medical condition.","Bring it to your next appointment","Explore LF-1"
"LF1_PRACTITIONER_stickyNote_bone_0389_9x16.png","0389","PRACTITIONER","Clinician conversation","Support the GLP-1 journey","stickyNote","bone","luxe","9x16","1080","1920","instagram_story,facebook_story,instagram_reels","A question most people don’t think to ask.","Consult a physician if pregnant, nursing, under 18, or managing a medical condition.","Bring it to your next appointment","Explore LF-1"
"LF1_PRACTITIONER_stickyNote_sand_0392_191x1.png","0392","PRACTITIONER","Clinician conversation","Support the GLP-1 journey","stickyNote","sand","editorial","191x1","1200","628","facebook_right_column,audience_network","Add it to your list of questions.","Always discuss changes to your GLP-1 routine with the clinician who prescribed it.","A question for your clinician","View LF-1"
"LF1_PRACTITIONER_stickyNote_sand_0392_1x1.png","0392","PRACTITIONER","Clinician conversation","Support the GLP-1 journey","stickyNote","sand","editorial","1x1","1080","1080","facebook_feed,instagram_feed","Add it to your list of questions.","Always discuss changes to your GLP-1 routine with the clinician who prescribed it.","A question for your clinician","View LF-1"
"LF1_PRACTITIONER_stickyNote_sand_0392_4x5.png","0392","PRACTITIONER","Clinician conversation","Support the GLP-1 journey","stickyNote","sand","editorial","4x5","1080","1350","facebook_feed,instagram_feed","Add it to your list of questions.","Always discuss changes to your GLP-1 routine with the clinician who prescribed it.","A question for your clinician","View LF-1"
"LF1_PRACTITIONER_stickyNote_sand_0392_9x16.png","0392","PRACTITIONER","Clinician conversation","Support the GLP-1 journey","stickyNote","sand","editorial","9x16","1080","1920","instagram_story,facebook_story,instagram_reels","Add it to your list of questions.","Always discuss changes to your GLP-1 routine with the clinician who prescribed it.","A question for your clinician","View LF-1"
"LF1_PRACTITIONER_stickyNote_sand_0395_191x1.png","0395","PRACTITIONER","Clinician conversation","Support the GLP-1 journey","stickyNote","sand","luxe","191x1","1200","628","facebook_right_column,audience_network","What to ask when the appointment is short.","Consult a physician if pregnant, nursing, under 18, or managing a medical condition.","Bring it to your next appointment","Explore LF-1"
"LF1_PRACTITIONER_stickyNote_sand_0395_1x1.png","0395","PRACTITIONER","Clinician conversation","Support the GLP-1 journey","stickyNote","sand","luxe","1x1","1080","1080","facebook_feed,instagram_feed","What to ask when the appointment is short.","Consult a physician if pregnant, nursing, under 18, or managing a medical condition.","Bring it to your next appointment","Explore LF-1"
"LF1_PRACTITIONER_stickyNote_sand_0395_4x5.png","0395","PRACTITIONER","Clinician conversation","Support the GLP-1 journey","stickyNote","sand","luxe","4x5","1080","1350","facebook_feed,instagram_feed","What to ask when the appointment is short.","Consult a physician if pregnant, nursing, under 18, or managing a medical condition.","Bring it to your next appointment","Explore LF-1"
"LF1_PRACTITIONER_stickyNote_sand_0395_9x16.png","0395","PRACTITIONER","Clinician conversation","Support the GLP-1 journey","stickyNote","sand","luxe","9x16","1080","1920","instagram_story,facebook_story,instagram_reels","What to ask when the appointment is short.","Consult a physician if pregnant, nursing, under 18, or managing a medical condition.","Bring it to your next appointment","Explore LF-1"
"LF1_RITUAL_badgeGrid_clinical_0342_191x1.png","0342","RITUAL","Daily ritual","Support the GLP-1 journey","badgeGrid","clinical","condensed","191x1","1200","628","facebook_right_column,audience_network","Two a day. Every day. That’s the protocol.","As a dietary supplement, take two capsules daily with 6–8 oz of water.","The daily step","Shop now"
"LF1_RITUAL_badgeGrid_mint_0330_191x1.png","0330","RITUAL","Daily ritual","Support the GLP-1 journey","badgeGrid","mint","grotesk","191x1","1200","628","facebook_right_column,audience_network","Simple enough to do on the bad days.","Built to be kept, not just bought.","Two capsules daily","View LF-1"
"LF1_RITUAL_badgeGrid_sand_0320_191x1.png","0320","RITUAL","Daily ritual","Support the GLP-1 journey","badgeGrid","sand","luxe","191x1","1200","628","facebook_right_column,audience_network","One bottle. One month. One habit.","Capsule format. No powder, no shaker, no flavour to tolerate.","Morning routine","Explore LF-1"
"LF1_RITUAL_badgeGrid_sand_0340_191x1.png","0340","RITUAL","Daily ritual","Support the GLP-1 journey","badgeGrid","sand","editorial","191x1","1200","628","facebook_right_column,audience_network","A habit small enough to survive a bad week.","60 capsules per bottle — a full month of mornings.","The daily step","Start with one month"
"LF1_RITUAL_boxFrame_bone_0318_191x1.png","0318","RITUAL","Daily ritual","Support the GLP-1 journey","boxFrame","bone","luxe","191x1","1200","628","facebook_right_column,audience_network","Two capsules, 6–8 oz of water, done.","Built to be kept, not just bought.","60 capsules · one month","Learn more"
"LF1_RITUAL_boxFrame_bone_0318_1x1.png","0318","RITUAL","Daily ritual","Support the GLP-1 journey","boxFrame","bone","luxe","1x1","1080","1080","facebook_feed,instagram_feed","Two capsules, 6–8 oz of water, done.","Built to be kept, not just bought.","60 capsules · one month","Learn more"
"LF1_RITUAL_boxFrame_bone_0318_4x5.png","0318","RITUAL","Daily ritual","Support the GLP-1 journey","boxFrame","bone","luxe","4x5","1080","1350","facebook_feed,instagram_feed","Two capsules, 6–8 oz of water, done.","Built to be kept, not just bought.","60 capsules · one month","Learn more"
"LF1_RITUAL_boxFrame_bone_0318_9x16.png","0318","RITUAL","Daily ritual","Support the GLP-1 journey","boxFrame","bone","luxe","9x16","1080","1920","instagram_story,facebook_story,instagram_reels","Two capsules, 6–8 oz of water, done.","Built to be kept, not just bought.","60 capsules · one month","Learn more"
"LF1_RITUAL_checklist_clinical_0342_1x1.png","0342","RITUAL","Daily ritual","Support the GLP-1 journey","checklist","clinical","condensed","1x1","1080","1080","facebook_feed,instagram_feed","Two a day. Every day. That’s the protocol.","As a dietary supplement, take two capsules daily with 6–8 oz of water.","The daily step","Shop now"
"LF1_RITUAL_checklist_clinical_0342_4x5.png","0342","RITUAL","Daily ritual","Support the GLP-1 journey","checklist","clinical","condensed","4x5","1080","1350","facebook_feed,instagram_feed","Two a day. Every day. That’s the protocol.","As a dietary supplement, take two capsules daily with 6–8 oz of water.","The daily step","Shop now"
"LF1_RITUAL_checklist_clinical_0342_9x16.png","0342","RITUAL","Daily ritual","Support the GLP-1 journey","checklist","clinical","condensed","9x16","1080","1920","instagram_story,facebook_story,instagram_reels","Two a day. Every day. That’s the protocol.","As a dietary supplement, take two capsules daily with 6–8 oz of water.","The daily step","Shop now"
"LF1_RITUAL_checklist_mint_0330_1x1.png","0330","RITUAL","Daily ritual","Support the GLP-1 journey","checklist","mint","grotesk","1x1","1080","1080","facebook_feed,instagram_feed","Simple enough to do on the bad days.","Built to be kept, not just bought.","Two capsules daily","View LF-1"
"LF1_RITUAL_checklist_mint_0330_4x5.png","0330","RITUAL","Daily ritual","Support the GLP-1 journey","checklist","mint","grotesk","4x5","1080","1350","facebook_feed,instagram_feed","Simple enough to do on the bad days.","Built to be kept, not just bought.","Two capsules daily","View LF-1"
"LF1_RITUAL_checklist_mint_0330_9x16.png","0330","RITUAL","Daily ritual","Support the GLP-1 journey","checklist","mint","grotesk","9x16","1080","1920","instagram_story,facebook_story,instagram_reels","Simple enough to do on the bad days.","Built to be kept, not just bought.","Two capsules daily","View LF-1"
"LF1_RITUAL_checklist_sand_0320_1x1.png","0320","RITUAL","Daily ritual","Support the GLP-1 journey","checklist","sand","luxe","1x1","1080","1080","facebook_feed,instagram_feed","One bottle. One month. One habit.","Capsule format. No powder, no shaker, no flavour to tolerate.","Morning routine","Explore LF-1"
"LF1_RITUAL_checklist_sand_0320_4x5.png","0320","RITUAL","Daily ritual","Support the GLP-1 journey","checklist","sand","luxe","4x5","1080","1350","facebook_feed,instagram_feed","One bottle. One month. One habit.","Capsule format. No powder, no shaker, no flavour to tolerate.","Morning routine","Explore LF-1"
"LF1_RITUAL_checklist_sand_0320_9x16.png","0320","RITUAL","Daily ritual","Support the GLP-1 journey","checklist","sand","luxe","9x16","1080","1920","instagram_story,facebook_story,instagram_reels","One bottle. One month. One habit.","Capsule format. No powder, no shaker, no flavour to tolerate.","Morning routine","Explore LF-1"
"LF1_RITUAL_checklist_sand_0340_1x1.png","0340","RITUAL","Daily ritual","Support the GLP-1 journey","checklist","sand","editorial","1x1","1080","1080","facebook_feed,instagram_feed","A habit small enough to survive a bad week.","60 capsules per bottle — a full month of mornings.","The daily step","Start with one month"
"LF1_RITUAL_checklist_sand_0340_4x5.png","0340","RITUAL","Daily ritual","Support the GLP-1 journey","checklist","sand","editorial","4x5","1080","1350","facebook_feed,instagram_feed","A habit small enough to survive a bad week.","60 capsules per bottle — a full month of mornings.","The daily step","Start with one month"
"LF1_RITUAL_checklist_sand_0340_9x16.png","0340","RITUAL","Daily ritual","Support the GLP-1 journey","checklist","sand","editorial","9x16","1080","1920","instagram_story,facebook_story,instagram_reels","A habit small enough to survive a bad week.","60 capsules per bottle — a full month of mornings.","The daily step","Start with one month"
"LF1_RITUAL_compare_bone_0347_191x1.png","0347","RITUAL","Daily ritual","Support the GLP-1 journey","compare","bone","editorial","191x1","1200","628","facebook_right_column,audience_network","The simplest part of your routine.","As a dietary supplement, take two capsules daily with 6–8 oz of water.","Two capsules daily","Read the label"
"LF1_RITUAL_compare_bone_0347_1x1.png","0347","RITUAL","Daily ritual","Support the GLP-1 journey","compare","bone","editorial","1x1","1080","1080","facebook_feed,instagram_feed","The simplest part of your routine.","As a dietary supplement, take two capsules daily with 6–8 oz of water.","Two capsules daily","Read the label"
"LF1_RITUAL_compare_bone_0347_4x5.png","0347","RITUAL","Daily ritual","Support the GLP-1 journey","compare","bone","editorial","4x5","1080","1350","facebook_feed,instagram_feed","The simplest part of your routine.","As a dietary supplement, take two capsules daily with 6–8 oz of water.","Two capsules daily","Read the label"
"LF1_RITUAL_compare_bone_0347_9x16.png","0347","RITUAL","Daily ritual","Support the GLP-1 journey","compare","bone","editorial","9x16","1080","1920","instagram_story,facebook_story,instagram_reels","The simplest part of your routine.","As a dietary supplement, take two capsules daily with 6–8 oz of water.","Two capsules daily","Read the label"
"LF1_RITUAL_faqCard_mint_0319_191x1.png","0319","RITUAL","Daily ritual","Support the GLP-1 journey","faqCard","mint","grotesk","191x1","1200","628","facebook_right_column,audience_network","A ten-second habit.","60 capsules per bottle — a full month of mornings.","60 capsules · one month","Start with one month"
"LF1_RITUAL_faqCard_mint_0319_1x1.png","0319","RITUAL","Daily ritual","Support the GLP-1 journey","faqCard","mint","grotesk","1x1","1080","1080","facebook_feed,instagram_feed","A ten-second habit.","60 capsules per bottle — a full month of mornings.","60 capsules · one month","Start with one month"
"LF1_RITUAL_faqCard_mint_0319_4x5.png","0319","RITUAL","Daily ritual","Support the GLP-1 journey","faqCard","mint","grotesk","4x5","1080","1350","facebook_feed,instagram_feed","A ten-second habit.","60 capsules per bottle — a full month of mornings.","60 capsules · one month","Start with one month"
"LF1_RITUAL_faqCard_mint_0319_9x16.png","0319","RITUAL","Daily ritual","Support the GLP-1 journey","faqCard","mint","grotesk","9x16","1080","1920","instagram_story,facebook_story,instagram_reels","A ten-second habit.","60 capsules per bottle — a full month of mornings.","60 capsules · one month","Start with one month"
"LF1_RITUAL_gradientHero_clay_0325_191x1.png","0325","RITUAL","Daily ritual","Support the GLP-1 journey","gradientHero","clay","luxe","191x1","1200","628","facebook_right_column,audience_network","Add one step. Keep everything else.","60 capsules per bottle — a full month of mornings.","Two capsules daily","Read the label"
"LF1_RITUAL_gradientHero_clay_0325_1x1.png","0325","RITUAL","Daily ritual","Support the GLP-1 journey","gradientHero","clay","luxe","1x1","1080","1080","facebook_feed,instagram_feed","Add one step. Keep everything else.","60 capsules per bottle — a full month of mornings.","Two capsules daily","Read the label"
"LF1_RITUAL_gradientHero_clay_0325_4x5.png","0325","RITUAL","Daily ritual","Support the GLP-1 journey","gradientHero","clay","luxe","4x5","1080","1350","facebook_feed,instagram_feed","Add one step. Keep everything else.","60 capsules per bottle — a full month of mornings.","Two capsules daily","Read the label"
"LF1_RITUAL_gradientHero_clay_0325_9x16.png","0325","RITUAL","Daily ritual","Support the GLP-1 journey","gradientHero","clay","luxe","9x16","1080","1920","instagram_story,facebook_story,instagram_reels","Add one step. Keep everything else.","60 capsules per bottle — a full month of mornings.","Two capsules daily","Read the label"
"LF1_RITUAL_indexCard_bone_0343_191x1.png","0343","RITUAL","Daily ritual","Support the GLP-1 journey","indexCard","bone","luxe","191x1","1200","628","facebook_right_column,audience_network","The boring habit that adds up.","60 capsules per bottle — a full month of mornings.","Two capsules daily","Start with one month"
"LF1_RITUAL_indexCard_forest_0337_191x1.png","0337","RITUAL","Daily ritual","Support the GLP-1 journey","indexCard","forest","impact","191x1","1200","628","facebook_right_column,audience_network","It fits in the routine you already have.","Built to be kept, not just bought.","Morning routine","Read the label"
"LF1_RITUAL_indexCard_forest_0350_191x1.png","0350","RITUAL","Daily ritual","Support the GLP-1 journey","indexCard","forest","impact","191x1","1200","628","facebook_right_column,audience_network","One bottle. One month. One habit.","As a dietary supplement, take two capsules daily with 6–8 oz of water.","Morning routine","View LF-1"
"LF1_RITUAL_indexCard_forest_0350_1x1.png","0350","RITUAL","Daily ritual","Support the GLP-1 journey","indexCard","forest","impact","1x1","1080","1080","facebook_feed,instagram_feed","One bottle. One month. One habit.","As a dietary supplement, take two capsules daily with 6–8 oz of water.","Morning routine","View LF-1"
"LF1_RITUAL_indexCard_forest_0350_4x5.png","0350","RITUAL","Daily ritual","Support the GLP-1 journey","indexCard","forest","impact","4x5","1080","1350","facebook_feed,instagram_feed","One bottle. One month. One habit.","As a dietary supplement, take two capsules daily with 6–8 oz of water.","Morning routine","View LF-1"
"LF1_RITUAL_indexCard_forest_0350_9x16.png","0350","RITUAL","Daily ritual","Support the GLP-1 journey","indexCard","forest","impact","9x16","1080","1920","instagram_story,facebook_story,instagram_reels","One bottle. One month. One habit.","As a dietary supplement, take two capsules daily with 6–8 oz of water.","Morning routine","View LF-1"
"LF1_RITUAL_indexCard_mint_0322_191x1.png","0322","RITUAL","Daily ritual","Support the GLP-1 journey","indexCard","mint","humanist","191x1","1200","628","facebook_right_column,audience_network","The easiest thing you’ll do today.","Capsule format. No powder, no shaker, no flavour to tolerate.","Two capsules daily","Read the label"
"LF1_RITUAL_indexCard_mint_0322_1x1.png","0322","RITUAL","Daily ritual","Support the GLP-1 journey","indexCard","mint","humanist","1x1","1080","1080","facebook_feed,instagram_feed","The easiest thing you’ll do today.","Capsule format. No powder, no shaker, no flavour to tolerate.","Two capsules daily","Read the label"
"LF1_RITUAL_indexCard_mint_0322_4x5.png","0322","RITUAL","Daily ritual","Support the GLP-1 journey","indexCard","mint","humanist","4x5","1080","1350","facebook_feed,instagram_feed","The easiest thing you’ll do today.","Capsule format. No powder, no shaker, no flavour to tolerate.","Two capsules daily","Read the label"
"LF1_RITUAL_indexCard_mint_0322_9x16.png","0322","RITUAL","Daily ritual","Support the GLP-1 journey","indexCard","mint","humanist","9x16","1080","1920","instagram_story,facebook_story,instagram_reels","The easiest thing you’ll do today.","Capsule format. No powder, no shaker, no flavour to tolerate.","Two capsules daily","Read the label"
"LF1_RITUAL_indexCard_mint_0344_191x1.png","0344","RITUAL","Daily ritual","Support the GLP-1 journey","indexCard","mint","grotesk","191x1","1200","628","facebook_right_column,audience_network","Easy to start. Easier to keep.","As a dietary supplement, take two capsules daily with 6–8 oz of water.","Morning routine","Shop LF-1"
"LF1_RITUAL_indexCard_sand_0333_191x1.png","0333","RITUAL","Daily ritual","Support the GLP-1 journey","indexCard","sand","luxe","191x1","1200","628","facebook_right_column,audience_network","One month per bottle. No guessing.","As a dietary supplement, take two capsules daily with 6–8 oz of water.","Two capsules daily","See the formula"
"LF1_RITUAL_labelPanel_sand_0332_1x1.png","0332","RITUAL","Daily ritual","Support the GLP-1 journey","labelPanel","sand","editorial","1x1","1080","1080","facebook_feed,instagram_feed","Designed to be easy to keep up.","As a dietary supplement, take two capsules daily with 6–8 oz of water.","Morning routine","See the formula"
"LF1_RITUAL_labelPanel_sand_0332_4x5.png","0332","RITUAL","Daily ritual","Support the GLP-1 journey","labelPanel","sand","editorial","4x5","1080","1350","facebook_feed,instagram_feed","Designed to be easy to keep up.","As a dietary supplement, take two capsules daily with 6–8 oz of water.","Morning routine","See the formula"
"LF1_RITUAL_labelPanel_sand_0332_9x16.png","0332","RITUAL","Daily ritual","Support the GLP-1 journey","labelPanel","sand","editorial","9x16","1080","1920","instagram_story,facebook_story,instagram_reels","Designed to be easy to keep up.","As a dietary supplement, take two capsules daily with 6–8 oz of water.","Morning routine","See the formula"
"LF1_RITUAL_mythFact_bone_0317_191x1.png","0317","RITUAL","Daily ritual","Support the GLP-1 journey","mythFact","bone","editorial","191x1","1200","628","facebook_right_column,audience_network","The simplest part of your routine.","Built to be kept, not just bought.","Morning routine","Shop LF-1"
"LF1_RITUAL_mythFact_bone_0317_1x1.png","0317","RITUAL","Daily ritual","Support the GLP-1 journey","mythFact","bone","editorial","1x1","1080","1080","facebook_feed,instagram_feed","The simplest part of your routine.","Built to be kept, not just bought.","Morning routine","Shop LF-1"
"LF1_RITUAL_mythFact_bone_0317_4x5.png","0317","RITUAL","Daily ritual","Support the GLP-1 journey","mythFact","bone","editorial","4x5","1080","1350","facebook_feed,instagram_feed","The simplest part of your routine.","Built to be kept, not just bought.","Morning routine","Shop LF-1"
"LF1_RITUAL_mythFact_bone_0317_9x16.png","0317","RITUAL","Daily ritual","Support the GLP-1 journey","mythFact","bone","editorial","9x16","1080","1920","instagram_story,facebook_story,instagram_reels","The simplest part of your routine.","Built to be kept, not just bought.","Morning routine","Shop LF-1"
"LF1_RITUAL_mythFact_sage_0338_191x1.png","0338","RITUAL","Daily ritual","Support the GLP-1 journey","mythFact","sage","grotesk","191x1","1200","628","facebook_right_column,audience_network","The daily step that asks nothing of you.","60 capsules per bottle — a full month of mornings.","60 capsules · one month","See the formula"
"LF1_RITUAL_mythFact_sage_0338_1x1.png","0338","RITUAL","Daily ritual","Support the GLP-1 journey","mythFact","sage","grotesk","1x1","1080","1080","facebook_feed,instagram_feed","The daily step that asks nothing of you.","60 capsules per bottle — a full month of mornings.","60 capsules · one month","See the formula"
"LF1_RITUAL_mythFact_sage_0338_4x5.png","0338","RITUAL","Daily ritual","Support the GLP-1 journey","mythFact","sage","grotesk","4x5","1080","1350","facebook_feed,instagram_feed","The daily step that asks nothing of you.","60 capsules per bottle — a full month of mornings.","60 capsules · one month","See the formula"
"LF1_RITUAL_mythFact_sage_0338_9x16.png","0338","RITUAL","Daily ritual","Support the GLP-1 journey","mythFact","sage","grotesk","9x16","1080","1920","instagram_story,facebook_story,instagram_reels","The daily step that asks nothing of you.","60 capsules per bottle — a full month of mornings.","60 capsules · one month","See the formula"
"LF1_RITUAL_notesApp_bone_0343_1x1.png","0343","RITUAL","Daily ritual","Support the GLP-1 journey","notesApp","bone","luxe","1x1","1080","1080","facebook_feed,instagram_feed","The boring habit that adds up.","60 capsules per bottle — a full month of mornings.","Two capsules daily","Start with one month"
"LF1_RITUAL_notesApp_bone_0343_4x5.png","0343","RITUAL","Daily ritual","Support the GLP-1 journey","notesApp","bone","luxe","4x5","1080","1350","facebook_feed,instagram_feed","The boring habit that adds up.","60 capsules per bottle — a full month of mornings.","Two capsules daily","Start with one month"
"LF1_RITUAL_notesApp_bone_0343_9x16.png","0343","RITUAL","Daily ritual","Support the GLP-1 journey","notesApp","bone","luxe","9x16","1080","1920","instagram_story,facebook_story,instagram_reels","The boring habit that adds up.","60 capsules per bottle — a full month of mornings.","Two capsules daily","Start with one month"
"LF1_RITUAL_notesApp_forest_0337_1x1.png","0337","RITUAL","Daily ritual","Support the GLP-1 journey","notesApp","forest","impact","1x1","1080","1080","facebook_feed,instagram_feed","It fits in the routine you already have.","Built to be kept, not just bought.","Morning routine","Read the label"
"LF1_RITUAL_notesApp_forest_0337_4x5.png","0337","RITUAL","Daily ritual","Support the GLP-1 journey","notesApp","forest","impact","4x5","1080","1350","facebook_feed,instagram_feed","It fits in the routine you already have.","Built to be kept, not just bought.","Morning routine","Read the label"
"LF1_RITUAL_notesApp_forest_0337_9x16.png","0337","RITUAL","Daily ritual","Support the GLP-1 journey","notesApp","forest","impact","9x16","1080","1920","instagram_story,facebook_story,instagram_reels","It fits in the routine you already have.","Built to be kept, not just bought.","Morning routine","Read the label"
"LF1_RITUAL_notesApp_mint_0344_1x1.png","0344","RITUAL","Daily ritual","Support the GLP-1 journey","notesApp","mint","grotesk","1x1","1080","1080","facebook_feed,instagram_feed","Easy to start. Easier to keep.","As a dietary supplement, take two capsules daily with 6–8 oz of water.","Morning routine","Shop LF-1"
"LF1_RITUAL_notesApp_mint_0344_4x5.png","0344","RITUAL","Daily ritual","Support the GLP-1 journey","notesApp","mint","grotesk","4x5","1080","1350","facebook_feed,instagram_feed","Easy to start. Easier to keep.","As a dietary supplement, take two capsules daily with 6–8 oz of water.","Morning routine","Shop LF-1"
"LF1_RITUAL_notesApp_mint_0344_9x16.png","0344","RITUAL","Daily ritual","Support the GLP-1 journey","notesApp","mint","grotesk","9x16","1080","1920","instagram_story,facebook_story,instagram_reels","Easy to start. Easier to keep.","As a dietary supplement, take two capsules daily with 6–8 oz of water.","Morning routine","Shop LF-1"
"LF1_RITUAL_notesApp_sand_0333_1x1.png","0333","RITUAL","Daily ritual","Support the GLP-1 journey","notesApp","sand","luxe","1x1","1080","1080","facebook_feed,instagram_feed","One month per bottle. No guessing.","As a dietary supplement, take two capsules daily with 6–8 oz of water.","Two capsules daily","See the formula"
"LF1_RITUAL_notesApp_sand_0333_4x5.png","0333","RITUAL","Daily ritual","Support the GLP-1 journey","notesApp","sand","luxe","4x5","1080","1350","facebook_feed,instagram_feed","One month per bottle. No guessing.","As a dietary supplement, take two capsules daily with 6–8 oz of water.","Two capsules daily","See the formula"
"LF1_RITUAL_notesApp_sand_0333_9x16.png","0333","RITUAL","Daily ritual","Support the GLP-1 journey","notesApp","sand","luxe","9x16","1080","1920","instagram_story,facebook_story,instagram_reels","One month per bottle. No guessing.","As a dietary supplement, take two capsules daily with 6–8 oz of water.","Two capsules daily","See the formula"
"LF1_RITUAL_numberedSteps_clinical_0316_191x1.png","0316","RITUAL","Daily ritual","Support the GLP-1 journey","numberedSteps","clinical","impact","191x1","1200","628","facebook_right_column,audience_network","Two capsules. Every morning. That’s it.","Built to be kept, not just bought.","The daily step","Shop LF-1"
"LF1_RITUAL_numberedSteps_clinical_0316_1x1.png","0316","RITUAL","Daily ritual","Support the GLP-1 journey","numberedSteps","clinical","impact","1x1","1080","1080","facebook_feed,instagram_feed","Two capsules. Every morning. That’s it.","Built to be kept, not just bought.","The daily step","Shop LF-1"
"LF1_RITUAL_numberedSteps_clinical_0316_4x5.png","0316","RITUAL","Daily ritual","Support the GLP-1 journey","numberedSteps","clinical","impact","4x5","1080","1350","facebook_feed,instagram_feed","Two capsules. Every morning. That’s it.","Built to be kept, not just bought.","The daily step","Shop LF-1"
"LF1_RITUAL_numberedSteps_clinical_0316_9x16.png","0316","RITUAL","Daily ritual","Support the GLP-1 journey","numberedSteps","clinical","impact","9x16","1080","1920","instagram_story,facebook_story,instagram_reels","Two capsules. Every morning. That’s it.","Built to be kept, not just bought.","The daily step","Shop LF-1"
"LF1_RITUAL_numberedSteps_clinical_0349_191x1.png","0349","RITUAL","Daily ritual","Support the GLP-1 journey","numberedSteps","clinical","humanist","191x1","1200","628","facebook_right_column,audience_network","A ten-second habit.","Capsule format. No powder, no shaker, no flavour to tolerate.","Two capsules daily","Shop LF-1"
"LF1_RITUAL_numberedSteps_clinical_0349_1x1.png","0349","RITUAL","Daily ritual","Support the GLP-1 journey","numberedSteps","clinical","humanist","1x1","1080","1080","facebook_feed,instagram_feed","A ten-second habit.","Capsule format. No powder, no shaker, no flavour to tolerate.","Two capsules daily","Shop LF-1"
"LF1_RITUAL_numberedSteps_clinical_0349_4x5.png","0349","RITUAL","Daily ritual","Support the GLP-1 journey","numberedSteps","clinical","humanist","4x5","1080","1350","facebook_feed,instagram_feed","A ten-second habit.","Capsule format. No powder, no shaker, no flavour to tolerate.","Two capsules daily","Shop LF-1"
"LF1_RITUAL_numberedSteps_clinical_0349_9x16.png","0349","RITUAL","Daily ritual","Support the GLP-1 journey","numberedSteps","clinical","humanist","9x16","1080","1920","instagram_story,facebook_story,instagram_reels","A ten-second habit.","Capsule format. No powder, no shaker, no flavour to tolerate.","Two capsules daily","Shop LF-1"
"LF1_RITUAL_numberedSteps_ink_0324_191x1.png","0324","RITUAL","Daily ritual","Support the GLP-1 journey","numberedSteps","ink","grotesk","191x1","1200","628","facebook_right_column,audience_network","60 capsules. 30 mornings.","Built to be kept, not just bought.","60 capsules · one month","Shop LF-1"
"LF1_RITUAL_numberedSteps_ink_0324_1x1.png","0324","RITUAL","Daily ritual","Support the GLP-1 journey","numberedSteps","ink","grotesk","1x1","1080","1080","facebook_feed,instagram_feed","60 capsules. 30 mornings.","Built to be kept, not just bought.","60 capsules · one month","Shop LF-1"
"LF1_RITUAL_numberedSteps_ink_0324_4x5.png","0324","RITUAL","Daily ritual","Support the GLP-1 journey","numberedSteps","ink","grotesk","4x5","1080","1350","facebook_feed,instagram_feed","60 capsules. 30 mornings.","Built to be kept, not just bought.","60 capsules · one month","Shop LF-1"
"LF1_RITUAL_numberedSteps_ink_0324_9x16.png","0324","RITUAL","Daily ritual","Support the GLP-1 journey","numberedSteps","ink","grotesk","9x16","1080","1920","instagram_story,facebook_story,instagram_reels","60 capsules. 30 mornings.","Built to be kept, not just bought.","60 capsules · one month","Shop LF-1"
"LF1_RITUAL_numberedSteps_ink_0327_191x1.png","0327","RITUAL","Daily ritual","Support the GLP-1 journey","numberedSteps","ink","grotesk","191x1","1200","628","facebook_right_column,audience_network","Small habit. Long journey.","60 capsules per bottle — a full month of mornings.","Two capsules daily","Get LF-1"
"LF1_RITUAL_numberedSteps_ink_0327_1x1.png","0327","RITUAL","Daily ritual","Support the GLP-1 journey","numberedSteps","ink","grotesk","1x1","1080","1080","facebook_feed,instagram_feed","Small habit. Long journey.","60 capsules per bottle — a full month of mornings.","Two capsules daily","Get LF-1"
"LF1_RITUAL_numberedSteps_ink_0327_4x5.png","0327","RITUAL","Daily ritual","Support the GLP-1 journey","numberedSteps","ink","grotesk","4x5","1080","1350","facebook_feed,instagram_feed","Small habit. Long journey.","60 capsules per bottle — a full month of mornings.","Two capsules daily","Get LF-1"
"LF1_RITUAL_numberedSteps_ink_0327_9x16.png","0327","RITUAL","Daily ritual","Support the GLP-1 journey","numberedSteps","ink","grotesk","9x16","1080","1920","instagram_story,facebook_story,instagram_reels","Small habit. Long journey.","60 capsules per bottle — a full month of mornings.","Two capsules daily","Get LF-1"
"LF1_RITUAL_productSlot_bone_0326_191x1.png","0326","RITUAL","Daily ritual","Support the GLP-1 journey","productSlot","bone","luxe","191x1","1200","628","facebook_right_column,audience_network","A routine you’ll actually keep.","Built to be kept, not just bought.","Morning routine","View LF-1"
"LF1_RITUAL_productSlot_bone_0326_1x1.png","0326","RITUAL","Daily ritual","Support the GLP-1 journey","productSlot","bone","luxe","1x1","1080","1080","facebook_feed,instagram_feed","A routine you’ll actually keep.","Built to be kept, not just bought.","Morning routine","View LF-1"
"LF1_RITUAL_productSlot_bone_0326_4x5.png","0326","RITUAL","Daily ritual","Support the GLP-1 journey","productSlot","bone","luxe","4x5","1080","1350","facebook_feed,instagram_feed","A routine you’ll actually keep.","Built to be kept, not just bought.","Morning routine","View LF-1"
"LF1_RITUAL_productSlot_bone_0326_9x16.png","0326","RITUAL","Daily ritual","Support the GLP-1 journey","productSlot","bone","luxe","9x16","1080","1920","instagram_story,facebook_story,instagram_reels","A routine you’ll actually keep.","Built to be kept, not just bought.","Morning routine","View LF-1"
"LF1_RITUAL_productSlot_bone_0348_191x1.png","0348","RITUAL","Daily ritual","Support the GLP-1 journey","productSlot","bone","editorial","191x1","1200","628","facebook_right_column,audience_network","Two capsules, 6–8 oz of water, done.","60 capsules per bottle — a full month of mornings.","Morning routine","See the formula"
"LF1_RITUAL_productSlot_bone_0348_1x1.png","0348","RITUAL","Daily ritual","Support the GLP-1 journey","productSlot","bone","editorial","1x1","1080","1080","facebook_feed,instagram_feed","Two capsules, 6–8 oz of water, done.","60 capsules per bottle — a full month of mornings.","Morning routine","See the formula"
"LF1_RITUAL_productSlot_bone_0348_4x5.png","0348","RITUAL","Daily ritual","Support the GLP-1 journey","productSlot","bone","editorial","4x5","1080","1350","facebook_feed,instagram_feed","Two capsules, 6–8 oz of water, done.","60 capsules per bottle — a full month of mornings.","Morning routine","See the formula"
"LF1_RITUAL_productSlot_bone_0348_9x16.png","0348","RITUAL","Daily ritual","Support the GLP-1 journey","productSlot","bone","editorial","9x16","1080","1920","instagram_story,facebook_story,instagram_reels","Two capsules, 6–8 oz of water, done.","60 capsules per bottle — a full month of mornings.","Morning routine","See the formula"
"LF1_RITUAL_productSlot_forest_0328_191x1.png","0328","RITUAL","Daily ritual","Support the GLP-1 journey","productSlot","forest","luxe","191x1","1200","628","facebook_right_column,audience_network","Take it with your morning water.","60 capsules per bottle — a full month of mornings.","Two capsules daily","Get LF-1"
"LF1_RITUAL_productSlot_forest_0328_1x1.png","0328","RITUAL","Daily ritual","Support the GLP-1 journey","productSlot","forest","luxe","1x1","1080","1080","facebook_feed,instagram_feed","Take it with your morning water.","60 capsules per bottle — a full month of mornings.","Two capsules daily","Get LF-1"
"LF1_RITUAL_productSlot_forest_0328_4x5.png","0328","RITUAL","Daily ritual","Support the GLP-1 journey","productSlot","forest","luxe","4x5","1080","1350","facebook_feed,instagram_feed","Take it with your morning water.","60 capsules per bottle — a full month of mornings.","Two capsules daily","Get LF-1"
"LF1_RITUAL_productSlot_forest_0328_9x16.png","0328","RITUAL","Daily ritual","Support the GLP-1 journey","productSlot","forest","luxe","9x16","1080","1920","instagram_story,facebook_story,instagram_reels","Take it with your morning water.","60 capsules per bottle — a full month of mornings.","Two capsules daily","Get LF-1"
"LF1_RITUAL_productSlot_forest_0334_191x1.png","0334","RITUAL","Daily ritual","Support the GLP-1 journey","productSlot","forest","editorial","191x1","1200","628","facebook_right_column,audience_network","The habit that doesn’t need willpower.","Built to be kept, not just bought.","Morning routine","View LF-1"
"LF1_RITUAL_productSlot_forest_0334_1x1.png","0334","RITUAL","Daily ritual","Support the GLP-1 journey","productSlot","forest","editorial","1x1","1080","1080","facebook_feed,instagram_feed","The habit that doesn’t need willpower.","Built to be kept, not just bought.","Morning routine","View LF-1"
"LF1_RITUAL_productSlot_forest_0334_4x5.png","0334","RITUAL","Daily ritual","Support the GLP-1 journey","productSlot","forest","editorial","4x5","1080","1350","facebook_feed,instagram_feed","The habit that doesn’t need willpower.","Built to be kept, not just bought.","Morning routine","View LF-1"
"LF1_RITUAL_productSlot_forest_0334_9x16.png","0334","RITUAL","Daily ritual","Support the GLP-1 journey","productSlot","forest","editorial","9x16","1080","1920","instagram_story,facebook_story,instagram_reels","The habit that doesn’t need willpower.","Built to be kept, not just bought.","Morning routine","View LF-1"
"LF1_RITUAL_productSlot_ink_0331_191x1.png","0331","RITUAL","Daily ritual","Support the GLP-1 journey","productSlot","ink","impact","191x1","1200","628","facebook_right_column,audience_network","Two capsules is the whole instruction.","60 capsules per bottle — a full month of mornings.","The daily step","Read the label"
"LF1_RITUAL_productSlot_ink_0331_1x1.png","0331","RITUAL","Daily ritual","Support the GLP-1 journey","productSlot","ink","impact","1x1","1080","1080","facebook_feed,instagram_feed","Two capsules is the whole instruction.","60 capsules per bottle — a full month of mornings.","The daily step","Read the label"
"LF1_RITUAL_productSlot_ink_0331_4x5.png","0331","RITUAL","Daily ritual","Support the GLP-1 journey","productSlot","ink","impact","4x5","1080","1350","facebook_feed,instagram_feed","Two capsules is the whole instruction.","60 capsules per bottle — a full month of mornings.","The daily step","Read the label"
"LF1_RITUAL_productSlot_ink_0331_9x16.png","0331","RITUAL","Daily ritual","Support the GLP-1 journey","productSlot","ink","impact","9x16","1080","1920","instagram_story,facebook_story,instagram_reels","Two capsules is the whole instruction.","60 capsules per bottle — a full month of mornings.","The daily step","Read the label"
"LF1_RITUAL_productSlot_ink_0341_191x1.png","0341","RITUAL","Daily ritual","Support the GLP-1 journey","productSlot","ink","impact","191x1","1200","628","facebook_right_column,audience_network","No mixing. No measuring. No excuses.","60 capsules per bottle — a full month of mornings.","Two capsules daily","See the formula"
"LF1_RITUAL_productSlot_ink_0341_1x1.png","0341","RITUAL","Daily ritual","Support the GLP-1 journey","productSlot","ink","impact","1x1","1080","1080","facebook_feed,instagram_feed","No mixing. No measuring. No excuses.","60 capsules per bottle — a full month of mornings.","Two capsules daily","See the formula"
"LF1_RITUAL_productSlot_ink_0341_4x5.png","0341","RITUAL","Daily ritual","Support the GLP-1 journey","productSlot","ink","impact","4x5","1080","1350","facebook_feed,instagram_feed","No mixing. No measuring. No excuses.","60 capsules per bottle — a full month of mornings.","Two capsules daily","See the formula"
"LF1_RITUAL_productSlot_ink_0341_9x16.png","0341","RITUAL","Daily ritual","Support the GLP-1 journey","productSlot","ink","impact","9x16","1080","1920","instagram_story,facebook_story,instagram_reels","No mixing. No measuring. No excuses.","60 capsules per bottle — a full month of mornings.","Two capsules daily","See the formula"
"LF1_RITUAL_productSlot_mint_0323_191x1.png","0323","RITUAL","Daily ritual","Support the GLP-1 journey","productSlot","mint","grotesk","191x1","1200","628","facebook_right_column,audience_network","No powder. No shaker. No fuss.","Built to be kept, not just bought.","The daily step","Start with one month"
"LF1_RITUAL_productSlot_mint_0323_1x1.png","0323","RITUAL","Daily ritual","Support the GLP-1 journey","productSlot","mint","grotesk","1x1","1080","1080","facebook_feed,instagram_feed","No powder. No shaker. No fuss.","Built to be kept, not just bought.","The daily step","Start with one month"
"LF1_RITUAL_productSlot_mint_0323_4x5.png","0323","RITUAL","Daily ritual","Support the GLP-1 journey","productSlot","mint","grotesk","4x5","1080","1350","facebook_feed,instagram_feed","No powder. No shaker. No fuss.","Built to be kept, not just bought.","The daily step","Start with one month"
"LF1_RITUAL_productSlot_mint_0323_9x16.png","0323","RITUAL","Daily ritual","Support the GLP-1 journey","productSlot","mint","grotesk","9x16","1080","1920","instagram_story,facebook_story,instagram_reels","No powder. No shaker. No fuss.","Built to be kept, not just bought.","The daily step","Start with one month"
"LF1_RITUAL_productSlot_sand_0336_191x1.png","0336","RITUAL","Daily ritual","Support the GLP-1 journey","productSlot","sand","luxe","191x1","1200","628","facebook_right_column,audience_network","Capsules, not powders.","60 capsules per bottle — a full month of mornings.","60 capsules · one month","Shop LF-1"
"LF1_RITUAL_productSlot_sand_0336_1x1.png","0336","RITUAL","Daily ritual","Support the GLP-1 journey","productSlot","sand","luxe","1x1","1080","1080","facebook_feed,instagram_feed","Capsules, not powders.","60 capsules per bottle — a full month of mornings.","60 capsules · one month","Shop LF-1"
"LF1_RITUAL_productSlot_sand_0336_4x5.png","0336","RITUAL","Daily ritual","Support the GLP-1 journey","productSlot","sand","luxe","4x5","1080","1350","facebook_feed,instagram_feed","Capsules, not powders.","60 capsules per bottle — a full month of mornings.","60 capsules · one month","Shop LF-1"
"LF1_RITUAL_productSlot_sand_0336_9x16.png","0336","RITUAL","Daily ritual","Support the GLP-1 journey","productSlot","sand","luxe","9x16","1080","1920","instagram_story,facebook_story,instagram_reels","Capsules, not powders.","60 capsules per bottle — a full month of mornings.","60 capsules · one month","Shop LF-1"
"LF1_RITUAL_ruleStack_sand_0332_191x1.png","0332","RITUAL","Daily ritual","Support the GLP-1 journey","ruleStack","sand","editorial","191x1","1200","628","facebook_right_column,audience_network","Designed to be easy to keep up.","As a dietary supplement, take two capsules daily with 6–8 oz of water.","Morning routine","See the formula"
"LF1_RITUAL_statBlock_sage_0335_191x1.png","0335","RITUAL","Daily ritual","Support the GLP-1 journey","statBlock","sage","grotesk","191x1","1200","628","facebook_right_column,audience_network","Ten seconds a morning.","60 capsules per bottle — a full month of mornings.","The daily step","See what’s in it"
"LF1_RITUAL_statBlock_sage_0335_1x1.png","0335","RITUAL","Daily ritual","Support the GLP-1 journey","statBlock","sage","grotesk","1x1","1080","1080","facebook_feed,instagram_feed","Ten seconds a morning.","60 capsules per bottle — a full month of mornings.","The daily step","See what’s in it"
"LF1_RITUAL_statBlock_sage_0335_4x5.png","0335","RITUAL","Daily ritual","Support the GLP-1 journey","statBlock","sage","grotesk","4x5","1080","1350","facebook_feed,instagram_feed","Ten seconds a morning.","60 capsules per bottle — a full month of mornings.","The daily step","See what’s in it"
"LF1_RITUAL_statBlock_sage_0335_9x16.png","0335","RITUAL","Daily ritual","Support the GLP-1 journey","statBlock","sage","grotesk","9x16","1080","1920","instagram_story,facebook_story,instagram_reels","Ten seconds a morning.","60 capsules per bottle — a full month of mornings.","The daily step","See what’s in it"
"LF1_RITUAL_stickyNote_clay_0345_191x1.png","0345","RITUAL","Daily ritual","Support the GLP-1 journey","stickyNote","clay","editorial","191x1","1200","628","facebook_right_column,audience_network","Your morning, plus ten seconds.","Capsule format. No powder, no shaker, no flavour to tolerate.","60 capsules · one month","See the formula"
"LF1_RITUAL_stickyNote_clay_0345_1x1.png","0345","RITUAL","Daily ritual","Support the GLP-1 journey","stickyNote","clay","editorial","1x1","1080","1080","facebook_feed,instagram_feed","Your morning, plus ten seconds.","Capsule format. No powder, no shaker, no flavour to tolerate.","60 capsules · one month","See the formula"
"LF1_RITUAL_stickyNote_clay_0345_4x5.png","0345","RITUAL","Daily ritual","Support the GLP-1 journey","stickyNote","clay","editorial","4x5","1080","1350","facebook_feed,instagram_feed","Your morning, plus ten seconds.","Capsule format. No powder, no shaker, no flavour to tolerate.","60 capsules · one month","See the formula"
"LF1_RITUAL_stickyNote_clay_0345_9x16.png","0345","RITUAL","Daily ritual","Support the GLP-1 journey","stickyNote","clay","editorial","9x16","1080","1920","instagram_story,facebook_story,instagram_reels","Your morning, plus ten seconds.","Capsule format. No powder, no shaker, no flavour to tolerate.","60 capsules · one month","See the formula"
"LF1_RITUAL_timeline_clinical_0321_191x1.png","0321","RITUAL","Daily ritual","Support the GLP-1 journey","timeline","clinical","condensed","191x1","1200","628","facebook_right_column,audience_network","Morning, water, two capsules.","Built to be kept, not just bought.","60 capsules · one month","Get LF-1"
"LF1_RITUAL_timeline_clinical_0321_1x1.png","0321","RITUAL","Daily ritual","Support the GLP-1 journey","timeline","clinical","condensed","1x1","1080","1080","facebook_feed,instagram_feed","Morning, water, two capsules.","Built to be kept, not just bought.","60 capsules · one month","Get LF-1"
"LF1_RITUAL_timeline_clinical_0321_4x5.png","0321","RITUAL","Daily ritual","Support the GLP-1 journey","timeline","clinical","condensed","4x5","1080","1350","facebook_feed,instagram_feed","Morning, water, two capsules.","Built to be kept, not just bought.","60 capsules · one month","Get LF-1"
"LF1_RITUAL_timeline_clinical_0321_9x16.png","0321","RITUAL","Daily ritual","Support the GLP-1 journey","timeline","clinical","condensed","9x16","1080","1920","instagram_story,facebook_story,instagram_reels","Morning, water, two capsules.","Built to be kept, not just bought.","60 capsules · one month","Get LF-1"
"LF1_RITUAL_timeline_clinical_0346_191x1.png","0346","RITUAL","Daily ritual","Support the GLP-1 journey","timeline","clinical","humanist","191x1","1200","628","facebook_right_column,audience_network","Two capsules. Every morning. That’s it.","Capsule format. No powder, no shaker, no flavour to tolerate.","Morning routine","Get LF-1"
"LF1_RITUAL_timeline_clinical_0346_1x1.png","0346","RITUAL","Daily ritual","Support the GLP-1 journey","timeline","clinical","humanist","1x1","1080","1080","facebook_feed,instagram_feed","Two capsules. Every morning. That’s it.","Capsule format. No powder, no shaker, no flavour to tolerate.","Morning routine","Get LF-1"
"LF1_RITUAL_timeline_clinical_0346_4x5.png","0346","RITUAL","Daily ritual","Support the GLP-1 journey","timeline","clinical","humanist","4x5","1080","1350","facebook_feed,instagram_feed","Two capsules. Every morning. That’s it.","Capsule format. No powder, no shaker, no flavour to tolerate.","Morning routine","Get LF-1"
"LF1_RITUAL_timeline_clinical_0346_9x16.png","0346","RITUAL","Daily ritual","Support the GLP-1 journey","timeline","clinical","humanist","9x16","1080","1920","instagram_story,facebook_story,instagram_reels","Two capsules. Every morning. That’s it.","Capsule format. No powder, no shaker, no flavour to tolerate.","Morning routine","Get LF-1"
"LF1_RITUAL_timeline_ink_0329_191x1.png","0329","RITUAL","Daily ritual","Support the GLP-1 journey","timeline","ink","grotesk","191x1","1200","628","facebook_right_column,audience_network","The low-effort half of your protocol.","60 capsules per bottle — a full month of mornings.","Morning routine","Read the label"
"LF1_RITUAL_timeline_ink_0329_1x1.png","0329","RITUAL","Daily ritual","Support the GLP-1 journey","timeline","ink","grotesk","1x1","1080","1080","facebook_feed,instagram_feed","The low-effort half of your protocol.","60 capsules per bottle — a full month of mornings.","Morning routine","Read the label"
"LF1_RITUAL_timeline_ink_0329_4x5.png","0329","RITUAL","Daily ritual","Support the GLP-1 journey","timeline","ink","grotesk","4x5","1080","1350","facebook_feed,instagram_feed","The low-effort half of your protocol.","60 capsules per bottle — a full month of mornings.","Morning routine","Read the label"
"LF1_RITUAL_timeline_ink_0329_9x16.png","0329","RITUAL","Daily ritual","Support the GLP-1 journey","timeline","ink","grotesk","9x16","1080","1920","instagram_story,facebook_story,instagram_reels","The low-effort half of your protocol.","60 capsules per bottle — a full month of mornings.","Morning routine","Read the label"
"LF1_RITUAL_timeline_sage_0339_191x1.png","0339","RITUAL","Daily ritual","Support the GLP-1 journey","timeline","sage","humanist","191x1","1200","628","facebook_right_column,audience_network","Simplicity is the feature.","60 capsules per bottle — a full month of mornings.","The daily step","Start with one month"
"LF1_RITUAL_timeline_sage_0339_1x1.png","0339","RITUAL","Daily ritual","Support the GLP-1 journey","timeline","sage","humanist","1x1","1080","1080","facebook_feed,instagram_feed","Simplicity is the feature.","60 capsules per bottle — a full month of mornings.","The daily step","Start with one month"
"LF1_RITUAL_timeline_sage_0339_4x5.png","0339","RITUAL","Daily ritual","Support the GLP-1 journey","timeline","sage","humanist","4x5","1080","1350","facebook_feed,instagram_feed","Simplicity is the feature.","60 capsules per bottle — a full month of mornings.","The daily step","Start with one month"
"LF1_RITUAL_timeline_sage_0339_9x16.png","0339","RITUAL","Daily ritual","Support the GLP-1 journey","timeline","sage","humanist","9x16","1080","1920","instagram_story,facebook_story,instagram_reels","Simplicity is the feature.","60 capsules per bottle — a full month of mornings.","The daily step","Start with one month"
"LF1_STAY_COURSE_bigType_bone_0138_191x1.png","0138","STAY_COURSE","Stay the course","Support the GLP-1 journey","bigType","bone","luxe","191x1","1200","628","facebook_right_column,audience_network","The long game needs a daily habit.","Support the routine you already committed to.","Stay on track","Read the label"
"LF1_STAY_COURSE_bigType_bone_0138_1x1.png","0138","STAY_COURSE","Stay the course","Support the GLP-1 journey","bigType","bone","luxe","1x1","1080","1080","facebook_feed,instagram_feed","The long game needs a daily habit.","Support the routine you already committed to.","Stay on track","Read the label"
"LF1_STAY_COURSE_bigType_bone_0138_4x5.png","0138","STAY_COURSE","Stay the course","Support the GLP-1 journey","bigType","bone","luxe","4x5","1080","1350","facebook_feed,instagram_feed","The long game needs a daily habit.","Support the routine you already committed to.","Stay on track","Read the label"
"LF1_STAY_COURSE_bigType_bone_0138_9x16.png","0138","STAY_COURSE","Stay the course","Support the GLP-1 journey","bigType","bone","luxe","9x16","1080","1920","instagram_story,facebook_story,instagram_reels","The long game needs a daily habit.","Support the routine you already committed to.","Stay on track","Read the label"
"LF1_STAY_COURSE_bigType_clay_0150_191x1.png","0150","STAY_COURSE","Stay the course","Support the GLP-1 journey","bigType","clay","luxe","191x1","1200","628","facebook_right_column,audience_network","Consistency, supported daily.","Made for the long middle of the journey.","Built for the long stretch","Learn more"
"LF1_STAY_COURSE_bigType_clay_0150_1x1.png","0150","STAY_COURSE","Stay the course","Support the GLP-1 journey","bigType","clay","luxe","1x1","1080","1080","facebook_feed,instagram_feed","Consistency, supported daily.","Made for the long middle of the journey.","Built for the long stretch","Learn more"
"LF1_STAY_COURSE_bigType_clay_0150_4x5.png","0150","STAY_COURSE","Stay the course","Support the GLP-1 journey","bigType","clay","luxe","4x5","1080","1350","facebook_feed,instagram_feed","Consistency, supported daily.","Made for the long middle of the journey.","Built for the long stretch","Learn more"
"LF1_STAY_COURSE_bigType_clay_0150_9x16.png","0150","STAY_COURSE","Stay the course","Support the GLP-1 journey","bigType","clay","luxe","9x16","1080","1920","instagram_story,facebook_story,instagram_reels","Consistency, supported daily.","Made for the long middle of the journey.","Built for the long stretch","Learn more"
"LF1_STAY_COURSE_bigType_clinical_0143_191x1.png","0143","STAY_COURSE","Stay the course","Support the GLP-1 journey","bigType","clinical","humanist","191x1","1200","628","facebook_right_column,audience_network","The reason people stop isn’t motivation.","Two capsules daily. 60 per bottle. One month at a time.","Stay on track","See what’s in it"
"LF1_STAY_COURSE_bigType_clinical_0143_1x1.png","0143","STAY_COURSE","Stay the course","Support the GLP-1 journey","bigType","clinical","humanist","1x1","1080","1080","facebook_feed,instagram_feed","The reason people stop isn’t motivation.","Two capsules daily. 60 per bottle. One month at a time.","Stay on track","See what’s in it"
"LF1_STAY_COURSE_bigType_clinical_0143_4x5.png","0143","STAY_COURSE","Stay the course","Support the GLP-1 journey","bigType","clinical","humanist","4x5","1080","1350","facebook_feed,instagram_feed","The reason people stop isn’t motivation.","Two capsules daily. 60 per bottle. One month at a time.","Stay on track","See what’s in it"
"LF1_STAY_COURSE_bigType_clinical_0143_9x16.png","0143","STAY_COURSE","Stay the course","Support the GLP-1 journey","bigType","clinical","humanist","9x16","1080","1920","instagram_story,facebook_story,instagram_reels","The reason people stop isn’t motivation.","Two capsules daily. 60 per bottle. One month at a time.","Stay on track","See what’s in it"
"LF1_STAY_COURSE_bigType_forest_0133_191x1.png","0133","STAY_COURSE","Stay the course","Support the GLP-1 journey","bigType","forest","impact","191x1","1200","628","facebook_right_column,audience_network","The plan works if you can stay on it.","Made for the long middle of the journey.","Built for the long stretch","Shop now"
"LF1_STAY_COURSE_bigType_forest_0133_1x1.png","0133","STAY_COURSE","Stay the course","Support the GLP-1 journey","bigType","forest","impact","1x1","1080","1080","facebook_feed,instagram_feed","The plan works if you can stay on it.","Made for the long middle of the journey.","Built for the long stretch","Shop now"
"LF1_STAY_COURSE_bigType_forest_0133_4x5.png","0133","STAY_COURSE","Stay the course","Support the GLP-1 journey","bigType","forest","impact","4x5","1080","1350","facebook_feed,instagram_feed","The plan works if you can stay on it.","Made for the long middle of the journey.","Built for the long stretch","Shop now"
"LF1_STAY_COURSE_bigType_forest_0133_9x16.png","0133","STAY_COURSE","Stay the course","Support the GLP-1 journey","bigType","forest","impact","9x16","1080","1920","instagram_story,facebook_story,instagram_reels","The plan works if you can stay on it.","Made for the long middle of the journey.","Built for the long stretch","Shop now"
"LF1_STAY_COURSE_bigType_mint_0164_191x1.png","0164","STAY_COURSE","Stay the course","Support the GLP-1 journey","bigType","mint","grotesk","191x1","1200","628","facebook_right_column,audience_network","Made for people who intend to finish.","Built for month four, not just week one.","Stay on track","Read the label"
"LF1_STAY_COURSE_bigType_mint_0164_1x1.png","0164","STAY_COURSE","Stay the course","Support the GLP-1 journey","bigType","mint","grotesk","1x1","1080","1080","facebook_feed,instagram_feed","Made for people who intend to finish.","Built for month four, not just week one.","Stay on track","Read the label"
"LF1_STAY_COURSE_bigType_mint_0164_4x5.png","0164","STAY_COURSE","Stay the course","Support the GLP-1 journey","bigType","mint","grotesk","4x5","1080","1350","facebook_feed,instagram_feed","Made for people who intend to finish.","Built for month four, not just week one.","Stay on track","Read the label"
"LF1_STAY_COURSE_bigType_mint_0164_9x16.png","0164","STAY_COURSE","Stay the course","Support the GLP-1 journey","bigType","mint","grotesk","9x16","1080","1920","instagram_story,facebook_story,instagram_reels","Made for people who intend to finish.","Built for month four, not just week one.","Stay on track","Read the label"
"LF1_STAY_COURSE_bigType_sage_0140_191x1.png","0140","STAY_COURSE","Stay the course","Support the GLP-1 journey","bigType","sage","grotesk","191x1","1200","628","facebook_right_column,audience_network","Your plan deserves a support plan.","Built for month four, not just week one.","Stay on track","Start with one month"
"LF1_STAY_COURSE_bigType_sage_0140_1x1.png","0140","STAY_COURSE","Stay the course","Support the GLP-1 journey","bigType","sage","grotesk","1x1","1080","1080","facebook_feed,instagram_feed","Your plan deserves a support plan.","Built for month four, not just week one.","Stay on track","Start with one month"
"LF1_STAY_COURSE_bigType_sage_0140_4x5.png","0140","STAY_COURSE","Stay the course","Support the GLP-1 journey","bigType","sage","grotesk","4x5","1080","1350","facebook_feed,instagram_feed","Your plan deserves a support plan.","Built for month four, not just week one.","Stay on track","Start with one month"
"LF1_STAY_COURSE_bigType_sage_0140_9x16.png","0140","STAY_COURSE","Stay the course","Support the GLP-1 journey","bigType","sage","grotesk","9x16","1080","1920","instagram_story,facebook_story,instagram_reels","Your plan deserves a support plan.","Built for month four, not just week one.","Stay on track","Start with one month"
"LF1_STAY_COURSE_boxFrame_clay_0151_191x1.png","0151","STAY_COURSE","Stay the course","Support the GLP-1 journey","boxFrame","clay","editorial","191x1","1200","628","facebook_right_column,audience_network","Still on your GLP-1? This is for you.","A companion for the whole course — not a replacement for it.","Month three and beyond","See what’s in it"
"LF1_STAY_COURSE_boxFrame_clay_0151_1x1.png","0151","STAY_COURSE","Stay the course","Support the GLP-1 journey","boxFrame","clay","editorial","1x1","1080","1080","facebook_feed,instagram_feed","Still on your GLP-1? This is for you.","A companion for the whole course — not a replacement for it.","Month three and beyond","See what’s in it"
"LF1_STAY_COURSE_boxFrame_clay_0151_4x5.png","0151","STAY_COURSE","Stay the course","Support the GLP-1 journey","boxFrame","clay","editorial","4x5","1080","1350","facebook_feed,instagram_feed","Still on your GLP-1? This is for you.","A companion for the whole course — not a replacement for it.","Month three and beyond","See what’s in it"
"LF1_STAY_COURSE_boxFrame_clay_0151_9x16.png","0151","STAY_COURSE","Stay the course","Support the GLP-1 journey","boxFrame","clay","editorial","9x16","1080","1920","instagram_story,facebook_story,instagram_reels","Still on your GLP-1? This is for you.","A companion for the whole course — not a replacement for it.","Month three and beyond","See what’s in it"
"LF1_STAY_COURSE_boxFrame_forest_0129_191x1.png","0129","STAY_COURSE","Stay the course","Support the GLP-1 journey","boxFrame","forest","impact","191x1","1200","628","facebook_right_column,audience_network","Built for the long stretch.","Support the routine you already committed to.","Month three and beyond","See what’s in it"
"LF1_STAY_COURSE_boxFrame_forest_0129_1x1.png","0129","STAY_COURSE","Stay the course","Support the GLP-1 journey","boxFrame","forest","impact","1x1","1080","1080","facebook_feed,instagram_feed","Built for the long stretch.","Support the routine you already committed to.","Month three and beyond","See what’s in it"
"LF1_STAY_COURSE_boxFrame_forest_0129_4x5.png","0129","STAY_COURSE","Stay the course","Support the GLP-1 journey","boxFrame","forest","impact","4x5","1080","1350","facebook_feed,instagram_feed","Built for the long stretch.","Support the routine you already committed to.","Month three and beyond","See what’s in it"
"LF1_STAY_COURSE_boxFrame_forest_0129_9x16.png","0129","STAY_COURSE","Stay the course","Support the GLP-1 journey","boxFrame","forest","impact","9x16","1080","1920","instagram_story,facebook_story,instagram_reels","Built for the long stretch.","Support the routine you already committed to.","Month three and beyond","See what’s in it"
"LF1_STAY_COURSE_boxFrame_forest_0131_191x1.png","0131","STAY_COURSE","Stay the course","Support the GLP-1 journey","boxFrame","forest","impact","191x1","1200","628","facebook_right_column,audience_network","Staying on track is the whole game.","LF-1 is daily digestive support designed for people staying on a GLP-1.","For the full course","View LF-1"
"LF1_STAY_COURSE_boxFrame_forest_0131_1x1.png","0131","STAY_COURSE","Stay the course","Support the GLP-1 journey","boxFrame","forest","impact","1x1","1080","1080","facebook_feed,instagram_feed","Staying on track is the whole game.","LF-1 is daily digestive support designed for people staying on a GLP-1.","For the full course","View LF-1"
"LF1_STAY_COURSE_boxFrame_forest_0131_4x5.png","0131","STAY_COURSE","Stay the course","Support the GLP-1 journey","boxFrame","forest","impact","4x5","1080","1350","facebook_feed,instagram_feed","Staying on track is the whole game.","LF-1 is daily digestive support designed for people staying on a GLP-1.","For the full course","View LF-1"
"LF1_STAY_COURSE_boxFrame_forest_0131_9x16.png","0131","STAY_COURSE","Stay the course","Support the GLP-1 journey","boxFrame","forest","impact","9x16","1080","1920","instagram_story,facebook_story,instagram_reels","Staying on track is the whole game.","LF-1 is daily digestive support designed for people staying on a GLP-1.","For the full course","View LF-1"
"LF1_STAY_COURSE_boxFrame_ink_0158_191x1.png","0158","STAY_COURSE","Stay the course","Support the GLP-1 journey","boxFrame","ink","impact","191x1","1200","628","facebook_right_column,audience_network","Month one is easy. LF-1 is for month four.","LF-1 is daily digestive support designed for people staying on a GLP-1.","For the full course","Learn more"
"LF1_STAY_COURSE_boxFrame_ink_0158_1x1.png","0158","STAY_COURSE","Stay the course","Support the GLP-1 journey","boxFrame","ink","impact","1x1","1080","1080","facebook_feed,instagram_feed","Month one is easy. LF-1 is for month four.","LF-1 is daily digestive support designed for people staying on a GLP-1.","For the full course","Learn more"
"LF1_STAY_COURSE_boxFrame_ink_0158_4x5.png","0158","STAY_COURSE","Stay the course","Support the GLP-1 journey","boxFrame","ink","impact","4x5","1080","1350","facebook_feed,instagram_feed","Month one is easy. LF-1 is for month four.","LF-1 is daily digestive support designed for people staying on a GLP-1.","For the full course","Learn more"
"LF1_STAY_COURSE_boxFrame_ink_0158_9x16.png","0158","STAY_COURSE","Stay the course","Support the GLP-1 journey","boxFrame","ink","impact","9x16","1080","1920","instagram_story,facebook_story,instagram_reels","Month one is easy. LF-1 is for month four.","LF-1 is daily digestive support designed for people staying on a GLP-1.","For the full course","Learn more"
"LF1_STAY_COURSE_boxFrame_sage_0162_191x1.png","0162","STAY_COURSE","Stay the course","Support the GLP-1 journey","boxFrame","sage","grotesk","191x1","1200","628","facebook_right_column,audience_network","Support the course you already committed to.","Built for month four, not just week one.","Built for the long stretch","See what’s in it"
"LF1_STAY_COURSE_boxFrame_sage_0162_1x1.png","0162","STAY_COURSE","Stay the course","Support the GLP-1 journey","boxFrame","sage","grotesk","1x1","1080","1080","facebook_feed,instagram_feed","Support the course you already committed to.","Built for month four, not just week one.","Built for the long stretch","See what’s in it"
"LF1_STAY_COURSE_boxFrame_sage_0162_4x5.png","0162","STAY_COURSE","Stay the course","Support the GLP-1 journey","boxFrame","sage","grotesk","4x5","1080","1350","facebook_feed,instagram_feed","Support the course you already committed to.","Built for month four, not just week one.","Built for the long stretch","See what’s in it"
"LF1_STAY_COURSE_boxFrame_sage_0162_9x16.png","0162","STAY_COURSE","Stay the course","Support the GLP-1 journey","boxFrame","sage","grotesk","9x16","1080","1920","instagram_story,facebook_story,instagram_reels","Support the course you already committed to.","Built for month four, not just week one.","Built for the long stretch","See what’s in it"
"LF1_STAY_COURSE_compare_sage_0128_191x1.png","0128","STAY_COURSE","Stay the course","Support the GLP-1 journey","compare","sage","grotesk","191x1","1200","628","facebook_right_column,audience_network","Month one is easy. LF-1 is for month four.","LF-1 is daily digestive support designed for people staying on a GLP-1.","Month three and beyond","Read the label"
"LF1_STAY_COURSE_compare_sage_0128_1x1.png","0128","STAY_COURSE","Stay the course","Support the GLP-1 journey","compare","sage","grotesk","1x1","1080","1080","facebook_feed,instagram_feed","Month one is easy. LF-1 is for month four.","LF-1 is daily digestive support designed for people staying on a GLP-1.","Month three and beyond","Read the label"
"LF1_STAY_COURSE_compare_sage_0128_4x5.png","0128","STAY_COURSE","Stay the course","Support the GLP-1 journey","compare","sage","grotesk","4x5","1080","1350","facebook_feed,instagram_feed","Month one is easy. LF-1 is for month four.","LF-1 is daily digestive support designed for people staying on a GLP-1.","Month three and beyond","Read the label"
"LF1_STAY_COURSE_compare_sage_0128_9x16.png","0128","STAY_COURSE","Stay the course","Support the GLP-1 journey","compare","sage","grotesk","9x16","1080","1920","instagram_story,facebook_story,instagram_reels","Month one is easy. LF-1 is for month four.","LF-1 is daily digestive support designed for people staying on a GLP-1.","Month three and beyond","Read the label"
"LF1_STAY_COURSE_compare_sand_0134_191x1.png","0134","STAY_COURSE","Stay the course","Support the GLP-1 journey","compare","sand","luxe","191x1","1200","628","facebook_right_column,audience_network","Made for people who intend to finish.","Made for the long middle of the journey.","Built for the long stretch","Read the label"
"LF1_STAY_COURSE_compare_sand_0134_1x1.png","0134","STAY_COURSE","Stay the course","Support the GLP-1 journey","compare","sand","luxe","1x1","1080","1080","facebook_feed,instagram_feed","Made for people who intend to finish.","Made for the long middle of the journey.","Built for the long stretch","Read the label"
"LF1_STAY_COURSE_compare_sand_0134_4x5.png","0134","STAY_COURSE","Stay the course","Support the GLP-1 journey","compare","sand","luxe","4x5","1080","1350","facebook_feed,instagram_feed","Made for people who intend to finish.","Made for the long middle of the journey.","Built for the long stretch","Read the label"
"LF1_STAY_COURSE_compare_sand_0134_9x16.png","0134","STAY_COURSE","Stay the course","Support the GLP-1 journey","compare","sand","luxe","9x16","1080","1920","instagram_story,facebook_story,instagram_reels","Made for people who intend to finish.","Made for the long middle of the journey.","Built for the long stretch","Read the label"
"LF1_STAY_COURSE_compare_sand_0137_191x1.png","0137","STAY_COURSE","Stay the course","Support the GLP-1 journey","compare","sand","editorial","191x1","1200","628","facebook_right_column,audience_network","For everyone still going.","LF-1 is daily digestive support designed for people staying on a GLP-1.","Month three and beyond","Get LF-1"
"LF1_STAY_COURSE_compare_sand_0137_1x1.png","0137","STAY_COURSE","Stay the course","Support the GLP-1 journey","compare","sand","editorial","1x1","1080","1080","facebook_feed,instagram_feed","For everyone still going.","LF-1 is daily digestive support designed for people staying on a GLP-1.","Month three and beyond","Get LF-1"
"LF1_STAY_COURSE_compare_sand_0137_4x5.png","0137","STAY_COURSE","Stay the course","Support the GLP-1 journey","compare","sand","editorial","4x5","1080","1350","facebook_feed,instagram_feed","For everyone still going.","LF-1 is daily digestive support designed for people staying on a GLP-1.","Month three and beyond","Get LF-1"
"LF1_STAY_COURSE_compare_sand_0137_9x16.png","0137","STAY_COURSE","Stay the course","Support the GLP-1 journey","compare","sand","editorial","9x16","1080","1920","instagram_story,facebook_story,instagram_reels","For everyone still going.","LF-1 is daily digestive support designed for people staying on a GLP-1.","Month three and beyond","Get LF-1"
"LF1_STAY_COURSE_faqCard_bone_0163_191x1.png","0163","STAY_COURSE","Stay the course","Support the GLP-1 journey","faqCard","bone","luxe","191x1","1200","628","facebook_right_column,audience_network","The plan works if you can stay on it.","Made for the long middle of the journey.","For the full course","Learn more"
"LF1_STAY_COURSE_faqCard_bone_0163_1x1.png","0163","STAY_COURSE","Stay the course","Support the GLP-1 journey","faqCard","bone","luxe","1x1","1080","1080","facebook_feed,instagram_feed","The plan works if you can stay on it.","Made for the long middle of the journey.","For the full course","Learn more"
"LF1_STAY_COURSE_faqCard_bone_0163_4x5.png","0163","STAY_COURSE","Stay the course","Support the GLP-1 journey","faqCard","bone","luxe","4x5","1080","1350","facebook_feed,instagram_feed","The plan works if you can stay on it.","Made for the long middle of the journey.","For the full course","Learn more"
"LF1_STAY_COURSE_faqCard_bone_0163_9x16.png","0163","STAY_COURSE","Stay the course","Support the GLP-1 journey","faqCard","bone","luxe","9x16","1080","1920","instagram_story,facebook_story,instagram_reels","The plan works if you can stay on it.","Made for the long middle of the journey.","For the full course","Learn more"
"LF1_STAY_COURSE_faqCard_forest_0146_191x1.png","0146","STAY_COURSE","Stay the course","Support the GLP-1 journey","faqCard","forest","editorial","191x1","1200","628","facebook_right_column,audience_network","Support now, so you don’t stop later.","LF-1 is daily digestive support designed for people staying on a GLP-1.","For the full course","View LF-1"
"LF1_STAY_COURSE_faqCard_forest_0146_1x1.png","0146","STAY_COURSE","Stay the course","Support the GLP-1 journey","faqCard","forest","editorial","1x1","1080","1080","facebook_feed,instagram_feed","Support now, so you don’t stop later.","LF-1 is daily digestive support designed for people staying on a GLP-1.","For the full course","View LF-1"
"LF1_STAY_COURSE_faqCard_forest_0146_4x5.png","0146","STAY_COURSE","Stay the course","Support the GLP-1 journey","faqCard","forest","editorial","4x5","1080","1350","facebook_feed,instagram_feed","Support now, so you don’t stop later.","LF-1 is daily digestive support designed for people staying on a GLP-1.","For the full course","View LF-1"
"LF1_STAY_COURSE_faqCard_forest_0146_9x16.png","0146","STAY_COURSE","Stay the course","Support the GLP-1 journey","faqCard","forest","editorial","9x16","1080","1920","instagram_story,facebook_story,instagram_reels","Support now, so you don’t stop later.","LF-1 is daily digestive support designed for people staying on a GLP-1.","For the full course","View LF-1"
"LF1_STAY_COURSE_indexCard_bone_0148_191x1.png","0148","STAY_COURSE","Stay the course","Support the GLP-1 journey","indexCard","bone","luxe","191x1","1200","628","facebook_right_column,audience_network","A daily habit for a long commitment.","Two capsules daily. 60 per bottle. One month at a time.","Month three and beyond","Explore LF-1"
"LF1_STAY_COURSE_indexCard_bone_0148_1x1.png","0148","STAY_COURSE","Stay the course","Support the GLP-1 journey","indexCard","bone","luxe","1x1","1080","1080","facebook_feed,instagram_feed","A daily habit for a long commitment.","Two capsules daily. 60 per bottle. One month at a time.","Month three and beyond","Explore LF-1"
"LF1_STAY_COURSE_indexCard_bone_0148_4x5.png","0148","STAY_COURSE","Stay the course","Support the GLP-1 journey","indexCard","bone","luxe","4x5","1080","1350","facebook_feed,instagram_feed","A daily habit for a long commitment.","Two capsules daily. 60 per bottle. One month at a time.","Month three and beyond","Explore LF-1"
"LF1_STAY_COURSE_indexCard_bone_0148_9x16.png","0148","STAY_COURSE","Stay the course","Support the GLP-1 journey","indexCard","bone","luxe","9x16","1080","1920","instagram_story,facebook_story,instagram_reels","A daily habit for a long commitment.","Two capsules daily. 60 per bottle. One month at a time.","Month three and beyond","Explore LF-1"
"LF1_STAY_COURSE_indexCard_clay_0141_191x1.png","0141","STAY_COURSE","Stay the course","Support the GLP-1 journey","indexCard","clay","luxe","191x1","1200","628","facebook_right_column,audience_network","Stay the course, feel the difference.","LF-1 is daily digestive support designed for people staying on a GLP-1.","For the full course","Explore LF-1"
"LF1_STAY_COURSE_indexCard_sand_0157_191x1.png","0157","STAY_COURSE","Stay the course","Support the GLP-1 journey","indexCard","sand","luxe","191x1","1200","628","facebook_right_column,audience_network","The goal is to stay on it.","Built for month four, not just week one.","Stay on track","View LF-1"
"LF1_STAY_COURSE_indexCard_sand_0157_1x1.png","0157","STAY_COURSE","Stay the course","Support the GLP-1 journey","indexCard","sand","luxe","1x1","1080","1080","facebook_feed,instagram_feed","The goal is to stay on it.","Built for month four, not just week one.","Stay on track","View LF-1"
"LF1_STAY_COURSE_indexCard_sand_0157_4x5.png","0157","STAY_COURSE","Stay the course","Support the GLP-1 journey","indexCard","sand","luxe","4x5","1080","1350","facebook_feed,instagram_feed","The goal is to stay on it.","Built for month four, not just week one.","Stay on track","View LF-1"
"LF1_STAY_COURSE_indexCard_sand_0157_9x16.png","0157","STAY_COURSE","Stay the course","Support the GLP-1 journey","indexCard","sand","luxe","9x16","1080","1920","instagram_story,facebook_story,instagram_reels","The goal is to stay on it.","Built for month four, not just week one.","Stay on track","View LF-1"
"LF1_STAY_COURSE_marquee_bone_0160_1x1.png","0160","STAY_COURSE","Stay the course","Support the GLP-1 journey","marquee","bone","editorial","1x1","1080","1080","facebook_feed,instagram_feed","Most people stop for reasons nobody talks about.","LF-1 is daily digestive support designed for people staying on a GLP-1.","Stay on track","Get LF-1"
"LF1_STAY_COURSE_marquee_bone_0160_4x5.png","0160","STAY_COURSE","Stay the course","Support the GLP-1 journey","marquee","bone","editorial","4x5","1080","1350","facebook_feed,instagram_feed","Most people stop for reasons nobody talks about.","LF-1 is daily digestive support designed for people staying on a GLP-1.","Stay on track","Get LF-1"
"LF1_STAY_COURSE_marquee_bone_0160_9x16.png","0160","STAY_COURSE","Stay the course","Support the GLP-1 journey","marquee","bone","editorial","9x16","1080","1920","instagram_story,facebook_story,instagram_reels","Most people stop for reasons nobody talks about.","LF-1 is daily digestive support designed for people staying on a GLP-1.","Stay on track","Get LF-1"
"LF1_STAY_COURSE_marquee_ink_0127_1x1.png","0127","STAY_COURSE","Stay the course","Support the GLP-1 journey","marquee","ink","grotesk","1x1","1080","1080","facebook_feed,instagram_feed","The goal is to stay on it.","Built for month four, not just week one.","For the full course","Shop now"
"LF1_STAY_COURSE_marquee_ink_0127_4x5.png","0127","STAY_COURSE","Stay the course","Support the GLP-1 journey","marquee","ink","grotesk","4x5","1080","1350","facebook_feed,instagram_feed","The goal is to stay on it.","Built for month four, not just week one.","For the full course","Shop now"
"LF1_STAY_COURSE_marquee_ink_0127_9x16.png","0127","STAY_COURSE","Stay the course","Support the GLP-1 journey","marquee","ink","grotesk","9x16","1080","1920","instagram_story,facebook_story,instagram_reels","The goal is to stay on it.","Built for month four, not just week one.","For the full course","Shop now"
"LF1_STAY_COURSE_marquee_sand_0153_1x1.png","0153","STAY_COURSE","Stay the course","Support the GLP-1 journey","marquee","sand","editorial","1x1","1080","1080","facebook_feed,instagram_feed","For the long, unglamorous middle.","LF-1 is daily digestive support designed for people staying on a GLP-1.","Month three and beyond","Shop LF-1"
"LF1_STAY_COURSE_marquee_sand_0153_4x5.png","0153","STAY_COURSE","Stay the course","Support the GLP-1 journey","marquee","sand","editorial","4x5","1080","1350","facebook_feed,instagram_feed","For the long, unglamorous middle.","LF-1 is daily digestive support designed for people staying on a GLP-1.","Month three and beyond","Shop LF-1"
"LF1_STAY_COURSE_marquee_sand_0153_9x16.png","0153","STAY_COURSE","Stay the course","Support the GLP-1 journey","marquee","sand","editorial","9x16","1080","1920","instagram_story,facebook_story,instagram_reels","For the long, unglamorous middle.","LF-1 is daily digestive support designed for people staying on a GLP-1.","Month three and beyond","Shop LF-1"
"LF1_STAY_COURSE_notesApp_clay_0141_1x1.png","0141","STAY_COURSE","Stay the course","Support the GLP-1 journey","notesApp","clay","luxe","1x1","1080","1080","facebook_feed,instagram_feed","Stay the course, feel the difference.","LF-1 is daily digestive support designed for people staying on a GLP-1.","For the full course","Explore LF-1"
"LF1_STAY_COURSE_notesApp_clay_0141_4x5.png","0141","STAY_COURSE","Stay the course","Support the GLP-1 journey","notesApp","clay","luxe","4x5","1080","1350","facebook_feed,instagram_feed","Stay the course, feel the difference.","LF-1 is daily digestive support designed for people staying on a GLP-1.","For the full course","Explore LF-1"
"LF1_STAY_COURSE_notesApp_clay_0141_9x16.png","0141","STAY_COURSE","Stay the course","Support the GLP-1 journey","notesApp","clay","luxe","9x16","1080","1920","instagram_story,facebook_story,instagram_reels","Stay the course, feel the difference.","LF-1 is daily digestive support designed for people staying on a GLP-1.","For the full course","Explore LF-1"
"LF1_STAY_COURSE_numberedSteps_forest_0126_191x1.png","0126","STAY_COURSE","Stay the course","Support the GLP-1 journey","numberedSteps","forest","luxe","191x1","1200","628","facebook_right_column,audience_network","Don’t quit the plan. Support it.","LF-1 is daily digestive support designed for people staying on a GLP-1.","For the full course","Read the label"
"LF1_STAY_COURSE_numberedSteps_forest_0126_1x1.png","0126","STAY_COURSE","Stay the course","Support the GLP-1 journey","numberedSteps","forest","luxe","1x1","1080","1080","facebook_feed,instagram_feed","Don’t quit the plan. Support it.","LF-1 is daily digestive support designed for people staying on a GLP-1.","For the full course","Read the label"
"LF1_STAY_COURSE_numberedSteps_forest_0126_4x5.png","0126","STAY_COURSE","Stay the course","Support the GLP-1 journey","numberedSteps","forest","luxe","4x5","1080","1350","facebook_feed,instagram_feed","Don’t quit the plan. Support it.","LF-1 is daily digestive support designed for people staying on a GLP-1.","For the full course","Read the label"
"LF1_STAY_COURSE_numberedSteps_forest_0126_9x16.png","0126","STAY_COURSE","Stay the course","Support the GLP-1 journey","numberedSteps","forest","luxe","9x16","1080","1920","instagram_story,facebook_story,instagram_reels","Don’t quit the plan. Support it.","LF-1 is daily digestive support designed for people staying on a GLP-1.","For the full course","Read the label"
"LF1_STAY_COURSE_numberedSteps_forest_0139_191x1.png","0139","STAY_COURSE","Stay the course","Support the GLP-1 journey","numberedSteps","forest","luxe","191x1","1200","628","facebook_right_column,audience_network","Keep going. Comfortably.","A companion for the whole course — not a replacement for it.","For the full course","See what’s in it"
"LF1_STAY_COURSE_numberedSteps_forest_0139_1x1.png","0139","STAY_COURSE","Stay the course","Support the GLP-1 journey","numberedSteps","forest","luxe","1x1","1080","1080","facebook_feed,instagram_feed","Keep going. Comfortably.","A companion for the whole course — not a replacement for it.","For the full course","See what’s in it"
"LF1_STAY_COURSE_numberedSteps_forest_0139_4x5.png","0139","STAY_COURSE","Stay the course","Support the GLP-1 journey","numberedSteps","forest","luxe","4x5","1080","1350","facebook_feed,instagram_feed","Keep going. Comfortably.","A companion for the whole course — not a replacement for it.","For the full course","See what’s in it"
"LF1_STAY_COURSE_numberedSteps_forest_0139_9x16.png","0139","STAY_COURSE","Stay the course","Support the GLP-1 journey","numberedSteps","forest","luxe","9x16","1080","1920","instagram_story,facebook_story,instagram_reels","Keep going. Comfortably.","A companion for the whole course — not a replacement for it.","For the full course","See what’s in it"
"LF1_STAY_COURSE_numberedSteps_forest_0149_191x1.png","0149","STAY_COURSE","Stay the course","Support the GLP-1 journey","numberedSteps","forest","luxe","191x1","1200","628","facebook_right_column,audience_network","The journey is longer than the hype.","Made for the long middle of the journey.","For the full course","Shop LF-1"
"LF1_STAY_COURSE_numberedSteps_forest_0149_1x1.png","0149","STAY_COURSE","Stay the course","Support the GLP-1 journey","numberedSteps","forest","luxe","1x1","1080","1080","facebook_feed,instagram_feed","The journey is longer than the hype.","Made for the long middle of the journey.","For the full course","Shop LF-1"
"LF1_STAY_COURSE_numberedSteps_forest_0149_4x5.png","0149","STAY_COURSE","Stay the course","Support the GLP-1 journey","numberedSteps","forest","luxe","4x5","1080","1350","facebook_feed,instagram_feed","The journey is longer than the hype.","Made for the long middle of the journey.","For the full course","Shop LF-1"
"LF1_STAY_COURSE_numberedSteps_forest_0149_9x16.png","0149","STAY_COURSE","Stay the course","Support the GLP-1 journey","numberedSteps","forest","luxe","9x16","1080","1920","instagram_story,facebook_story,instagram_reels","The journey is longer than the hype.","Made for the long middle of the journey.","For the full course","Shop LF-1"
"LF1_STAY_COURSE_numberedSteps_ink_0135_191x1.png","0135","STAY_COURSE","Stay the course","Support the GLP-1 journey","numberedSteps","ink","impact","191x1","1200","628","facebook_right_column,audience_network","Consistency needs support too.","Two capsules daily. 60 per bottle. One month at a time.","Stay on track","Shop LF-1"
"LF1_STAY_COURSE_numberedSteps_ink_0135_1x1.png","0135","STAY_COURSE","Stay the course","Support the GLP-1 journey","numberedSteps","ink","impact","1x1","1080","1080","facebook_feed,instagram_feed","Consistency needs support too.","Two capsules daily. 60 per bottle. One month at a time.","Stay on track","Shop LF-1"
"LF1_STAY_COURSE_numberedSteps_ink_0135_4x5.png","0135","STAY_COURSE","Stay the course","Support the GLP-1 journey","numberedSteps","ink","impact","4x5","1080","1350","facebook_feed,instagram_feed","Consistency needs support too.","Two capsules daily. 60 per bottle. One month at a time.","Stay on track","Shop LF-1"
"LF1_STAY_COURSE_numberedSteps_ink_0135_9x16.png","0135","STAY_COURSE","Stay the course","Support the GLP-1 journey","numberedSteps","ink","impact","9x16","1080","1920","instagram_story,facebook_story,instagram_reels","Consistency needs support too.","Two capsules daily. 60 per bottle. One month at a time.","Stay on track","Shop LF-1"
"LF1_STAY_COURSE_numberedSteps_mint_0159_191x1.png","0159","STAY_COURSE","Stay the course","Support the GLP-1 journey","numberedSteps","mint","grotesk","191x1","1200","628","facebook_right_column,audience_network","Built for the long stretch.","Built for month four, not just week one.","Built for the long stretch","See what’s in it"
"LF1_STAY_COURSE_numberedSteps_mint_0159_1x1.png","0159","STAY_COURSE","Stay the course","Support the GLP-1 journey","numberedSteps","mint","grotesk","1x1","1080","1080","facebook_feed,instagram_feed","Built for the long stretch.","Built for month four, not just week one.","Built for the long stretch","See what’s in it"
"LF1_STAY_COURSE_numberedSteps_mint_0159_4x5.png","0159","STAY_COURSE","Stay the course","Support the GLP-1 journey","numberedSteps","mint","grotesk","4x5","1080","1350","facebook_feed,instagram_feed","Built for the long stretch.","Built for month four, not just week one.","Built for the long stretch","See what’s in it"
"LF1_STAY_COURSE_numberedSteps_mint_0159_9x16.png","0159","STAY_COURSE","Stay the course","Support the GLP-1 journey","numberedSteps","mint","grotesk","9x16","1080","1920","instagram_story,facebook_story,instagram_reels","Built for the long stretch.","Built for month four, not just week one.","Built for the long stretch","See what’s in it"
"LF1_STAY_COURSE_numberedSteps_sage_0152_191x1.png","0152","STAY_COURSE","Stay the course","Support the GLP-1 journey","numberedSteps","sage","humanist","191x1","1200","628","facebook_right_column,audience_network","Keep the routine. Add the support.","Support the routine you already committed to.","Built for the long stretch","Read the label"
"LF1_STAY_COURSE_numberedSteps_sage_0152_1x1.png","0152","STAY_COURSE","Stay the course","Support the GLP-1 journey","numberedSteps","sage","humanist","1x1","1080","1080","facebook_feed,instagram_feed","Keep the routine. Add the support.","Support the routine you already committed to.","Built for the long stretch","Read the label"
"LF1_STAY_COURSE_numberedSteps_sage_0152_4x5.png","0152","STAY_COURSE","Stay the course","Support the GLP-1 journey","numberedSteps","sage","humanist","4x5","1080","1350","facebook_feed,instagram_feed","Keep the routine. Add the support.","Support the routine you already committed to.","Built for the long stretch","Read the label"
"LF1_STAY_COURSE_numberedSteps_sage_0152_9x16.png","0152","STAY_COURSE","Stay the course","Support the GLP-1 journey","numberedSteps","sage","humanist","9x16","1080","1920","instagram_story,facebook_story,instagram_reels","Keep the routine. Add the support.","Support the routine you already committed to.","Built for the long stretch","Read the label"
"LF1_STAY_COURSE_productSlot_mint_0130_191x1.png","0130","STAY_COURSE","Stay the course","Support the GLP-1 journey","productSlot","mint","grotesk","191x1","1200","628","facebook_right_column,audience_network","Most people stop for reasons nobody talks about.","LF-1 is daily digestive support designed for people staying on a GLP-1.","For the full course","Shop LF-1"
"LF1_STAY_COURSE_productSlot_mint_0130_1x1.png","0130","STAY_COURSE","Stay the course","Support the GLP-1 journey","productSlot","mint","grotesk","1x1","1080","1080","facebook_feed,instagram_feed","Most people stop for reasons nobody talks about.","LF-1 is daily digestive support designed for people staying on a GLP-1.","For the full course","Shop LF-1"
"LF1_STAY_COURSE_productSlot_mint_0130_4x5.png","0130","STAY_COURSE","Stay the course","Support the GLP-1 journey","productSlot","mint","grotesk","4x5","1080","1350","facebook_feed,instagram_feed","Most people stop for reasons nobody talks about.","LF-1 is daily digestive support designed for people staying on a GLP-1.","For the full course","Shop LF-1"
"LF1_STAY_COURSE_productSlot_mint_0130_9x16.png","0130","STAY_COURSE","Stay the course","Support the GLP-1 journey","productSlot","mint","grotesk","9x16","1080","1920","instagram_story,facebook_story,instagram_reels","Most people stop for reasons nobody talks about.","LF-1 is daily digestive support designed for people staying on a GLP-1.","For the full course","Shop LF-1"
"LF1_STAY_COURSE_quoteCard_bone_0154_191x1.png","0154","STAY_COURSE","Stay the course","Support the GLP-1 journey","quoteCard","bone","editorial","191x1","1200","628","facebook_right_column,audience_network","Built for people who don’t quit.","Two capsules daily. 60 per bottle. One month at a time.","Built for the long stretch","See what’s in it"
"LF1_STAY_COURSE_quoteCard_bone_0154_1x1.png","0154","STAY_COURSE","Stay the course","Support the GLP-1 journey","quoteCard","bone","editorial","1x1","1080","1080","facebook_feed,instagram_feed","Built for people who don’t quit.","Two capsules daily. 60 per bottle. One month at a time.","Built for the long stretch","See what’s in it"
"LF1_STAY_COURSE_quoteCard_bone_0154_4x5.png","0154","STAY_COURSE","Stay the course","Support the GLP-1 journey","quoteCard","bone","editorial","4x5","1080","1350","facebook_feed,instagram_feed","Built for people who don’t quit.","Two capsules daily. 60 per bottle. One month at a time.","Built for the long stretch","See what’s in it"
"LF1_STAY_COURSE_quoteCard_bone_0154_9x16.png","0154","STAY_COURSE","Stay the course","Support the GLP-1 journey","quoteCard","bone","editorial","9x16","1080","1920","instagram_story,facebook_story,instagram_reels","Built for people who don’t quit.","Two capsules daily. 60 per bottle. One month at a time.","Built for the long stretch","See what’s in it"
"LF1_STAY_COURSE_quoteCard_clay_0156_191x1.png","0156","STAY_COURSE","Stay the course","Support the GLP-1 journey","quoteCard","clay","luxe","191x1","1200","628","facebook_right_column,audience_network","Don’t quit the plan. Support it.","LF-1 is daily digestive support designed for people staying on a GLP-1.","Month three and beyond","View LF-1"
"LF1_STAY_COURSE_quoteCard_clay_0156_1x1.png","0156","STAY_COURSE","Stay the course","Support the GLP-1 journey","quoteCard","clay","luxe","1x1","1080","1080","facebook_feed,instagram_feed","Don’t quit the plan. Support it.","LF-1 is daily digestive support designed for people staying on a GLP-1.","Month three and beyond","View LF-1"
"LF1_STAY_COURSE_quoteCard_clay_0156_4x5.png","0156","STAY_COURSE","Stay the course","Support the GLP-1 journey","quoteCard","clay","luxe","4x5","1080","1350","facebook_feed,instagram_feed","Don’t quit the plan. Support it.","LF-1 is daily digestive support designed for people staying on a GLP-1.","Month three and beyond","View LF-1"
"LF1_STAY_COURSE_quoteCard_clay_0156_9x16.png","0156","STAY_COURSE","Stay the course","Support the GLP-1 journey","quoteCard","clay","luxe","9x16","1080","1920","instagram_story,facebook_story,instagram_reels","Don’t quit the plan. Support it.","LF-1 is daily digestive support designed for people staying on a GLP-1.","Month three and beyond","View LF-1"
"LF1_STAY_COURSE_quoteCard_mint_0144_191x1.png","0144","STAY_COURSE","Stay the course","Support the GLP-1 journey","quoteCard","mint","grotesk","191x1","1200","628","facebook_right_column,audience_network","Finish what you started.","Two capsules daily. 60 per bottle. One month at a time.","For the full course","Shop LF-1"
"LF1_STAY_COURSE_quoteCard_mint_0144_1x1.png","0144","STAY_COURSE","Stay the course","Support the GLP-1 journey","quoteCard","mint","grotesk","1x1","1080","1080","facebook_feed,instagram_feed","Finish what you started.","Two capsules daily. 60 per bottle. One month at a time.","For the full course","Shop LF-1"
"LF1_STAY_COURSE_quoteCard_mint_0144_4x5.png","0144","STAY_COURSE","Stay the course","Support the GLP-1 journey","quoteCard","mint","grotesk","4x5","1080","1350","facebook_feed,instagram_feed","Finish what you started.","Two capsules daily. 60 per bottle. One month at a time.","For the full course","Shop LF-1"
"LF1_STAY_COURSE_quoteCard_mint_0144_9x16.png","0144","STAY_COURSE","Stay the course","Support the GLP-1 journey","quoteCard","mint","grotesk","9x16","1080","1920","instagram_story,facebook_story,instagram_reels","Finish what you started.","Two capsules daily. 60 per bottle. One month at a time.","For the full course","Shop LF-1"
"LF1_STAY_COURSE_quoteCard_sage_0132_191x1.png","0132","STAY_COURSE","Stay the course","Support the GLP-1 journey","quoteCard","sage","grotesk","191x1","1200","628","facebook_right_column,audience_network","Support the course you already committed to.","LF-1 is daily digestive support designed for people staying on a GLP-1.","Stay on track","Explore LF-1"
"LF1_STAY_COURSE_quoteCard_sage_0132_1x1.png","0132","STAY_COURSE","Stay the course","Support the GLP-1 journey","quoteCard","sage","grotesk","1x1","1080","1080","facebook_feed,instagram_feed","Support the course you already committed to.","LF-1 is daily digestive support designed for people staying on a GLP-1.","Stay on track","Explore LF-1"
"LF1_STAY_COURSE_quoteCard_sage_0132_4x5.png","0132","STAY_COURSE","Stay the course","Support the GLP-1 journey","quoteCard","sage","grotesk","4x5","1080","1350","facebook_feed,instagram_feed","Support the course you already committed to.","LF-1 is daily digestive support designed for people staying on a GLP-1.","Stay on track","Explore LF-1"
"LF1_STAY_COURSE_quoteCard_sage_0132_9x16.png","0132","STAY_COURSE","Stay the course","Support the GLP-1 journey","quoteCard","sage","grotesk","9x16","1080","1920","instagram_story,facebook_story,instagram_reels","Support the course you already committed to.","LF-1 is daily digestive support designed for people staying on a GLP-1.","Stay on track","Explore LF-1"
"LF1_STAY_COURSE_quoteCard_sage_0165_191x1.png","0165","STAY_COURSE","Stay the course","Support the GLP-1 journey","quoteCard","sage","humanist","191x1","1200","628","facebook_right_column,audience_network","Consistency needs support too.","Support the routine you already committed to.","For the full course","Read the label"
"LF1_STAY_COURSE_quoteCard_sage_0165_1x1.png","0165","STAY_COURSE","Stay the course","Support the GLP-1 journey","quoteCard","sage","humanist","1x1","1080","1080","facebook_feed,instagram_feed","Consistency needs support too.","Support the routine you already committed to.","For the full course","Read the label"
"LF1_STAY_COURSE_quoteCard_sage_0165_4x5.png","0165","STAY_COURSE","Stay the course","Support the GLP-1 journey","quoteCard","sage","humanist","4x5","1080","1350","facebook_feed,instagram_feed","Consistency needs support too.","Support the routine you already committed to.","For the full course","Read the label"
"LF1_STAY_COURSE_quoteCard_sage_0165_9x16.png","0165","STAY_COURSE","Stay the course","Support the GLP-1 journey","quoteCard","sage","humanist","9x16","1080","1920","instagram_story,facebook_story,instagram_reels","Consistency needs support too.","Support the routine you already committed to.","For the full course","Read the label"
"LF1_STAY_COURSE_quoteCard_sand_0155_191x1.png","0155","STAY_COURSE","Stay the course","Support the GLP-1 journey","quoteCard","sand","editorial","191x1","1200","628","facebook_right_column,audience_network","Stay on. Feel steadier.","Made for the long middle of the journey.","For the full course","Shop now"
"LF1_STAY_COURSE_quoteCard_sand_0155_1x1.png","0155","STAY_COURSE","Stay the course","Support the GLP-1 journey","quoteCard","sand","editorial","1x1","1080","1080","facebook_feed,instagram_feed","Stay on. Feel steadier.","Made for the long middle of the journey.","For the full course","Shop now"
"LF1_STAY_COURSE_quoteCard_sand_0155_4x5.png","0155","STAY_COURSE","Stay the course","Support the GLP-1 journey","quoteCard","sand","editorial","4x5","1080","1350","facebook_feed,instagram_feed","Stay on. Feel steadier.","Made for the long middle of the journey.","For the full course","Shop now"
"LF1_STAY_COURSE_quoteCard_sand_0155_9x16.png","0155","STAY_COURSE","Stay the course","Support the GLP-1 journey","quoteCard","sand","editorial","9x16","1080","1920","instagram_story,facebook_story,instagram_reels","Stay on. Feel steadier.","Made for the long middle of the journey.","For the full course","Shop now"
"LF1_STAY_COURSE_ruleStack_clay_0136_191x1.png","0136","STAY_COURSE","Stay the course","Support the GLP-1 journey","ruleStack","clay","editorial","191x1","1200","628","facebook_right_column,audience_network","Week 1 motivation. Month 6 support.","LF-1 is daily digestive support designed for people staying on a GLP-1.","Built for the long stretch","See the formula"
"LF1_STAY_COURSE_ruleStack_clay_0136_1x1.png","0136","STAY_COURSE","Stay the course","Support the GLP-1 journey","ruleStack","clay","editorial","1x1","1080","1080","facebook_feed,instagram_feed","Week 1 motivation. Month 6 support.","LF-1 is daily digestive support designed for people staying on a GLP-1.","Built for the long stretch","See the formula"
"LF1_STAY_COURSE_ruleStack_clay_0136_4x5.png","0136","STAY_COURSE","Stay the course","Support the GLP-1 journey","ruleStack","clay","editorial","4x5","1080","1350","facebook_feed,instagram_feed","Week 1 motivation. Month 6 support.","LF-1 is daily digestive support designed for people staying on a GLP-1.","Built for the long stretch","See the formula"
"LF1_STAY_COURSE_ruleStack_clay_0136_9x16.png","0136","STAY_COURSE","Stay the course","Support the GLP-1 journey","ruleStack","clay","editorial","9x16","1080","1920","instagram_story,facebook_story,instagram_reels","Week 1 motivation. Month 6 support.","LF-1 is daily digestive support designed for people staying on a GLP-1.","Built for the long stretch","See the formula"
"LF1_STAY_COURSE_splitPanel_bone_0160_191x1.png","0160","STAY_COURSE","Stay the course","Support the GLP-1 journey","splitPanel","bone","editorial","191x1","1200","628","facebook_right_column,audience_network","Most people stop for reasons nobody talks about.","LF-1 is daily digestive support designed for people staying on a GLP-1.","Stay on track","Get LF-1"
"LF1_STAY_COURSE_splitPanel_clay_0147_191x1.png","0147","STAY_COURSE","Stay the course","Support the GLP-1 journey","splitPanel","clay","editorial","191x1","1200","628","facebook_right_column,audience_network","Make month six as easy as month one.","A companion for the whole course — not a replacement for it.","Month three and beyond","See the formula"
"LF1_STAY_COURSE_splitPanel_clay_0147_1x1.png","0147","STAY_COURSE","Stay the course","Support the GLP-1 journey","splitPanel","clay","editorial","1x1","1080","1080","facebook_feed,instagram_feed","Make month six as easy as month one.","A companion for the whole course — not a replacement for it.","Month three and beyond","See the formula"
"LF1_STAY_COURSE_splitPanel_clay_0147_4x5.png","0147","STAY_COURSE","Stay the course","Support the GLP-1 journey","splitPanel","clay","editorial","4x5","1080","1350","facebook_feed,instagram_feed","Make month six as easy as month one.","A companion for the whole course — not a replacement for it.","Month three and beyond","See the formula"
"LF1_STAY_COURSE_splitPanel_clay_0147_9x16.png","0147","STAY_COURSE","Stay the course","Support the GLP-1 journey","splitPanel","clay","editorial","9x16","1080","1920","instagram_story,facebook_story,instagram_reels","Make month six as easy as month one.","A companion for the whole course — not a replacement for it.","Month three and beyond","See the formula"
"LF1_STAY_COURSE_splitPanel_ink_0127_191x1.png","0127","STAY_COURSE","Stay the course","Support the GLP-1 journey","splitPanel","ink","grotesk","191x1","1200","628","facebook_right_column,audience_network","The goal is to stay on it.","Built for month four, not just week one.","For the full course","Shop now"
"LF1_STAY_COURSE_splitPanel_sage_0142_191x1.png","0142","STAY_COURSE","Stay the course","Support the GLP-1 journey","splitPanel","sage","humanist","191x1","1200","628","facebook_right_column,audience_network","Built for the months, not the moment.","Support the routine you already committed to.","For the full course","Shop LF-1"
"LF1_STAY_COURSE_splitPanel_sage_0142_1x1.png","0142","STAY_COURSE","Stay the course","Support the GLP-1 journey","splitPanel","sage","humanist","1x1","1080","1080","facebook_feed,instagram_feed","Built for the months, not the moment.","Support the routine you already committed to.","For the full course","Shop LF-1"
"LF1_STAY_COURSE_splitPanel_sage_0142_4x5.png","0142","STAY_COURSE","Stay the course","Support the GLP-1 journey","splitPanel","sage","humanist","4x5","1080","1350","facebook_feed,instagram_feed","Built for the months, not the moment.","Support the routine you already committed to.","For the full course","Shop LF-1"
"LF1_STAY_COURSE_splitPanel_sage_0142_9x16.png","0142","STAY_COURSE","Stay the course","Support the GLP-1 journey","splitPanel","sage","humanist","9x16","1080","1920","instagram_story,facebook_story,instagram_reels","Built for the months, not the moment.","Support the routine you already committed to.","For the full course","Shop LF-1"
"LF1_STAY_COURSE_splitPanel_sand_0153_191x1.png","0153","STAY_COURSE","Stay the course","Support the GLP-1 journey","splitPanel","sand","editorial","191x1","1200","628","facebook_right_column,audience_network","For the long, unglamorous middle.","LF-1 is daily digestive support designed for people staying on a GLP-1.","Month three and beyond","Shop LF-1"
"LF1_STAY_COURSE_stickyNote_ink_0145_191x1.png","0145","STAY_COURSE","Stay the course","Support the GLP-1 journey","stickyNote","ink","impact","191x1","1200","628","facebook_right_column,audience_network","Designed for the people still on it.","Built for month four, not just week one.","Built for the long stretch","Explore LF-1"
"LF1_STAY_COURSE_stickyNote_ink_0145_1x1.png","0145","STAY_COURSE","Stay the course","Support the GLP-1 journey","stickyNote","ink","impact","1x1","1080","1080","facebook_feed,instagram_feed","Designed for the people still on it.","Built for month four, not just week one.","Built for the long stretch","Explore LF-1"
"LF1_STAY_COURSE_stickyNote_ink_0145_4x5.png","0145","STAY_COURSE","Stay the course","Support the GLP-1 journey","stickyNote","ink","impact","4x5","1080","1350","facebook_feed,instagram_feed","Designed for the people still on it.","Built for month four, not just week one.","Built for the long stretch","Explore LF-1"
"LF1_STAY_COURSE_stickyNote_ink_0145_9x16.png","0145","STAY_COURSE","Stay the course","Support the GLP-1 journey","stickyNote","ink","impact","9x16","1080","1920","instagram_story,facebook_story,instagram_reels","Designed for the people still on it.","Built for month four, not just week one.","Built for the long stretch","Explore LF-1"
"LF1_STAY_COURSE_timeline_sand_0161_191x1.png","0161","STAY_COURSE","Stay the course","Support the GLP-1 journey","timeline","sand","editorial","191x1","1200","628","facebook_right_column,audience_network","Staying on track is the whole game.","Support the routine you already committed to.","For the full course","See the formula"
"LF1_STAY_COURSE_timeline_sand_0161_1x1.png","0161","STAY_COURSE","Stay the course","Support the GLP-1 journey","timeline","sand","editorial","1x1","1080","1080","facebook_feed,instagram_feed","Staying on track is the whole game.","Support the routine you already committed to.","For the full course","See the formula"
"LF1_STAY_COURSE_timeline_sand_0161_4x5.png","0161","STAY_COURSE","Stay the course","Support the GLP-1 journey","timeline","sand","editorial","4x5","1080","1350","facebook_feed,instagram_feed","Staying on track is the whole game.","Support the routine you already committed to.","For the full course","See the formula"
"LF1_STAY_COURSE_timeline_sand_0161_9x16.png","0161","STAY_COURSE","Stay the course","Support the GLP-1 journey","timeline","sand","editorial","9x16","1080","1920","instagram_story,facebook_story,instagram_reels","Staying on track is the whole game.","Support the routine you already committed to.","For the full course","See the formula"